"Componenet","Tool","Image","CVE","Severity","Package","Affected Version","Fix Version","Summary"
"qubership-logging-operator","grype","docker.io/alpine:3.21.3","CVE-2025-15467","Critical","libcrypto3","3.3.3-r0","3.3.6-r0","A critical vulnerability in apk package: libcrypto3, version 3.3.3-r0 was found in image docker.io/alpine:3.21.3 at: /lib/apk/db/installed"
"qubership-logging-operator","grype","docker.io/alpine:3.21.3","CVE-2025-15467","Critical","libssl3","3.3.3-r0","3.3.6-r0","A critical vulnerability in apk package: libssl3, version 3.3.3-r0 was found in image docker.io/alpine:3.21.3 at: /lib/apk/db/installed"
"qubership-logging-operator","grype","docker.io/alpine:3.21.3","CVE-2026-22796","Medium","libcrypto3","3.3.3-r0","3.3.6-r0","A medium vulnerability in apk package: libcrypto3, version 3.3.3-r0 was found in image docker.io/alpine:3.21.3 at: /lib/apk/db/installed"
"qubership-logging-operator","grype","docker.io/alpine:3.21.3","CVE-2026-22796","Medium","libssl3","3.3.3-r0","3.3.6-r0","A medium vulnerability in apk package: libssl3, version 3.3.3-r0 was found in image docker.io/alpine:3.21.3 at: /lib/apk/db/installed"
"qubership-logging-operator","grype","docker.io/alpine:3.21.3","CVE-2025-60876","Medium","busybox","1.37.0-r12","","A medium vulnerability in apk package: busybox, version 1.37.0-r12 was found in image docker.io/alpine:3.21.3 at: /lib/apk/db/installed"
"qubership-logging-operator","grype","docker.io/alpine:3.21.3","CVE-2025-60876","Medium","busybox-binsh","1.37.0-r12","","A medium vulnerability in apk package: busybox-binsh, version 1.37.0-r12 was found in image docker.io/alpine:3.21.3 at: /lib/apk/db/installed"
"qubership-logging-operator","grype","docker.io/alpine:3.21.3","CVE-2025-60876","Medium","ssl_client","1.37.0-r12","","A medium vulnerability in apk package: ssl_client, version 1.37.0-r12 was found in image docker.io/alpine:3.21.3 at: /lib/apk/db/installed"
"qubership-logging-operator","grype","docker.io/alpine:3.21.3","CVE-2025-69420","High","libcrypto3","3.3.3-r0","3.3.6-r0","A high vulnerability in apk package: libcrypto3, version 3.3.3-r0 was found in image docker.io/alpine:3.21.3 at: /lib/apk/db/installed"
"qubership-logging-operator","grype","docker.io/alpine:3.21.3","CVE-2025-69420","High","libssl3","3.3.3-r0","3.3.6-r0","A high vulnerability in apk package: libssl3, version 3.3.3-r0 was found in image docker.io/alpine:3.21.3 at: /lib/apk/db/installed"
"qubership-logging-operator","grype","docker.io/alpine:3.21.3","CVE-2025-69419","High","libcrypto3","3.3.3-r0","3.3.6-r0","A high vulnerability in apk package: libcrypto3, version 3.3.3-r0 was found in image docker.io/alpine:3.21.3 at: /lib/apk/db/installed"
"qubership-logging-operator","grype","docker.io/alpine:3.21.3","CVE-2025-69419","High","libssl3","3.3.3-r0","3.3.6-r0","A high vulnerability in apk package: libssl3, version 3.3.3-r0 was found in image docker.io/alpine:3.21.3 at: /lib/apk/db/installed"
"qubership-logging-operator","grype","docker.io/alpine:3.21.3","CVE-2025-9230","High","libcrypto3","3.3.3-r0","3.3.5-r0","A high vulnerability in apk package: libcrypto3, version 3.3.3-r0 was found in image docker.io/alpine:3.21.3 at: /lib/apk/db/installed"
"qubership-logging-operator","grype","docker.io/alpine:3.21.3","CVE-2025-9230","High","libssl3","3.3.3-r0","3.3.5-r0","A high vulnerability in apk package: libssl3, version 3.3.3-r0 was found in image docker.io/alpine:3.21.3 at: /lib/apk/db/installed"
"qubership-logging-operator","grype","docker.io/alpine:3.21.3","CVE-2026-22795","Low","libcrypto3","3.3.3-r0","3.3.6-r0","A low vulnerability in apk package: libcrypto3, version 3.3.3-r0 was found in image docker.io/alpine:3.21.3 at: /lib/apk/db/installed"
"qubership-logging-operator","grype","docker.io/alpine:3.21.3","CVE-2026-22795","Low","libssl3","3.3.3-r0","3.3.6-r0","A low vulnerability in apk package: libssl3, version 3.3.3-r0 was found in image docker.io/alpine:3.21.3 at: /lib/apk/db/installed"
"qubership-logging-operator","grype","docker.io/alpine:3.21.3","CVE-2025-9232","Medium","libcrypto3","3.3.3-r0","3.3.5-r0","A medium vulnerability in apk package: libcrypto3, version 3.3.3-r0 was found in image docker.io/alpine:3.21.3 at: /lib/apk/db/installed"
"qubership-logging-operator","grype","docker.io/alpine:3.21.3","CVE-2025-9232","Medium","libssl3","3.3.3-r0","3.3.5-r0","A medium vulnerability in apk package: libssl3, version 3.3.3-r0 was found in image docker.io/alpine:3.21.3 at: /lib/apk/db/installed"
"qubership-logging-operator","grype","docker.io/alpine:3.21.3","CVE-2025-68160","Medium","libcrypto3","3.3.3-r0","3.3.6-r0","A medium vulnerability in apk package: libcrypto3, version 3.3.3-r0 was found in image docker.io/alpine:3.21.3 at: /lib/apk/db/installed"
"qubership-logging-operator","grype","docker.io/alpine:3.21.3","CVE-2025-68160","Medium","libssl3","3.3.3-r0","3.3.6-r0","A medium vulnerability in apk package: libssl3, version 3.3.3-r0 was found in image docker.io/alpine:3.21.3 at: /lib/apk/db/installed"
"qubership-logging-operator","grype","docker.io/alpine:3.21.3","CVE-2025-69421","Low","libcrypto3","3.3.3-r0","3.3.6-r0","A low vulnerability in apk package: libcrypto3, version 3.3.3-r0 was found in image docker.io/alpine:3.21.3 at: /lib/apk/db/installed"
"qubership-logging-operator","grype","docker.io/alpine:3.21.3","CVE-2025-69421","Low","libssl3","3.3.3-r0","3.3.6-r0","A low vulnerability in apk package: libssl3, version 3.3.3-r0 was found in image docker.io/alpine:3.21.3 at: /lib/apk/db/installed"
"qubership-logging-operator","grype","docker.io/alpine:3.21.3","CVE-2025-15468","Medium","libcrypto3","3.3.3-r0","3.3.6-r0","A medium vulnerability in apk package: libcrypto3, version 3.3.3-r0 was found in image docker.io/alpine:3.21.3 at: /lib/apk/db/installed"
"qubership-logging-operator","grype","docker.io/alpine:3.21.3","CVE-2025-15468","Medium","libssl3","3.3.3-r0","3.3.6-r0","A medium vulnerability in apk package: libssl3, version 3.3.3-r0 was found in image docker.io/alpine:3.21.3 at: /lib/apk/db/installed"
"qubership-logging-operator","grype","docker.io/alpine:3.21.3","CVE-2025-66199","Medium","libcrypto3","3.3.3-r0","3.3.6-r0","A medium vulnerability in apk package: libcrypto3, version 3.3.3-r0 was found in image docker.io/alpine:3.21.3 at: /lib/apk/db/installed"
"qubership-logging-operator","grype","docker.io/alpine:3.21.3","CVE-2025-66199","Medium","libssl3","3.3.3-r0","3.3.6-r0","A medium vulnerability in apk package: libssl3, version 3.3.3-r0 was found in image docker.io/alpine:3.21.3 at: /lib/apk/db/installed"
"qubership-logging-operator","grype","docker.io/alpine:3.21.3","CVE-2025-46394","Low","busybox","1.37.0-r12","1.37.0-r14","A low vulnerability in apk package: busybox, version 1.37.0-r12 was found in image docker.io/alpine:3.21.3 at: /lib/apk/db/installed"
"qubership-logging-operator","grype","docker.io/alpine:3.21.3","CVE-2025-46394","Low","busybox-binsh","1.37.0-r12","1.37.0-r14","A low vulnerability in apk package: busybox-binsh, version 1.37.0-r12 was found in image docker.io/alpine:3.21.3 at: /lib/apk/db/installed"
"qubership-logging-operator","grype","docker.io/alpine:3.21.3","CVE-2025-46394","Low","ssl_client","1.37.0-r12","1.37.0-r14","A low vulnerability in apk package: ssl_client, version 1.37.0-r12 was found in image docker.io/alpine:3.21.3 at: /lib/apk/db/installed"
"qubership-logging-operator","grype","docker.io/alpine:3.21.3","CVE-2025-9231","Medium","libcrypto3","3.3.3-r0","3.3.5-r0","A medium vulnerability in apk package: libcrypto3, version 3.3.3-r0 was found in image docker.io/alpine:3.21.3 at: /lib/apk/db/installed"
"qubership-logging-operator","grype","docker.io/alpine:3.21.3","CVE-2025-9231","Medium","libssl3","3.3.3-r0","3.3.5-r0","A medium vulnerability in apk package: libssl3, version 3.3.3-r0 was found in image docker.io/alpine:3.21.3 at: /lib/apk/db/installed"
"qubership-logging-operator","grype","docker.io/alpine:3.21.3","CVE-2025-69418","Medium","libcrypto3","3.3.3-r0","3.3.6-r0","A medium vulnerability in apk package: libcrypto3, version 3.3.3-r0 was found in image docker.io/alpine:3.21.3 at: /lib/apk/db/installed"
"qubership-logging-operator","grype","docker.io/alpine:3.21.3","CVE-2025-69418","Medium","libssl3","3.3.3-r0","3.3.6-r0","A medium vulnerability in apk package: libssl3, version 3.3.3-r0 was found in image docker.io/alpine:3.21.3 at: /lib/apk/db/installed"
"qubership-logging-operator","grype","docker.io/alpine:3.21.3","CVE-2024-58251","Low","busybox","1.37.0-r12","1.37.0-r14","A low vulnerability in apk package: busybox, version 1.37.0-r12 was found in image docker.io/alpine:3.21.3 at: /lib/apk/db/installed"
"qubership-logging-operator","grype","docker.io/alpine:3.21.3","CVE-2024-58251","Low","busybox-binsh","1.37.0-r12","1.37.0-r14","A low vulnerability in apk package: busybox-binsh, version 1.37.0-r12 was found in image docker.io/alpine:3.21.3 at: /lib/apk/db/installed"
"qubership-logging-operator","grype","docker.io/alpine:3.21.3","CVE-2024-58251","Low","ssl_client","1.37.0-r12","1.37.0-r14","A low vulnerability in apk package: ssl_client, version 1.37.0-r12 was found in image docker.io/alpine:3.21.3 at: /lib/apk/db/installed"
"qubership-jaeger","grype","envoyproxy/envoy:v1.35.2","CVE-2024-56433","Low","login","1:4.8.1-2ubuntu2.2","","A low vulnerability in deb package: login, version 1:4.8.1-2ubuntu2.2 was found in image envoyproxy/envoy:v1.35.2 at: /var/lib/dpkg/status"
"qubership-jaeger","grype","envoyproxy/envoy:v1.35.2","CVE-2024-56433","Low","passwd","1:4.8.1-2ubuntu2.2","","A low vulnerability in deb package: passwd, version 1:4.8.1-2ubuntu2.2 was found in image envoyproxy/envoy:v1.35.2 at: /var/lib/dpkg/status"
"qubership-jaeger","grype","envoyproxy/envoy:v1.35.2","CVE-2023-7008","Medium","libsystemd0","249.11-0ubuntu3.16","","A low vulnerability in deb package: libsystemd0, version 249.11-0ubuntu3.16 was found in image envoyproxy/envoy:v1.35.2 at: /var/lib/dpkg/status"
"qubership-jaeger","grype","envoyproxy/envoy:v1.35.2","CVE-2023-7008","Medium","libudev1","249.11-0ubuntu3.16","","A low vulnerability in deb package: libudev1, version 249.11-0ubuntu3.16 was found in image envoyproxy/envoy:v1.35.2 at: /var/lib/dpkg/status"
"qubership-jaeger","grype","envoyproxy/envoy:v1.35.2","CVE-2021-46848","Critical","libtasn1-6","4.18.0-4ubuntu0.1","4.18.0-4ubuntu0.2","A low vulnerability in deb package: libtasn1-6, version 4.18.0-4ubuntu0.1 was found in image envoyproxy/envoy:v1.35.2 at: /var/lib/dpkg/status"
"qubership-jaeger","grype","envoyproxy/envoy:v1.35.2","CVE-2024-32475","High","envoy","1.35.2","1.27.5,1.28.3,1.29.4,11.30.1","A high vulnerability in binary package: envoy, version 1.35.2 was found in image envoyproxy/envoy:v1.35.2 at: /usr/local/bin/envoy"
"qubership-jaeger","grype","envoyproxy/envoy:v1.35.2","CVE-2024-2236","Medium","libgcrypt20","1.9.4-3ubuntu3","","A low vulnerability in deb package: libgcrypt20, version 1.9.4-3ubuntu3 was found in image envoyproxy/envoy:v1.35.2 at: /var/lib/dpkg/status"
"qubership-jaeger","grype","envoyproxy/envoy:v1.35.2","CVE-2022-4899","High","libzstd1","1.4.8+dfsg-3build1","","A low vulnerability in deb package: libzstd1, version 1.4.8+dfsg-3build1 was found in image envoyproxy/envoy:v1.35.2 at: /var/lib/dpkg/status"
"qubership-jaeger","grype","envoyproxy/envoy:v1.35.2","CVE-2025-15467","Critical","libssl3","3.0.2-0ubuntu1.19","3.0.2-0ubuntu1.21","A medium vulnerability in deb package: libssl3, version 3.0.2-0ubuntu1.19 was found in image envoyproxy/envoy:v1.35.2 at: /var/lib/dpkg/status"
"qubership-jaeger","grype","envoyproxy/envoy:v1.35.2","CVE-2025-15467","Critical","openssl","3.0.2-0ubuntu1.19","3.0.2-0ubuntu1.21","A medium vulnerability in deb package: openssl, version 3.0.2-0ubuntu1.19 was found in image envoyproxy/envoy:v1.35.2 at: /var/lib/dpkg/status"
"qubership-jaeger","grype","envoyproxy/envoy:v1.35.2","CVE-2022-27943","Medium","gcc-12-base","12.3.0-1ubuntu1~22.04.2","","A low vulnerability in deb package: gcc-12-base, version 12.3.0-1ubuntu1~22.04.2 was found in image envoyproxy/envoy:v1.35.2 at: /var/lib/dpkg/status"
"qubership-jaeger","grype","envoyproxy/envoy:v1.35.2","CVE-2022-27943","Medium","libgcc-s1","12.3.0-1ubuntu1~22.04.2","","A low vulnerability in deb package: libgcc-s1, version 12.3.0-1ubuntu1~22.04.2 was found in image envoyproxy/envoy:v1.35.2 at: /var/lib/dpkg/status"
"qubership-jaeger","grype","envoyproxy/envoy:v1.35.2","CVE-2022-27943","Medium","libstdc++6","12.3.0-1ubuntu1~22.04.2","","A low vulnerability in deb package: libstdc++6, version 12.3.0-1ubuntu1~22.04.2 was found in image envoyproxy/envoy:v1.35.2 at: /var/lib/dpkg/status"
"qubership-jaeger","grype","envoyproxy/envoy:v1.35.2","CVE-2025-6297","High","dpkg","1.21.1ubuntu2.3","1.21.1ubuntu2.6","A low vulnerability in deb package: dpkg, version 1.21.1ubuntu2.3 was found in image envoyproxy/envoy:v1.35.2 at: /var/lib/dpkg/status"
"qubership-jaeger","grype","envoyproxy/envoy:v1.35.2","CVE-2025-45582","Medium","tar","1.34+dfsg-1ubuntu0.1.22.04.2","","A medium vulnerability in deb package: tar, version 1.34+dfsg-1ubuntu0.1.22.04.2 was found in image envoyproxy/envoy:v1.35.2 at: /var/lib/dpkg/status"
"qubership-jaeger","grype","envoyproxy/envoy:v1.35.2","CVE-2025-13151","High","libtasn1-6","4.18.0-4ubuntu0.1","4.18.0-4ubuntu0.2","A medium vulnerability in deb package: libtasn1-6, version 4.18.0-4ubuntu0.1 was found in image envoyproxy/envoy:v1.35.2 at: /var/lib/dpkg/status"
"qubership-jaeger","grype","envoyproxy/envoy:v1.35.2","CVE-2025-15281","High","libc-bin","2.35-0ubuntu3.10","","A medium vulnerability in deb package: libc-bin, version 2.35-0ubuntu3.10 was found in image envoyproxy/envoy:v1.35.2 at: /var/lib/dpkg/status"
"qubership-jaeger","grype","envoyproxy/envoy:v1.35.2","CVE-2025-15281","High","libc6","2.35-0ubuntu3.10","","A medium vulnerability in deb package: libc6, version 2.35-0ubuntu3.10 was found in image envoyproxy/envoy:v1.35.2 at: /var/lib/dpkg/status"
"qubership-jaeger","grype","envoyproxy/envoy:v1.35.2","CVE-2016-2781","Medium","coreutils","8.32-4.1ubuntu1.2","","A low vulnerability in deb package: coreutils, version 8.32-4.1ubuntu1.2 was found in image envoyproxy/envoy:v1.35.2 at: /var/lib/dpkg/status"
"qubership-jaeger","grype","envoyproxy/envoy:v1.35.2","CVE-2022-41409","High","libpcre2-8-0","10.39-3ubuntu0.1","","A low vulnerability in deb package: libpcre2-8-0, version 10.39-3ubuntu0.1 was found in image envoyproxy/envoy:v1.35.2 at: /var/lib/dpkg/status"
"qubership-jaeger","grype","envoyproxy/envoy:v1.35.2","CVE-2026-0915","High","libc-bin","2.35-0ubuntu3.10","","A medium vulnerability in deb package: libc-bin, version 2.35-0ubuntu3.10 was found in image envoyproxy/envoy:v1.35.2 at: /var/lib/dpkg/status"
"qubership-jaeger","grype","envoyproxy/envoy:v1.35.2","CVE-2026-0915","High","libc6","2.35-0ubuntu3.10","","A medium vulnerability in deb package: libc6, version 2.35-0ubuntu3.10 was found in image envoyproxy/envoy:v1.35.2 at: /var/lib/dpkg/status"
"qubership-jaeger","grype","envoyproxy/envoy:v1.35.2","CVE-2026-22796","Medium","libssl3","3.0.2-0ubuntu1.19","3.0.2-0ubuntu1.21","A low vulnerability in deb package: libssl3, version 3.0.2-0ubuntu1.19 was found in image envoyproxy/envoy:v1.35.2 at: /var/lib/dpkg/status"
"qubership-jaeger","grype","envoyproxy/envoy:v1.35.2","CVE-2026-22796","Medium","openssl","3.0.2-0ubuntu1.19","3.0.2-0ubuntu1.21","A low vulnerability in deb package: openssl, version 3.0.2-0ubuntu1.19 was found in image envoyproxy/envoy:v1.35.2 at: /var/lib/dpkg/status"
"qubership-jaeger","grype","envoyproxy/envoy:v1.35.2","CVE-2023-50495","Medium","libncurses6","6.3-2ubuntu0.1","","A low vulnerability in deb package: libncurses6, version 6.3-2ubuntu0.1 was found in image envoyproxy/envoy:v1.35.2 at: /var/lib/dpkg/status"
"qubership-jaeger","grype","envoyproxy/envoy:v1.35.2","CVE-2023-50495","Medium","libncursesw6","6.3-2ubuntu0.1","","A low vulnerability in deb package: libncursesw6, version 6.3-2ubuntu0.1 was found in image envoyproxy/envoy:v1.35.2 at: /var/lib/dpkg/status"
"qubership-jaeger","grype","envoyproxy/envoy:v1.35.2","CVE-2023-50495","Medium","libtinfo6","6.3-2ubuntu0.1","","A low vulnerability in deb package: libtinfo6, version 6.3-2ubuntu0.1 was found in image envoyproxy/envoy:v1.35.2 at: /var/lib/dpkg/status"
"qubership-jaeger","grype","envoyproxy/envoy:v1.35.2","CVE-2023-50495","Medium","ncurses-base","6.3-2ubuntu0.1","","A low vulnerability in deb package: ncurses-base, version 6.3-2ubuntu0.1 was found in image envoyproxy/envoy:v1.35.2 at: /var/lib/dpkg/status"
"qubership-jaeger","grype","envoyproxy/envoy:v1.35.2","CVE-2023-50495","Medium","ncurses-bin","6.3-2ubuntu0.1","","A low vulnerability in deb package: ncurses-bin, version 6.3-2ubuntu0.1 was found in image envoyproxy/envoy:v1.35.2 at: /var/lib/dpkg/status"
"qubership-jaeger","grype","envoyproxy/envoy:v1.35.2","CVE-2025-9230","High","libssl3","3.0.2-0ubuntu1.19","3.0.2-0ubuntu1.20","A medium vulnerability in deb package: libssl3, version 3.0.2-0ubuntu1.19 was found in image envoyproxy/envoy:v1.35.2 at: /var/lib/dpkg/status"
"qubership-jaeger","grype","envoyproxy/envoy:v1.35.2","CVE-2025-9230","High","openssl","3.0.2-0ubuntu1.19","3.0.2-0ubuntu1.20","A medium vulnerability in deb package: openssl, version 3.0.2-0ubuntu1.19 was found in image envoyproxy/envoy:v1.35.2 at: /var/lib/dpkg/status"
"qubership-jaeger","grype","envoyproxy/envoy:v1.35.2","CVE-2025-68973","High","gpgv","2.2.27-3ubuntu2.4","2.2.27-3ubuntu2.5","A high vulnerability in deb package: gpgv, version 2.2.27-3ubuntu2.4 was found in image envoyproxy/envoy:v1.35.2 at: /var/lib/dpkg/status"
"qubership-jaeger","grype","envoyproxy/envoy:v1.35.2","CVE-2025-62504","High","envoy","1.35.2","1.33.12,1.34.10,1.35.6,1.36.2","A high vulnerability in binary package: envoy, version 1.35.2 was found in image envoyproxy/envoy:v1.35.2 at: /usr/local/bin/envoy"
"qubership-jaeger","grype","envoyproxy/envoy:v1.35.2","CVE-2026-22795","Low","libssl3","3.0.2-0ubuntu1.19","3.0.2-0ubuntu1.21","A low vulnerability in deb package: libssl3, version 3.0.2-0ubuntu1.19 was found in image envoyproxy/envoy:v1.35.2 at: /var/lib/dpkg/status"
"qubership-jaeger","grype","envoyproxy/envoy:v1.35.2","CVE-2026-22795","Low","openssl","3.0.2-0ubuntu1.19","3.0.2-0ubuntu1.21","A low vulnerability in deb package: openssl, version 3.0.2-0ubuntu1.19 was found in image envoyproxy/envoy:v1.35.2 at: /var/lib/dpkg/status"
"qubership-jaeger","grype","envoyproxy/envoy:v1.35.2","CVE-2023-29383","Low","login","1:4.8.1-2ubuntu2.2","","A low vulnerability in deb package: login, version 1:4.8.1-2ubuntu2.2 was found in image envoyproxy/envoy:v1.35.2 at: /var/lib/dpkg/status"
"qubership-jaeger","grype","envoyproxy/envoy:v1.35.2","CVE-2023-29383","Low","passwd","1:4.8.1-2ubuntu2.2","","A low vulnerability in deb package: passwd, version 1:4.8.1-2ubuntu2.2 was found in image envoyproxy/envoy:v1.35.2 at: /var/lib/dpkg/status"
"qubership-jaeger","grype","envoyproxy/envoy:v1.35.2","CVE-2025-69420","High","libssl3","3.0.2-0ubuntu1.19","3.0.2-0ubuntu1.21","A low vulnerability in deb package: libssl3, version 3.0.2-0ubuntu1.19 was found in image envoyproxy/envoy:v1.35.2 at: /var/lib/dpkg/status"
"qubership-jaeger","grype","envoyproxy/envoy:v1.35.2","CVE-2025-69420","High","openssl","3.0.2-0ubuntu1.19","3.0.2-0ubuntu1.21","A low vulnerability in deb package: openssl, version 3.0.2-0ubuntu1.19 was found in image envoyproxy/envoy:v1.35.2 at: /var/lib/dpkg/status"
"qubership-jaeger","grype","envoyproxy/envoy:v1.35.2","CVE-2025-69419","High","libssl3","3.0.2-0ubuntu1.19","3.0.2-0ubuntu1.21","A low vulnerability in deb package: libssl3, version 3.0.2-0ubuntu1.19 was found in image envoyproxy/envoy:v1.35.2 at: /var/lib/dpkg/status"
"qubership-jaeger","grype","envoyproxy/envoy:v1.35.2","CVE-2025-69419","High","openssl","3.0.2-0ubuntu1.19","3.0.2-0ubuntu1.21","A low vulnerability in deb package: openssl, version 3.0.2-0ubuntu1.19 was found in image envoyproxy/envoy:v1.35.2 at: /var/lib/dpkg/status"
"qubership-jaeger","grype","envoyproxy/envoy:v1.35.2","CVE-2025-62409","High","envoy","1.35.2","1.33.10,1.34.9,1.35.5,1.36.1","A high vulnerability in binary package: envoy, version 1.35.2 was found in image envoyproxy/envoy:v1.35.2 at: /usr/local/bin/envoy"
"qubership-jaeger","grype","envoyproxy/envoy:v1.35.2","CVE-2026-0861","High","libc-bin","2.35-0ubuntu3.10","","A medium vulnerability in deb package: libc-bin, version 2.35-0ubuntu3.10 was found in image envoyproxy/envoy:v1.35.2 at: /var/lib/dpkg/status"
"qubership-jaeger","grype","envoyproxy/envoy:v1.35.2","CVE-2026-0861","High","libc6","2.35-0ubuntu3.10","","A medium vulnerability in deb package: libc6, version 2.35-0ubuntu3.10 was found in image envoyproxy/envoy:v1.35.2 at: /var/lib/dpkg/status"
"qubership-jaeger","grype","envoyproxy/envoy:v1.35.2","CVE-2025-68160","Medium","libssl3","3.0.2-0ubuntu1.19","3.0.2-0ubuntu1.21","A low vulnerability in deb package: libssl3, version 3.0.2-0ubuntu1.19 was found in image envoyproxy/envoy:v1.35.2 at: /var/lib/dpkg/status"
"qubership-jaeger","grype","envoyproxy/envoy:v1.35.2","CVE-2025-68160","Medium","openssl","3.0.2-0ubuntu1.19","3.0.2-0ubuntu1.21","A low vulnerability in deb package: openssl, version 3.0.2-0ubuntu1.19 was found in image envoyproxy/envoy:v1.35.2 at: /var/lib/dpkg/status"
"qubership-jaeger","grype","envoyproxy/envoy:v1.35.2","CVE-2025-69421","Low","libssl3","3.0.2-0ubuntu1.19","3.0.2-0ubuntu1.21","A low vulnerability in deb package: libssl3, version 3.0.2-0ubuntu1.19 was found in image envoyproxy/envoy:v1.35.2 at: /var/lib/dpkg/status"
"qubership-jaeger","grype","envoyproxy/envoy:v1.35.2","CVE-2025-69421","Low","openssl","3.0.2-0ubuntu1.19","3.0.2-0ubuntu1.21","A low vulnerability in deb package: openssl, version 3.0.2-0ubuntu1.19 was found in image envoyproxy/envoy:v1.35.2 at: /var/lib/dpkg/status"
"qubership-jaeger","grype","envoyproxy/envoy:v1.35.2","CVE-2025-8941","High","libpam-modules","1.4.0-11ubuntu2.6","","A medium vulnerability in deb package: libpam-modules, version 1.4.0-11ubuntu2.6 was found in image envoyproxy/envoy:v1.35.2 at: /var/lib/dpkg/status"
"qubership-jaeger","grype","envoyproxy/envoy:v1.35.2","CVE-2025-8941","High","libpam-modules-bin","1.4.0-11ubuntu2.6","","A medium vulnerability in deb package: libpam-modules-bin, version 1.4.0-11ubuntu2.6 was found in image envoyproxy/envoy:v1.35.2 at: /var/lib/dpkg/status"
"qubership-jaeger","grype","envoyproxy/envoy:v1.35.2","CVE-2025-8941","High","libpam-runtime","1.4.0-11ubuntu2.6","","A medium vulnerability in deb package: libpam-runtime, version 1.4.0-11ubuntu2.6 was found in image envoyproxy/envoy:v1.35.2 at: /var/lib/dpkg/status"
"qubership-jaeger","grype","envoyproxy/envoy:v1.35.2","CVE-2025-8941","High","libpam0g","1.4.0-11ubuntu2.6","","A medium vulnerability in deb package: libpam0g, version 1.4.0-11ubuntu2.6 was found in image envoyproxy/envoy:v1.35.2 at: /var/lib/dpkg/status"
"qubership-jaeger","grype","envoyproxy/envoy:v1.35.2","CVE-2022-3219","Low","gpgv","2.2.27-3ubuntu2.4","","A low vulnerability in deb package: gpgv, version 2.2.27-3ubuntu2.4 was found in image envoyproxy/envoy:v1.35.2 at: /var/lib/dpkg/status"
"qubership-jaeger","grype","envoyproxy/envoy:v1.35.2","CVE-2025-5278","Medium","coreutils","8.32-4.1ubuntu1.2","","A low vulnerability in deb package: coreutils, version 8.32-4.1ubuntu1.2 was found in image envoyproxy/envoy:v1.35.2 at: /var/lib/dpkg/status"
"qubership-jaeger","grype","envoyproxy/envoy:v1.35.2","CVE-2025-6141","Medium","libncurses6","6.3-2ubuntu0.1","","A low vulnerability in deb package: libncurses6, version 6.3-2ubuntu0.1 was found in image envoyproxy/envoy:v1.35.2 at: /var/lib/dpkg/status"
"qubership-jaeger","grype","envoyproxy/envoy:v1.35.2","CVE-2025-6141","Medium","libncursesw6","6.3-2ubuntu0.1","","A low vulnerability in deb package: libncursesw6, version 6.3-2ubuntu0.1 was found in image envoyproxy/envoy:v1.35.2 at: /var/lib/dpkg/status"
"qubership-jaeger","grype","envoyproxy/envoy:v1.35.2","CVE-2025-6141","Medium","libtinfo6","6.3-2ubuntu0.1","","A low vulnerability in deb package: libtinfo6, version 6.3-2ubuntu0.1 was found in image envoyproxy/envoy:v1.35.2 at: /var/lib/dpkg/status"
"qubership-jaeger","grype","envoyproxy/envoy:v1.35.2","CVE-2025-6141","Medium","ncurses-base","6.3-2ubuntu0.1","","A low vulnerability in deb package: ncurses-base, version 6.3-2ubuntu0.1 was found in image envoyproxy/envoy:v1.35.2 at: /var/lib/dpkg/status"
"qubership-jaeger","grype","envoyproxy/envoy:v1.35.2","CVE-2025-6141","Medium","ncurses-bin","6.3-2ubuntu0.1","","A low vulnerability in deb package: ncurses-bin, version 6.3-2ubuntu0.1 was found in image envoyproxy/envoy:v1.35.2 at: /var/lib/dpkg/status"
"qubership-jaeger","grype","envoyproxy/envoy:v1.35.2","CVE-2017-11164","High","libpcre3","2:8.39-13ubuntu0.22.04.1","","A low vulnerability in deb package: libpcre3, version 2:8.39-13ubuntu0.22.04.1 was found in image envoyproxy/envoy:v1.35.2 at: /var/lib/dpkg/status"
"qubership-jaeger","grype","envoyproxy/envoy:v1.35.2","CVE-2025-69418","Medium","libssl3","3.0.2-0ubuntu1.19","3.0.2-0ubuntu1.21","A low vulnerability in deb package: libssl3, version 3.0.2-0ubuntu1.19 was found in image envoyproxy/envoy:v1.35.2 at: /var/lib/dpkg/status"
"qubership-jaeger","grype","envoyproxy/envoy:v1.35.2","CVE-2025-69418","Medium","openssl","3.0.2-0ubuntu1.19","3.0.2-0ubuntu1.21","A low vulnerability in deb package: openssl, version 3.0.2-0ubuntu1.19 was found in image envoyproxy/envoy:v1.35.2 at: /var/lib/dpkg/status"
"qubership-jaeger","grype","envoyproxy/envoy:v1.35.2","CVE-2025-8058","Medium","libc-bin","2.35-0ubuntu3.10","2.35-0ubuntu3.11","A medium vulnerability in deb package: libc-bin, version 2.35-0ubuntu3.10 was found in image envoyproxy/envoy:v1.35.2 at: /var/lib/dpkg/status"
"qubership-jaeger","grype","envoyproxy/envoy:v1.35.2","CVE-2025-8058","Medium","libc6","2.35-0ubuntu3.10","2.35-0ubuntu3.11","A medium vulnerability in deb package: libc6, version 2.35-0ubuntu3.10 was found in image envoyproxy/envoy:v1.35.2 at: /var/lib/dpkg/status"
"qubership-jaeger","grype","envoyproxy/envoy:v1.35.2","CVE-2025-68972","Medium","gpgv","2.2.27-3ubuntu2.4","","A medium vulnerability in deb package: gpgv, version 2.2.27-3ubuntu2.4 was found in image envoyproxy/envoy:v1.35.2 at: /var/lib/dpkg/status"
"qubership-jaeger","grype","envoyproxy/envoy:v1.35.2","CVE-2025-9820","Medium","libgnutls30","3.7.3-4ubuntu1.7","","A low vulnerability in deb package: libgnutls30, version 3.7.3-4ubuntu1.7 was found in image envoyproxy/envoy:v1.35.2 at: /var/lib/dpkg/status"
"qubership-jaeger","grype","envoyproxy/envoy:v1.35.2","CVE-2025-64527","Medium","envoy","1.35.2","1.33.13,1.34.11,1.35.7,1.36.3","A medium vulnerability in binary package: envoy, version 1.35.2 was found in image envoyproxy/envoy:v1.35.2 at: /usr/local/bin/envoy"
"qubership-jaeger","grype","envoyproxy/envoy:v1.35.2","CVE-2025-64763","Medium","envoy","1.35.2","1.33.13,1.34.11,1.35.7,1.36.3","A medium vulnerability in binary package: envoy, version 1.35.2 was found in image envoyproxy/envoy:v1.35.2 at: /usr/local/bin/envoy"
"qubership-jaeger","grype","envoyproxy/envoy:v1.35.2","CVE-2025-66220","High","envoy","1.35.2","1.33.13,1.34.11,1.35.7,1.36.3","A high vulnerability in binary package: envoy, version 1.35.2 was found in image envoyproxy/envoy:v1.35.2 at: /usr/local/bin/envoy"
"qubership-jaeger","grype","jaegertracing/example-hotrod:1.74.0","CVE-2025-61723","High","stdlib","go1.25.1","1.24.8,1.25.2","A high vulnerability in go-module package: stdlib, version go1.25.1 was found in image jaegertracing/example-hotrod:1.74.0 at: /go/bin/hotrod-linux"
"qubership-jaeger","grype","jaegertracing/example-hotrod:1.74.0","CVE-2025-61725","High","stdlib","go1.25.1","1.24.8,1.25.2","A high vulnerability in go-module package: stdlib, version go1.25.1 was found in image jaegertracing/example-hotrod:1.74.0 at: /go/bin/hotrod-linux"
"qubership-jaeger","grype","jaegertracing/example-hotrod:1.74.0","CVE-2025-58185","Medium","stdlib","go1.25.1","1.24.8,1.25.2","A medium vulnerability in go-module package: stdlib, version go1.25.1 was found in image jaegertracing/example-hotrod:1.74.0 at: /go/bin/hotrod-linux"
"qubership-jaeger","grype","jaegertracing/example-hotrod:1.74.0","CVE-2025-47912","Medium","stdlib","go1.25.1","1.24.8,1.25.2","A medium vulnerability in go-module package: stdlib, version go1.25.1 was found in image jaegertracing/example-hotrod:1.74.0 at: /go/bin/hotrod-linux"
"qubership-jaeger","grype","jaegertracing/example-hotrod:1.74.0","CVE-2025-58186","Medium","stdlib","go1.25.1","1.24.8,1.25.2","A medium vulnerability in go-module package: stdlib, version go1.25.1 was found in image jaegertracing/example-hotrod:1.74.0 at: /go/bin/hotrod-linux"
"qubership-jaeger","grype","jaegertracing/example-hotrod:1.74.0","CVE-2025-61724","Medium","stdlib","go1.25.1","1.24.8,1.25.2","A medium vulnerability in go-module package: stdlib, version go1.25.1 was found in image jaegertracing/example-hotrod:1.74.0 at: /go/bin/hotrod-linux"
"qubership-jaeger","grype","jaegertracing/example-hotrod:1.74.0","CVE-2025-61729","High","stdlib","go1.25.1","1.24.11,1.25.5","A high vulnerability in go-module package: stdlib, version go1.25.1 was found in image jaegertracing/example-hotrod:1.74.0 at: /go/bin/hotrod-linux"
"qubership-jaeger","grype","jaegertracing/example-hotrod:1.74.0","CVE-2025-58187","High","stdlib","go1.25.1","1.24.9,1.25.3","A high vulnerability in go-module package: stdlib, version go1.25.1 was found in image jaegertracing/example-hotrod:1.74.0 at: /go/bin/hotrod-linux"
"qubership-jaeger","grype","jaegertracing/example-hotrod:1.74.0","CVE-2025-58188","High","stdlib","go1.25.1","1.24.8,1.25.2","A high vulnerability in go-module package: stdlib, version go1.25.1 was found in image jaegertracing/example-hotrod:1.74.0 at: /go/bin/hotrod-linux"
"qubership-jaeger","grype","jaegertracing/example-hotrod:1.74.0","CVE-2025-58189","Medium","stdlib","go1.25.1","1.24.8,1.25.2","A medium vulnerability in go-module package: stdlib, version go1.25.1 was found in image jaegertracing/example-hotrod:1.74.0 at: /go/bin/hotrod-linux"
"qubership-jaeger","grype","jaegertracing/example-hotrod:1.74.0","CVE-2025-58183","Medium","stdlib","go1.25.1","1.24.8,1.25.2","A medium vulnerability in go-module package: stdlib, version go1.25.1 was found in image jaegertracing/example-hotrod:1.74.0 at: /go/bin/hotrod-linux"
"qubership-jaeger","grype","jaegertracing/example-hotrod:1.74.0","CVE-2025-61727","Medium","stdlib","go1.25.1","1.24.11,1.25.5","A medium vulnerability in go-module package: stdlib, version go1.25.1 was found in image jaegertracing/example-hotrod:1.74.0 at: /go/bin/hotrod-linux"
"qubership-logging-operator","grype","docker.io/fluent/fluent-bit:4.0.1","CVE-2023-2953","High","libldap-2.5-0","2.5.13+dfsg-5","","A high vulnerability in deb package: libldap-2.5-0, version 2.5.13+dfsg-5 was found in image docker.io/fluent/fluent-bit:4.0.1 at: /var/lib/dpkg/status.d/libldap-2.5-0"
"qubership-logging-operator","grype","docker.io/fluent/fluent-bit:4.0.1","CVE-2011-3389","Medium","libgnutls30","3.7.9-2+deb12u4","","A low vulnerability in deb package: libgnutls30, version 3.7.9-2+deb12u4 was found in image docker.io/fluent/fluent-bit:4.0.1 at: /var/lib/dpkg/status.d/libgnutls30"
"qubership-logging-operator","grype","docker.io/fluent/fluent-bit:4.0.1","CVE-2015-3276","High","libldap-2.5-0","2.5.13+dfsg-5","","A low vulnerability in deb package: libldap-2.5-0, version 2.5.13+dfsg-5 was found in image docker.io/fluent/fluent-bit:4.0.1 at: /var/lib/dpkg/status.d/libldap-2.5-0"
"qubership-logging-operator","grype","docker.io/fluent/fluent-bit:4.0.1","CVE-2025-32990","High","libgnutls30","3.7.9-2+deb12u4","3.7.9-2+deb12u5","A high vulnerability in deb package: libgnutls30, version 3.7.9-2+deb12u4 was found in image docker.io/fluent/fluent-bit:4.0.1 at: /var/lib/dpkg/status.d/libgnutls30"
"qubership-logging-operator","grype","docker.io/fluent/fluent-bit:4.0.1","CVE-2025-15467","Critical","libssl3","3.0.15-1~deb12u1","3.0.18-1~deb12u2","A critical vulnerability in deb package: libssl3, version 3.0.15-1~deb12u1 was found in image docker.io/fluent/fluent-bit:4.0.1 at: /var/lib/dpkg/status.d/libssl3"
"qubership-logging-operator","grype","docker.io/fluent/fluent-bit:4.0.1","CVE-2025-32988","High","libgnutls30","3.7.9-2+deb12u4","3.7.9-2+deb12u5","A high vulnerability in deb package: libgnutls30, version 3.7.9-2+deb12u4 was found in image docker.io/fluent/fluent-bit:4.0.1 at: /var/lib/dpkg/status.d/libgnutls30"
"qubership-logging-operator","grype","docker.io/fluent/fluent-bit:4.0.1","CVE-2017-17740","High","libldap-2.5-0","2.5.13+dfsg-5","","A low vulnerability in deb package: libldap-2.5-0, version 2.5.13+dfsg-5 was found in image docker.io/fluent/fluent-bit:4.0.1 at: /var/lib/dpkg/status.d/libldap-2.5-0"
"qubership-logging-operator","grype","docker.io/fluent/fluent-bit:4.0.1","CVE-2018-20796","High","libc6","2.36-9+deb12u10","","A low vulnerability in deb package: libc6, version 2.36-9+deb12u10 was found in image docker.io/fluent/fluent-bit:4.0.1 at: /var/lib/dpkg/status.d/libc6"
"qubership-logging-operator","grype","docker.io/fluent/fluent-bit:4.0.1","CVE-2018-5709","High","libgssapi-krb5-2","1.20.1-2+deb12u2","","A low vulnerability in deb package: libgssapi-krb5-2, version 1.20.1-2+deb12u2 was found in image docker.io/fluent/fluent-bit:4.0.1 at: /var/lib/dpkg/status.d/libgssapi-krb5-2"
"qubership-logging-operator","grype","docker.io/fluent/fluent-bit:4.0.1","CVE-2018-5709","High","libk5crypto3","1.20.1-2+deb12u2","","A low vulnerability in deb package: libk5crypto3, version 1.20.1-2+deb12u2 was found in image docker.io/fluent/fluent-bit:4.0.1 at: /var/lib/dpkg/status.d/libk5crypto3"
"qubership-logging-operator","grype","docker.io/fluent/fluent-bit:4.0.1","CVE-2018-5709","High","libkrb5-3","1.20.1-2+deb12u2","","A low vulnerability in deb package: libkrb5-3, version 1.20.1-2+deb12u2 was found in image docker.io/fluent/fluent-bit:4.0.1 at: /var/lib/dpkg/status.d/libkrb5-3"
"qubership-logging-operator","grype","docker.io/fluent/fluent-bit:4.0.1","CVE-2018-5709","High","libkrb5support0","1.20.1-2+deb12u2","","A low vulnerability in deb package: libkrb5support0, version 1.20.1-2+deb12u2 was found in image docker.io/fluent/fluent-bit:4.0.1 at: /var/lib/dpkg/status.d/libkrb5support0"
"qubership-logging-operator","grype","docker.io/fluent/fluent-bit:4.0.1","CVE-2019-1010025","Medium","libc6","2.36-9+deb12u10","","A low vulnerability in deb package: libc6, version 2.36-9+deb12u10 was found in image docker.io/fluent/fluent-bit:4.0.1 at: /var/lib/dpkg/status.d/libc6"
"qubership-logging-operator","grype","docker.io/fluent/fluent-bit:4.0.1","CVE-2024-13176","Medium","libssl3","3.0.15-1~deb12u1","3.0.16-1~deb12u1","A medium vulnerability in deb package: libssl3, version 3.0.15-1~deb12u1 was found in image docker.io/fluent/fluent-bit:4.0.1 at: /var/lib/dpkg/status.d/libssl3"
"qubership-logging-operator","grype","docker.io/fluent/fluent-bit:4.0.1","CVE-2025-10148","Medium","libcurl4","7.88.1-10+deb12u12","","A medium vulnerability in deb package: libcurl4, version 7.88.1-10+deb12u12 was found in image docker.io/fluent/fluent-bit:4.0.1 at: /var/lib/dpkg/status.d/libcurl4"
"qubership-logging-operator","grype","docker.io/fluent/fluent-bit:4.0.1","CVE-2025-6395","Medium","libgnutls30","3.7.9-2+deb12u4","3.7.9-2+deb12u5","A medium vulnerability in deb package: libgnutls30, version 3.7.9-2+deb12u4 was found in image docker.io/fluent/fluent-bit:4.0.1 at: /var/lib/dpkg/status.d/libgnutls30"
"qubership-logging-operator","grype","docker.io/fluent/fluent-bit:4.0.1","CVE-2025-0725","High","libcurl4","7.88.1-10+deb12u12","","A low vulnerability in deb package: libcurl4, version 7.88.1-10+deb12u12 was found in image docker.io/fluent/fluent-bit:4.0.1 at: /var/lib/dpkg/status.d/libcurl4"
"qubership-logging-operator","grype","docker.io/fluent/fluent-bit:4.0.1","CVE-2025-32989","Medium","libgnutls30","3.7.9-2+deb12u4","3.7.9-2+deb12u5","A medium vulnerability in deb package: libgnutls30, version 3.7.9-2+deb12u4 was found in image docker.io/fluent/fluent-bit:4.0.1 at: /var/lib/dpkg/status.d/libgnutls30"
"qubership-logging-operator","grype","docker.io/fluent/fluent-bit:4.0.1","CVE-2025-3576","Medium","libgssapi-krb5-2","1.20.1-2+deb12u2","1.20.1-2+deb12u4","A medium vulnerability in deb package: libgssapi-krb5-2, version 1.20.1-2+deb12u2 was found in image docker.io/fluent/fluent-bit:4.0.1 at: /var/lib/dpkg/status.d/libgssapi-krb5-2"
"qubership-logging-operator","grype","docker.io/fluent/fluent-bit:4.0.1","CVE-2025-3576","Medium","libk5crypto3","1.20.1-2+deb12u2","1.20.1-2+deb12u4","A medium vulnerability in deb package: libk5crypto3, version 1.20.1-2+deb12u2 was found in image docker.io/fluent/fluent-bit:4.0.1 at: /var/lib/dpkg/status.d/libk5crypto3"
"qubership-logging-operator","grype","docker.io/fluent/fluent-bit:4.0.1","CVE-2025-3576","Medium","libkrb5-3","1.20.1-2+deb12u2","1.20.1-2+deb12u4","A medium vulnerability in deb package: libkrb5-3, version 1.20.1-2+deb12u2 was found in image docker.io/fluent/fluent-bit:4.0.1 at: /var/lib/dpkg/status.d/libkrb5-3"
"qubership-logging-operator","grype","docker.io/fluent/fluent-bit:4.0.1","CVE-2025-3576","Medium","libkrb5support0","1.20.1-2+deb12u2","1.20.1-2+deb12u4","A medium vulnerability in deb package: libkrb5support0, version 1.20.1-2+deb12u2 was found in image docker.io/fluent/fluent-bit:4.0.1 at: /var/lib/dpkg/status.d/libkrb5support0"
"qubership-logging-operator","grype","docker.io/fluent/fluent-bit:4.0.1","CVE-2025-4207","Medium","libpq5","15.12-0+deb12u2","15.13-0+deb12u1","A medium vulnerability in deb package: libpq5, version 15.12-0+deb12u2 was found in image docker.io/fluent/fluent-bit:4.0.1 at: /var/lib/dpkg/status.d/libpq5"
"qubership-logging-operator","grype","docker.io/fluent/fluent-bit:4.0.1","CVE-2019-9192","High","libc6","2.36-9+deb12u10","","A low vulnerability in deb package: libc6, version 2.36-9+deb12u10 was found in image docker.io/fluent/fluent-bit:4.0.1 at: /var/lib/dpkg/status.d/libc6"
"qubership-logging-operator","grype","docker.io/fluent/fluent-bit:4.0.1","CVE-2025-13151","High","libtasn1-6","4.19.0-2+deb12u1","","A high vulnerability in deb package: libtasn1-6, version 4.19.0-2+deb12u1 was found in image docker.io/fluent/fluent-bit:4.0.1 at: /var/lib/dpkg/status.d/libtasn1-6"
"qubership-logging-operator","grype","docker.io/fluent/fluent-bit:4.0.1","CVE-2025-12818","Medium","libpq5","15.12-0+deb12u2","15.15-0+deb12u1","A medium vulnerability in deb package: libpq5, version 15.12-0+deb12u2 was found in image docker.io/fluent/fluent-bit:4.0.1 at: /var/lib/dpkg/status.d/libpq5"
"qubership-logging-operator","grype","docker.io/fluent/fluent-bit:4.0.1","CVE-2025-15281","High","libc6","2.36-9+deb12u10","","A high vulnerability in deb package: libc6, version 2.36-9+deb12u10 was found in image docker.io/fluent/fluent-bit:4.0.1 at: /var/lib/dpkg/status.d/libc6"
"qubership-logging-operator","grype","docker.io/fluent/fluent-bit:4.0.1","CVE-2026-22796","Medium","libssl3","3.0.15-1~deb12u1","3.0.18-1~deb12u2","A medium vulnerability in deb package: libssl3, version 3.0.15-1~deb12u1 was found in image docker.io/fluent/fluent-bit:4.0.1 at: /var/lib/dpkg/status.d/libssl3"
"qubership-logging-operator","grype","docker.io/fluent/fluent-bit:4.0.1","CVE-2018-6829","High","libgcrypt20","1.10.1-3","","A low vulnerability in deb package: libgcrypt20, version 1.10.1-3 was found in image docker.io/fluent/fluent-bit:4.0.1 at: /var/lib/dpkg/status.d/libgcrypt20"
"qubership-logging-operator","grype","docker.io/fluent/fluent-bit:4.0.1","CVE-2019-1010024","Medium","libc6","2.36-9+deb12u10","","A low vulnerability in deb package: libc6, version 2.36-9+deb12u10 was found in image docker.io/fluent/fluent-bit:4.0.1 at: /var/lib/dpkg/status.d/libc6"
"qubership-logging-operator","grype","docker.io/fluent/fluent-bit:4.0.1","CVE-2026-0915","High","libc6","2.36-9+deb12u10","","A high vulnerability in deb package: libc6, version 2.36-9+deb12u10 was found in image docker.io/fluent/fluent-bit:4.0.1 at: /var/lib/dpkg/status.d/libc6"
"qubership-logging-operator","grype","docker.io/fluent/fluent-bit:4.0.1","CVE-2025-8715","High","libpq5","15.12-0+deb12u2","15.14-0+deb12u1","A high vulnerability in deb package: libpq5, version 15.12-0+deb12u2 was found in image docker.io/fluent/fluent-bit:4.0.1 at: /var/lib/dpkg/status.d/libpq5"
"qubership-logging-operator","grype","docker.io/fluent/fluent-bit:4.0.1","CVE-2025-1390","Medium","libcap2","1:2.66-4","1:2.66-4+deb12u1","A medium vulnerability in deb package: libcap2, version 1:2.66-4 was found in image docker.io/fluent/fluent-bit:4.0.1 at: /var/lib/dpkg/status.d/libcap2"
"qubership-logging-operator","grype","docker.io/fluent/fluent-bit:4.0.1","CVE-2025-69420","High","libssl3","3.0.15-1~deb12u1","3.0.18-1~deb12u2","A high vulnerability in deb package: libssl3, version 3.0.15-1~deb12u1 was found in image docker.io/fluent/fluent-bit:4.0.1 at: /var/lib/dpkg/status.d/libssl3"
"qubership-logging-operator","grype","docker.io/fluent/fluent-bit:4.0.1","CVE-2025-69419","High","libssl3","3.0.15-1~deb12u1","3.0.18-1~deb12u2","A high vulnerability in deb package: libssl3, version 3.0.15-1~deb12u1 was found in image docker.io/fluent/fluent-bit:4.0.1 at: /var/lib/dpkg/status.d/libssl3"
"qubership-logging-operator","grype","docker.io/fluent/fluent-bit:4.0.1","CVE-2025-9230","High","libssl3","3.0.15-1~deb12u1","3.0.17-1~deb12u3","A high vulnerability in deb package: libssl3, version 3.0.15-1~deb12u1 was found in image docker.io/fluent/fluent-bit:4.0.1 at: /var/lib/dpkg/status.d/libssl3"
"qubership-logging-operator","grype","docker.io/fluent/fluent-bit:4.0.1","CVE-2025-12817","Low","libpq5","15.12-0+deb12u2","15.15-0+deb12u1","A low vulnerability in deb package: libpq5, version 15.12-0+deb12u2 was found in image docker.io/fluent/fluent-bit:4.0.1 at: /var/lib/dpkg/status.d/libpq5"
"qubership-logging-operator","grype","docker.io/fluent/fluent-bit:4.0.1","CVE-2010-4756","Medium","libc6","2.36-9+deb12u10","","A low vulnerability in deb package: libc6, version 2.36-9+deb12u10 was found in image docker.io/fluent/fluent-bit:4.0.1 at: /var/lib/dpkg/status.d/libc6"
"qubership-logging-operator","grype","docker.io/fluent/fluent-bit:4.0.1","CVE-2025-14819","Medium","libcurl4","7.88.1-10+deb12u12","","A medium vulnerability in deb package: libcurl4, version 7.88.1-10+deb12u12 was found in image docker.io/fluent/fluent-bit:4.0.1 at: /var/lib/dpkg/status.d/libcurl4"
"qubership-logging-operator","grype","docker.io/fluent/fluent-bit:4.0.1","CVE-2026-22795","Low","libssl3","3.0.15-1~deb12u1","3.0.18-1~deb12u2","A low vulnerability in deb package: libssl3, version 3.0.15-1~deb12u1 was found in image docker.io/fluent/fluent-bit:4.0.1 at: /var/lib/dpkg/status.d/libssl3"
"qubership-logging-operator","grype","docker.io/fluent/fluent-bit:4.0.1","CVE-2019-1010023","High","libc6","2.36-9+deb12u10","","A low vulnerability in deb package: libc6, version 2.36-9+deb12u10 was found in image docker.io/fluent/fluent-bit:4.0.1 at: /var/lib/dpkg/status.d/libc6"
"qubership-logging-operator","grype","docker.io/fluent/fluent-bit:4.0.1","CVE-2025-9232","Medium","libssl3","3.0.15-1~deb12u1","3.0.17-1~deb12u3","A medium vulnerability in deb package: libssl3, version 3.0.15-1~deb12u1 was found in image docker.io/fluent/fluent-bit:4.0.1 at: /var/lib/dpkg/status.d/libssl3"
"qubership-logging-operator","grype","docker.io/fluent/fluent-bit:4.0.1","CVE-2025-8714","High","libpq5","15.12-0+deb12u2","15.14-0+deb12u1","A high vulnerability in deb package: libpq5, version 15.12-0+deb12u2 was found in image docker.io/fluent/fluent-bit:4.0.1 at: /var/lib/dpkg/status.d/libpq5"
"qubership-logging-operator","grype","docker.io/fluent/fluent-bit:4.0.1","CVE-2025-29478","Medium","fluent-bit","4.0.1","","A medium vulnerability in binary package: fluent-bit, version 4.0.1 was found in image docker.io/fluent/fluent-bit:4.0.1 at: /fluent-bit/bin/fluent-bit"
"qubership-logging-operator","grype","docker.io/fluent/fluent-bit:4.0.1","CVE-2026-0861","High","libc6","2.36-9+deb12u10","","A high vulnerability in deb package: libc6, version 2.36-9+deb12u10 was found in image docker.io/fluent/fluent-bit:4.0.1 at: /var/lib/dpkg/status.d/libc6"
"qubership-logging-operator","grype","docker.io/fluent/fluent-bit:4.0.1","CVE-2025-68160","Medium","libssl3","3.0.15-1~deb12u1","3.0.18-1~deb12u2","A medium vulnerability in deb package: libssl3, version 3.0.15-1~deb12u1 was found in image docker.io/fluent/fluent-bit:4.0.1 at: /var/lib/dpkg/status.d/libssl3"
"qubership-logging-operator","grype","docker.io/fluent/fluent-bit:4.0.1","CVE-2024-26462","Medium","libgssapi-krb5-2","1.20.1-2+deb12u2","1.20.1-2+deb12u3","A medium vulnerability in deb package: libgssapi-krb5-2, version 1.20.1-2+deb12u2 was found in image docker.io/fluent/fluent-bit:4.0.1 at: /var/lib/dpkg/status.d/libgssapi-krb5-2"
"qubership-logging-operator","grype","docker.io/fluent/fluent-bit:4.0.1","CVE-2024-26462","Medium","libk5crypto3","1.20.1-2+deb12u2","1.20.1-2+deb12u3","A medium vulnerability in deb package: libk5crypto3, version 1.20.1-2+deb12u2 was found in image docker.io/fluent/fluent-bit:4.0.1 at: /var/lib/dpkg/status.d/libk5crypto3"
"qubership-logging-operator","grype","docker.io/fluent/fluent-bit:4.0.1","CVE-2024-26462","Medium","libkrb5-3","1.20.1-2+deb12u2","1.20.1-2+deb12u3","A medium vulnerability in deb package: libkrb5-3, version 1.20.1-2+deb12u2 was found in image docker.io/fluent/fluent-bit:4.0.1 at: /var/lib/dpkg/status.d/libkrb5-3"
"qubership-logging-operator","grype","docker.io/fluent/fluent-bit:4.0.1","CVE-2024-26462","Medium","libkrb5support0","1.20.1-2+deb12u2","1.20.1-2+deb12u3","A medium vulnerability in deb package: libkrb5support0, version 1.20.1-2+deb12u2 was found in image docker.io/fluent/fluent-bit:4.0.1 at: /var/lib/dpkg/status.d/libkrb5support0"
"qubership-logging-operator","grype","docker.io/fluent/fluent-bit:4.0.1","CVE-2025-69421","Low","libssl3","3.0.15-1~deb12u1","3.0.18-1~deb12u2","A low vulnerability in deb package: libssl3, version 3.0.15-1~deb12u1 was found in image docker.io/fluent/fluent-bit:4.0.1 at: /var/lib/dpkg/status.d/libssl3"
"qubership-logging-operator","grype","docker.io/fluent/fluent-bit:4.0.1","CVE-2024-2236","Medium","libgcrypt20","1.10.1-3","","A low vulnerability in deb package: libgcrypt20, version 1.10.1-3 was found in image docker.io/fluent/fluent-bit:4.0.1 at: /var/lib/dpkg/status.d/libgcrypt20"
"qubership-logging-operator","grype","docker.io/fluent/fluent-bit:4.0.1","CVE-2025-14524","Medium","libcurl4","7.88.1-10+deb12u12","","A medium vulnerability in deb package: libcurl4, version 7.88.1-10+deb12u12 was found in image docker.io/fluent/fluent-bit:4.0.1 at: /var/lib/dpkg/status.d/libcurl4"
"qubership-logging-operator","grype","docker.io/fluent/fluent-bit:4.0.1","CVE-2020-15719","Medium","libldap-2.5-0","2.5.13+dfsg-5","","A low vulnerability in deb package: libldap-2.5-0, version 2.5.13+dfsg-5 was found in image docker.io/fluent/fluent-bit:4.0.1 at: /var/lib/dpkg/status.d/libldap-2.5-0"
"qubership-logging-operator","grype","docker.io/fluent/fluent-bit:4.0.1","CVE-2025-29477","Medium","fluent-bit","4.0.1","","A medium vulnerability in binary package: fluent-bit, version 4.0.1 was found in image docker.io/fluent/fluent-bit:4.0.1 at: /fluent-bit/bin/fluent-bit"
"qubership-logging-operator","grype","docker.io/fluent/fluent-bit:4.0.1","CVE-2024-26458","Medium","libgssapi-krb5-2","1.20.1-2+deb12u2","","A low vulnerability in deb package: libgssapi-krb5-2, version 1.20.1-2+deb12u2 was found in image docker.io/fluent/fluent-bit:4.0.1 at: /var/lib/dpkg/status.d/libgssapi-krb5-2"
"qubership-logging-operator","grype","docker.io/fluent/fluent-bit:4.0.1","CVE-2024-26458","Medium","libk5crypto3","1.20.1-2+deb12u2","","A low vulnerability in deb package: libk5crypto3, version 1.20.1-2+deb12u2 was found in image docker.io/fluent/fluent-bit:4.0.1 at: /var/lib/dpkg/status.d/libk5crypto3"
"qubership-logging-operator","grype","docker.io/fluent/fluent-bit:4.0.1","CVE-2024-26458","Medium","libkrb5-3","1.20.1-2+deb12u2","","A low vulnerability in deb package: libkrb5-3, version 1.20.1-2+deb12u2 was found in image docker.io/fluent/fluent-bit:4.0.1 at: /var/lib/dpkg/status.d/libkrb5-3"
"qubership-logging-operator","grype","docker.io/fluent/fluent-bit:4.0.1","CVE-2024-26458","Medium","libkrb5support0","1.20.1-2+deb12u2","","A low vulnerability in deb package: libkrb5support0, version 1.20.1-2+deb12u2 was found in image docker.io/fluent/fluent-bit:4.0.1 at: /var/lib/dpkg/status.d/libkrb5support0"
"qubership-logging-operator","grype","docker.io/fluent/fluent-bit:4.0.1","CVE-2024-2379","Medium","libcurl4","7.88.1-10+deb12u12","","A low vulnerability in deb package: libcurl4, version 7.88.1-10+deb12u12 was found in image docker.io/fluent/fluent-bit:4.0.1 at: /var/lib/dpkg/status.d/libcurl4"
"qubership-logging-operator","grype","docker.io/fluent/fluent-bit:4.0.1","CVE-2025-24528","High","libgssapi-krb5-2","1.20.1-2+deb12u2","1.20.1-2+deb12u3","A high vulnerability in deb package: libgssapi-krb5-2, version 1.20.1-2+deb12u2 was found in image docker.io/fluent/fluent-bit:4.0.1 at: /var/lib/dpkg/status.d/libgssapi-krb5-2"
"qubership-logging-operator","grype","docker.io/fluent/fluent-bit:4.0.1","CVE-2025-24528","High","libk5crypto3","1.20.1-2+deb12u2","1.20.1-2+deb12u3","A high vulnerability in deb package: libk5crypto3, version 1.20.1-2+deb12u2 was found in image docker.io/fluent/fluent-bit:4.0.1 at: /var/lib/dpkg/status.d/libk5crypto3"
"qubership-logging-operator","grype","docker.io/fluent/fluent-bit:4.0.1","CVE-2025-24528","High","libkrb5-3","1.20.1-2+deb12u2","1.20.1-2+deb12u3","A high vulnerability in deb package: libkrb5-3, version 1.20.1-2+deb12u2 was found in image docker.io/fluent/fluent-bit:4.0.1 at: /var/lib/dpkg/status.d/libkrb5-3"
"qubership-logging-operator","grype","docker.io/fluent/fluent-bit:4.0.1","CVE-2025-24528","High","libkrb5support0","1.20.1-2+deb12u2","1.20.1-2+deb12u3","A high vulnerability in deb package: libkrb5support0, version 1.20.1-2+deb12u2 was found in image docker.io/fluent/fluent-bit:4.0.1 at: /var/lib/dpkg/status.d/libkrb5support0"
"qubership-logging-operator","grype","docker.io/fluent/fluent-bit:4.0.1","CVE-2025-8713","Low","libpq5","15.12-0+deb12u2","15.14-0+deb12u1","A low vulnerability in deb package: libpq5, version 15.12-0+deb12u2 was found in image docker.io/fluent/fluent-bit:4.0.1 at: /var/lib/dpkg/status.d/libpq5"
"qubership-logging-operator","grype","docker.io/fluent/fluent-bit:4.0.1","CVE-2025-4802","High","libc6","2.36-9+deb12u10","2.36-9+deb12u11","A high vulnerability in deb package: libc6, version 2.36-9+deb12u10 was found in image docker.io/fluent/fluent-bit:4.0.1 at: /var/lib/dpkg/status.d/libc6"
"qubership-logging-operator","grype","docker.io/fluent/fluent-bit:4.0.1","CVE-2023-4039","Medium","gcc-12-base","12.2.0-14","12.2.0-14+deb12u1","A low vulnerability in deb package: gcc-12-base, version 12.2.0-14 was found in image docker.io/fluent/fluent-bit:4.0.1 at: /var/lib/dpkg/status.d/gcc-12-base"
"qubership-logging-operator","grype","docker.io/fluent/fluent-bit:4.0.1","CVE-2023-4039","Medium","libatomic1","12.2.0-14","12.2.0-14+deb12u1","A low vulnerability in deb package: libatomic1, version 12.2.0-14 was found in image docker.io/fluent/fluent-bit:4.0.1 at: /var/lib/dpkg/status.d/libatomic1"
"qubership-logging-operator","grype","docker.io/fluent/fluent-bit:4.0.1","CVE-2023-4039","Medium","libgcc-s1","12.2.0-14","12.2.0-14+deb12u1","A low vulnerability in deb package: libgcc-s1, version 12.2.0-14 was found in image docker.io/fluent/fluent-bit:4.0.1 at: /var/lib/dpkg/status.d/libgcc-s1"
"qubership-logging-operator","grype","docker.io/fluent/fluent-bit:4.0.1","CVE-2023-4039","Medium","libgomp1","12.2.0-14","12.2.0-14+deb12u1","A low vulnerability in deb package: libgomp1, version 12.2.0-14 was found in image docker.io/fluent/fluent-bit:4.0.1 at: /var/lib/dpkg/status.d/libgomp1"
"qubership-logging-operator","grype","docker.io/fluent/fluent-bit:4.0.1","CVE-2023-4039","Medium","libstdc++6","12.2.0-14","12.2.0-14+deb12u1","A low vulnerability in deb package: libstdc++6, version 12.2.0-14 was found in image docker.io/fluent/fluent-bit:4.0.1 at: /var/lib/dpkg/status.d/libstdc++6"
"qubership-logging-operator","grype","docker.io/fluent/fluent-bit:4.0.1","CVE-2022-27943","Medium","gcc-12-base","12.2.0-14","","A low vulnerability in deb package: gcc-12-base, version 12.2.0-14 was found in image docker.io/fluent/fluent-bit:4.0.1 at: /var/lib/dpkg/status.d/gcc-12-base"
"qubership-logging-operator","grype","docker.io/fluent/fluent-bit:4.0.1","CVE-2022-27943","Medium","libatomic1","12.2.0-14","","A low vulnerability in deb package: libatomic1, version 12.2.0-14 was found in image docker.io/fluent/fluent-bit:4.0.1 at: /var/lib/dpkg/status.d/libatomic1"
"qubership-logging-operator","grype","docker.io/fluent/fluent-bit:4.0.1","CVE-2022-27943","Medium","libgcc-s1","12.2.0-14","","A low vulnerability in deb package: libgcc-s1, version 12.2.0-14 was found in image docker.io/fluent/fluent-bit:4.0.1 at: /var/lib/dpkg/status.d/libgcc-s1"
"qubership-logging-operator","grype","docker.io/fluent/fluent-bit:4.0.1","CVE-2022-27943","Medium","libgomp1","12.2.0-14","","A low vulnerability in deb package: libgomp1, version 12.2.0-14 was found in image docker.io/fluent/fluent-bit:4.0.1 at: /var/lib/dpkg/status.d/libgomp1"
"qubership-logging-operator","grype","docker.io/fluent/fluent-bit:4.0.1","CVE-2022-27943","Medium","libstdc++6","12.2.0-14","","A low vulnerability in deb package: libstdc++6, version 12.2.0-14 was found in image docker.io/fluent/fluent-bit:4.0.1 at: /var/lib/dpkg/status.d/libstdc++6"
"qubership-logging-operator","grype","docker.io/fluent/fluent-bit:4.0.1","CVE-2025-69418","Medium","libssl3","3.0.15-1~deb12u1","3.0.18-1~deb12u2","A medium vulnerability in deb package: libssl3, version 3.0.15-1~deb12u1 was found in image docker.io/fluent/fluent-bit:4.0.1 at: /var/lib/dpkg/status.d/libssl3"
"qubership-logging-operator","grype","docker.io/fluent/fluent-bit:4.0.1","CVE-2019-1010022","Critical","libc6","2.36-9+deb12u10","","A low vulnerability in deb package: libc6, version 2.36-9+deb12u10 was found in image docker.io/fluent/fluent-bit:4.0.1 at: /var/lib/dpkg/status.d/libc6"
"qubership-logging-operator","grype","docker.io/fluent/fluent-bit:4.0.1","CVE-2023-31437","Medium","libsystemd0","254.22-1~bpo12+1","","A low vulnerability in deb package: libsystemd0, version 254.22-1~bpo12+1 was found in image docker.io/fluent/fluent-bit:4.0.1 at: /var/lib/dpkg/status.d/libsystemd0"
"qubership-logging-operator","grype","docker.io/fluent/fluent-bit:4.0.1","CVE-2023-31437","Medium","systemd","254.22-1~bpo12+1","","A low vulnerability in deb package: systemd, version 254.22-1~bpo12+1 was found in image docker.io/fluent/fluent-bit:4.0.1 at: /usr/lib/x86_64-linux-gnu/libsystemd.so.0.37.0"
"qubership-logging-operator","grype","docker.io/fluent/fluent-bit:4.0.1","CVE-2017-14159","Medium","libldap-2.5-0","2.5.13+dfsg-5","","A low vulnerability in deb package: libldap-2.5-0, version 2.5.13+dfsg-5 was found in image docker.io/fluent/fluent-bit:4.0.1 at: /var/lib/dpkg/status.d/libldap-2.5-0"
"qubership-logging-operator","grype","docker.io/fluent/fluent-bit:4.0.1","CVE-2023-31438","Medium","libsystemd0","254.22-1~bpo12+1","","A low vulnerability in deb package: libsystemd0, version 254.22-1~bpo12+1 was found in image docker.io/fluent/fluent-bit:4.0.1 at: /var/lib/dpkg/status.d/libsystemd0"
"qubership-logging-operator","grype","docker.io/fluent/fluent-bit:4.0.1","CVE-2023-31438","Medium","systemd","254.22-1~bpo12+1","","A low vulnerability in deb package: systemd, version 254.22-1~bpo12+1 was found in image docker.io/fluent/fluent-bit:4.0.1 at: /usr/lib/x86_64-linux-gnu/libsystemd.so.0.37.0"
"qubership-logging-operator","grype","docker.io/fluent/fluent-bit:4.0.1","CVE-2023-31439","Medium","libsystemd0","254.22-1~bpo12+1","","A low vulnerability in deb package: libsystemd0, version 254.22-1~bpo12+1 was found in image docker.io/fluent/fluent-bit:4.0.1 at: /var/lib/dpkg/status.d/libsystemd0"
"qubership-logging-operator","grype","docker.io/fluent/fluent-bit:4.0.1","CVE-2023-31439","Medium","systemd","254.22-1~bpo12+1","","A low vulnerability in deb package: systemd, version 254.22-1~bpo12+1 was found in image docker.io/fluent/fluent-bit:4.0.1 at: /usr/lib/x86_64-linux-gnu/libsystemd.so.0.37.0"
"qubership-logging-operator","grype","docker.io/fluent/fluent-bit:4.0.1","CVE-2025-8058","Medium","libc6","2.36-9+deb12u10","2.36-9+deb12u13","A medium vulnerability in deb package: libc6, version 2.36-9+deb12u10 was found in image docker.io/fluent/fluent-bit:4.0.1 at: /var/lib/dpkg/status.d/libc6"
"qubership-logging-operator","grype","docker.io/fluent/fluent-bit:4.0.1","CVE-2025-9820","Medium","libgnutls30","3.7.9-2+deb12u4","","A medium vulnerability in deb package: libgnutls30, version 3.7.9-2+deb12u4 was found in image docker.io/fluent/fluent-bit:4.0.1 at: /var/lib/dpkg/status.d/libgnutls30"
"qubership-logging-operator","grype","docker.io/fluent/fluent-bit:4.0.1","CVE-2024-26461","High","libgssapi-krb5-2","1.20.1-2+deb12u2","","A low vulnerability in deb package: libgssapi-krb5-2, version 1.20.1-2+deb12u2 was found in image docker.io/fluent/fluent-bit:4.0.1 at: /var/lib/dpkg/status.d/libgssapi-krb5-2"
"qubership-logging-operator","grype","docker.io/fluent/fluent-bit:4.0.1","CVE-2024-26461","High","libk5crypto3","1.20.1-2+deb12u2","","A low vulnerability in deb package: libk5crypto3, version 1.20.1-2+deb12u2 was found in image docker.io/fluent/fluent-bit:4.0.1 at: /var/lib/dpkg/status.d/libk5crypto3"
"qubership-logging-operator","grype","docker.io/fluent/fluent-bit:4.0.1","CVE-2024-26461","High","libkrb5-3","1.20.1-2+deb12u2","","A low vulnerability in deb package: libkrb5-3, version 1.20.1-2+deb12u2 was found in image docker.io/fluent/fluent-bit:4.0.1 at: /var/lib/dpkg/status.d/libkrb5-3"
"qubership-logging-operator","grype","docker.io/fluent/fluent-bit:4.0.1","CVE-2024-26461","High","libkrb5support0","1.20.1-2+deb12u2","","A low vulnerability in deb package: libkrb5support0, version 1.20.1-2+deb12u2 was found in image docker.io/fluent/fluent-bit:4.0.1 at: /var/lib/dpkg/status.d/libkrb5support0"
"qubership-logging-operator","grype","docker.io/fluent/fluent-bit:4.0.1","CVE-2025-15224","Low","libcurl4","7.88.1-10+deb12u12","","A low vulnerability in deb package: libcurl4, version 7.88.1-10+deb12u12 was found in image docker.io/fluent/fluent-bit:4.0.1 at: /var/lib/dpkg/status.d/libcurl4"
"qubership-logging-operator","grype","docker.io/fluent/fluent-bit:4.0.1","CVE-2025-27587","Medium","libssl3","3.0.15-1~deb12u1","","A low vulnerability in deb package: libssl3, version 3.0.15-1~deb12u1 was found in image docker.io/fluent/fluent-bit:4.0.1 at: /var/lib/dpkg/status.d/libssl3"
"qubership-logging-operator","grype","docker.io/fluent/fluent-bit:4.0.1","CVE-2013-4392","Medium","libsystemd0","254.22-1~bpo12+1","","A low vulnerability in deb package: libsystemd0, version 254.22-1~bpo12+1 was found in image docker.io/fluent/fluent-bit:4.0.1 at: /var/lib/dpkg/status.d/libsystemd0"
"qubership-logging-operator","grype","docker.io/fluent/fluent-bit:4.0.1","CVE-2013-4392","Medium","systemd","254.22-1~bpo12+1","","A low vulnerability in deb package: systemd, version 254.22-1~bpo12+1 was found in image docker.io/fluent/fluent-bit:4.0.1 at: /usr/lib/x86_64-linux-gnu/libsystemd.so.0.37.0"
"qubership-logging-operator","grype","docker.io/fluent/fluent-bit:4.0.1","CVE-2025-15079","Medium","libcurl4","7.88.1-10+deb12u12","","A low vulnerability in deb package: libcurl4, version 7.88.1-10+deb12u12 was found in image docker.io/fluent/fluent-bit:4.0.1 at: /var/lib/dpkg/status.d/libcurl4"
"qubership-logging-operator","grype","docker.io/fluent/fluent-bit:4.0.1","CVE-2026-22185","Medium","libldap-2.5-0","2.5.13+dfsg-5","","A low vulnerability in deb package: libldap-2.5-0, version 2.5.13+dfsg-5 was found in image docker.io/fluent/fluent-bit:4.0.1 at: /var/lib/dpkg/status.d/libldap-2.5-0"
"qubership-logging-operator","grype","docker.io/fluent/fluent-bit:4.0.1","CVE-2025-10966","Medium","libcurl4","7.88.1-10+deb12u12","","A low vulnerability in deb package: libcurl4, version 7.88.1-10+deb12u12 was found in image docker.io/fluent/fluent-bit:4.0.1 at: /var/lib/dpkg/status.d/libcurl4"
"qubership-logging-operator","grype","docker.io/fluent/fluent-bit:4.0.1","CVE-2025-14017","Medium","libcurl4","7.88.1-10+deb12u12","","A low vulnerability in deb package: libcurl4, version 7.88.1-10+deb12u12 was found in image docker.io/fluent/fluent-bit:4.0.1 at: /var/lib/dpkg/status.d/libcurl4"
"qubership-monitoring-operator","grype","docker.io/bloomberg/goldpinger:3.10.2","GHSA-6v2p-p543-phr9","High","golang.org/x/oauth2","v0.19.0","0.27.0","A high vulnerability in go-module package: golang.org/x/oauth2, version v0.19.0 was found in image docker.io/bloomberg/goldpinger:3.10.2 at: /goldpinger"
"qubership-monitoring-operator","grype","docker.io/bloomberg/goldpinger:3.10.2","CVE-2024-45336","Medium","stdlib","go1.23.3","1.22.11,1.23.5,1.24.0-rc.2","A medium vulnerability in go-module package: stdlib, version go1.23.3 was found in image docker.io/bloomberg/goldpinger:3.10.2 at: /goldpinger"
"qubership-monitoring-operator","grype","docker.io/bloomberg/goldpinger:3.10.2","CVE-2025-22871","Critical","stdlib","go1.23.3","1.23.8,1.24.2","A critical vulnerability in go-module package: stdlib, version go1.23.3 was found in image docker.io/bloomberg/goldpinger:3.10.2 at: /goldpinger"
"qubership-monitoring-operator","grype","docker.io/bloomberg/goldpinger:3.10.2","CVE-2025-61723","High","stdlib","go1.23.3","1.24.8,1.25.2","A high vulnerability in go-module package: stdlib, version go1.23.3 was found in image docker.io/bloomberg/goldpinger:3.10.2 at: /goldpinger"
"qubership-monitoring-operator","grype","docker.io/bloomberg/goldpinger:3.10.2","CVE-2024-45341","Medium","stdlib","go1.23.3","1.22.11,1.23.5,1.24.0-rc.2","A medium vulnerability in go-module package: stdlib, version go1.23.3 was found in image docker.io/bloomberg/goldpinger:3.10.2 at: /goldpinger"
"qubership-monitoring-operator","grype","docker.io/bloomberg/goldpinger:3.10.2","CVE-2025-61725","High","stdlib","go1.23.3","1.24.8,1.25.2","A high vulnerability in go-module package: stdlib, version go1.23.3 was found in image docker.io/bloomberg/goldpinger:3.10.2 at: /goldpinger"
"qubership-monitoring-operator","grype","docker.io/bloomberg/goldpinger:3.10.2","CVE-2025-58185","Medium","stdlib","go1.23.3","1.24.8,1.25.2","A medium vulnerability in go-module package: stdlib, version go1.23.3 was found in image docker.io/bloomberg/goldpinger:3.10.2 at: /goldpinger"
"qubership-monitoring-operator","grype","docker.io/bloomberg/goldpinger:3.10.2","CVE-2025-47912","Medium","stdlib","go1.23.3","1.24.8,1.25.2","A medium vulnerability in go-module package: stdlib, version go1.23.3 was found in image docker.io/bloomberg/goldpinger:3.10.2 at: /goldpinger"
"qubership-monitoring-operator","grype","docker.io/bloomberg/goldpinger:3.10.2","CVE-2025-58186","Medium","stdlib","go1.23.3","1.24.8,1.25.2","A medium vulnerability in go-module package: stdlib, version go1.23.3 was found in image docker.io/bloomberg/goldpinger:3.10.2 at: /goldpinger"
"qubership-monitoring-operator","grype","docker.io/bloomberg/goldpinger:3.10.2","CVE-2025-61724","Medium","stdlib","go1.23.3","1.24.8,1.25.2","A medium vulnerability in go-module package: stdlib, version go1.23.3 was found in image docker.io/bloomberg/goldpinger:3.10.2 at: /goldpinger"
"qubership-monitoring-operator","grype","docker.io/bloomberg/goldpinger:3.10.2","GHSA-vvgc-356p-c3xw","Medium","golang.org/x/net","v0.24.0","0.38.0","A medium vulnerability in go-module package: golang.org/x/net, version v0.24.0 was found in image docker.io/bloomberg/goldpinger:3.10.2 at: /goldpinger"
"qubership-monitoring-operator","grype","docker.io/bloomberg/goldpinger:3.10.2","CVE-2025-61729","High","stdlib","go1.23.3","1.24.11,1.25.5","A high vulnerability in go-module package: stdlib, version go1.23.3 was found in image docker.io/bloomberg/goldpinger:3.10.2 at: /goldpinger"
"qubership-monitoring-operator","grype","docker.io/bloomberg/goldpinger:3.10.2","CVE-2025-47907","High","stdlib","go1.23.3","1.23.12,1.24.6","A high vulnerability in go-module package: stdlib, version go1.23.3 was found in image docker.io/bloomberg/goldpinger:3.10.2 at: /goldpinger"
"qubership-monitoring-operator","grype","docker.io/bloomberg/goldpinger:3.10.2","CVE-2025-58187","High","stdlib","go1.23.3","1.24.9,1.25.3","A high vulnerability in go-module package: stdlib, version go1.23.3 was found in image docker.io/bloomberg/goldpinger:3.10.2 at: /goldpinger"
"qubership-monitoring-operator","grype","docker.io/bloomberg/goldpinger:3.10.2","CVE-2025-58188","High","stdlib","go1.23.3","1.24.8,1.25.2","A high vulnerability in go-module package: stdlib, version go1.23.3 was found in image docker.io/bloomberg/goldpinger:3.10.2 at: /goldpinger"
"qubership-monitoring-operator","grype","docker.io/bloomberg/goldpinger:3.10.2","GHSA-qxp5-gwg8-xv66","Medium","golang.org/x/net","v0.24.0","0.36.0","A medium vulnerability in go-module package: golang.org/x/net, version v0.24.0 was found in image docker.io/bloomberg/goldpinger:3.10.2 at: /goldpinger"
"qubership-monitoring-operator","grype","docker.io/bloomberg/goldpinger:3.10.2","CVE-2025-47906","Medium","stdlib","go1.23.3","1.23.12,1.24.6","A medium vulnerability in go-module package: stdlib, version go1.23.3 was found in image docker.io/bloomberg/goldpinger:3.10.2 at: /goldpinger"
"qubership-monitoring-operator","grype","docker.io/bloomberg/goldpinger:3.10.2","CVE-2025-58189","Medium","stdlib","go1.23.3","1.24.8,1.25.2","A medium vulnerability in go-module package: stdlib, version go1.23.3 was found in image docker.io/bloomberg/goldpinger:3.10.2 at: /goldpinger"
"qubership-monitoring-operator","grype","docker.io/bloomberg/goldpinger:3.10.2","CVE-2025-22866","Medium","stdlib","go1.23.3","1.22.12,1.23.6,1.24.0-rc.3","A medium vulnerability in go-module package: stdlib, version go1.23.3 was found in image docker.io/bloomberg/goldpinger:3.10.2 at: /goldpinger"
"qubership-monitoring-operator","grype","docker.io/bloomberg/goldpinger:3.10.2","CVE-2025-58183","Medium","stdlib","go1.23.3","1.24.8,1.25.2","A medium vulnerability in go-module package: stdlib, version go1.23.3 was found in image docker.io/bloomberg/goldpinger:3.10.2 at: /goldpinger"
"qubership-monitoring-operator","grype","docker.io/bloomberg/goldpinger:3.10.2","CVE-2025-4673","Medium","stdlib","go1.23.3","1.23.10,1.24.4","A medium vulnerability in go-module package: stdlib, version go1.23.3 was found in image docker.io/bloomberg/goldpinger:3.10.2 at: /goldpinger"
"qubership-monitoring-operator","grype","docker.io/bloomberg/goldpinger:3.10.2","CVE-2025-4674","High","stdlib","go1.23.3","1.23.11,1.24.5","A high vulnerability in go-module package: stdlib, version go1.23.3 was found in image docker.io/bloomberg/goldpinger:3.10.2 at: /goldpinger"
"qubership-monitoring-operator","grype","docker.io/bloomberg/goldpinger:3.10.2","CVE-2025-61727","Medium","stdlib","go1.23.3","1.24.11,1.25.5","A medium vulnerability in go-module package: stdlib, version go1.23.3 was found in image docker.io/bloomberg/goldpinger:3.10.2 at: /goldpinger"
"qubership-monitoring-operator","grype","docker.io/grafana/grafana:11.6.5","CVE-2025-15467","Critical","libcrypto3","3.5.1-r0","3.5.5-r0","A critical vulnerability in apk package: libcrypto3, version 3.5.1-r0 was found in image docker.io/grafana/grafana:11.6.5 at: /lib/apk/db/installed"
"qubership-monitoring-operator","grype","docker.io/grafana/grafana:11.6.5","CVE-2025-15467","Critical","libssl3","3.5.1-r0","3.5.5-r0","A critical vulnerability in apk package: libssl3, version 3.5.1-r0 was found in image docker.io/grafana/grafana:11.6.5 at: /lib/apk/db/installed"
"qubership-monitoring-operator","grype","docker.io/grafana/grafana:11.6.5","CVE-2025-10148","Medium","curl","8.14.1-r1","8.14.1-r2","A medium vulnerability in apk package: curl, version 8.14.1-r1 was found in image docker.io/grafana/grafana:11.6.5 at: /lib/apk/db/installed"
"qubership-monitoring-operator","grype","docker.io/grafana/grafana:11.6.5","CVE-2025-10148","Medium","libcurl","8.14.1-r1","8.14.1-r2","A medium vulnerability in apk package: libcurl, version 8.14.1-r1 was found in image docker.io/grafana/grafana:11.6.5 at: /lib/apk/db/installed"
"qubership-monitoring-operator","grype","docker.io/grafana/grafana:11.6.5","GHSA-j5w8-q4qc-rx2x","Medium","golang.org/x/crypto","v0.39.0","0.45.0","A medium vulnerability in go-module package: golang.org/x/crypto, version v0.39.0 was found in image docker.io/grafana/grafana:11.6.5 at: /usr/share/grafana/bin/grafana"
"qubership-monitoring-operator","grype","docker.io/grafana/grafana:11.6.5","CVE-2026-22796","Medium","libcrypto3","3.5.1-r0","3.5.5-r0","A medium vulnerability in apk package: libcrypto3, version 3.5.1-r0 was found in image docker.io/grafana/grafana:11.6.5 at: /lib/apk/db/installed"
"qubership-monitoring-operator","grype","docker.io/grafana/grafana:11.6.5","CVE-2026-22796","Medium","libssl3","3.5.1-r0","3.5.5-r0","A medium vulnerability in apk package: libssl3, version 3.5.1-r0 was found in image docker.io/grafana/grafana:11.6.5 at: /lib/apk/db/installed"
"qubership-monitoring-operator","grype","docker.io/grafana/grafana:11.6.5","CVE-2025-62408","Medium","c-ares","1.34.5-r0","1.34.6-r0","A medium vulnerability in apk package: c-ares, version 1.34.5-r0 was found in image docker.io/grafana/grafana:11.6.5 at: /lib/apk/db/installed"
"qubership-monitoring-operator","grype","docker.io/grafana/grafana:11.6.5","GHSA-2c64-vmv2-hgfc","High","github.com/openfga/openfga","v1.8.13","1.11.1","A medium vulnerability in go-module package: github.com/openfga/openfga, version v1.8.13 was found in image docker.io/grafana/grafana:11.6.5 at: /usr/share/grafana/bin/grafana"
"qubership-monitoring-operator","grype","docker.io/grafana/grafana:11.6.5","CVE-2025-61723","High","stdlib","go1.24.6","1.24.8,1.25.2","A high vulnerability in go-module package: stdlib, version go1.24.6 was found in image docker.io/grafana/grafana:11.6.5 at: /usr/share/grafana/bin/grafana-server"
"qubership-monitoring-operator","grype","docker.io/grafana/grafana:11.6.5","CVE-2025-61723","High","stdlib","go1.24.6","1.24.8,1.25.2","A high vulnerability in go-module package: stdlib, version go1.24.6 was found in image docker.io/grafana/grafana:11.6.5 at: /usr/share/grafana/bin/grafana"
"qubership-monitoring-operator","grype","docker.io/grafana/grafana:11.6.5","CVE-2025-61723","High","stdlib","go1.24.6","1.24.8,1.25.2","A high vulnerability in go-module package: stdlib, version go1.24.6 was found in image docker.io/grafana/grafana:11.6.5 at: /usr/share/grafana/bin/grafana-cli"
"qubership-monitoring-operator","grype","docker.io/grafana/grafana:11.6.5","CVE-2025-60876","Medium","busybox","1.37.0-r18","","A medium vulnerability in apk package: busybox, version 1.37.0-r18 was found in image docker.io/grafana/grafana:11.6.5 at: /lib/apk/db/installed"
"qubership-monitoring-operator","grype","docker.io/grafana/grafana:11.6.5","CVE-2025-60876","Medium","busybox-binsh","1.37.0-r18","","A medium vulnerability in apk package: busybox-binsh, version 1.37.0-r18 was found in image docker.io/grafana/grafana:11.6.5 at: /lib/apk/db/installed"
"qubership-monitoring-operator","grype","docker.io/grafana/grafana:11.6.5","CVE-2025-60876","Medium","ssl_client","1.37.0-r18","","A medium vulnerability in apk package: ssl_client, version 1.37.0-r18 was found in image docker.io/grafana/grafana:11.6.5 at: /lib/apk/db/installed"
"qubership-monitoring-operator","grype","docker.io/grafana/grafana:11.6.5","CVE-2025-9086","High","curl","8.14.1-r1","8.14.1-r2","A high vulnerability in apk package: curl, version 8.14.1-r1 was found in image docker.io/grafana/grafana:11.6.5 at: /lib/apk/db/installed"
"qubership-monitoring-operator","grype","docker.io/grafana/grafana:11.6.5","CVE-2025-9086","High","libcurl","8.14.1-r1","8.14.1-r2","A high vulnerability in apk package: libcurl, version 8.14.1-r1 was found in image docker.io/grafana/grafana:11.6.5 at: /lib/apk/db/installed"
"qubership-monitoring-operator","grype","docker.io/grafana/grafana:11.6.5","CVE-2025-61725","High","stdlib","go1.24.6","1.24.8,1.25.2","A high vulnerability in go-module package: stdlib, version go1.24.6 was found in image docker.io/grafana/grafana:11.6.5 at: /usr/share/grafana/bin/grafana-cli"
"qubership-monitoring-operator","grype","docker.io/grafana/grafana:11.6.5","CVE-2025-61725","High","stdlib","go1.24.6","1.24.8,1.25.2","A high vulnerability in go-module package: stdlib, version go1.24.6 was found in image docker.io/grafana/grafana:11.6.5 at: /usr/share/grafana/bin/grafana"
"qubership-monitoring-operator","grype","docker.io/grafana/grafana:11.6.5","CVE-2025-61725","High","stdlib","go1.24.6","1.24.8,1.25.2","A high vulnerability in go-module package: stdlib, version go1.24.6 was found in image docker.io/grafana/grafana:11.6.5 at: /usr/share/grafana/bin/grafana-server"
"qubership-monitoring-operator","grype","docker.io/grafana/grafana:11.6.5","CVE-2025-58185","Medium","stdlib","go1.24.6","1.24.8,1.25.2","A medium vulnerability in go-module package: stdlib, version go1.24.6 was found in image docker.io/grafana/grafana:11.6.5 at: /usr/share/grafana/bin/grafana"
"qubership-monitoring-operator","grype","docker.io/grafana/grafana:11.6.5","CVE-2025-58185","Medium","stdlib","go1.24.6","1.24.8,1.25.2","A medium vulnerability in go-module package: stdlib, version go1.24.6 was found in image docker.io/grafana/grafana:11.6.5 at: /usr/share/grafana/bin/grafana-server"
"qubership-monitoring-operator","grype","docker.io/grafana/grafana:11.6.5","CVE-2025-58185","Medium","stdlib","go1.24.6","1.24.8,1.25.2","A medium vulnerability in go-module package: stdlib, version go1.24.6 was found in image docker.io/grafana/grafana:11.6.5 at: /usr/share/grafana/bin/grafana-cli"
"qubership-monitoring-operator","grype","docker.io/grafana/grafana:11.6.5","CVE-2025-69420","High","libcrypto3","3.5.1-r0","3.5.5-r0","A high vulnerability in apk package: libcrypto3, version 3.5.1-r0 was found in image docker.io/grafana/grafana:11.6.5 at: /lib/apk/db/installed"
"qubership-monitoring-operator","grype","docker.io/grafana/grafana:11.6.5","CVE-2025-69420","High","libssl3","3.5.1-r0","3.5.5-r0","A high vulnerability in apk package: libssl3, version 3.5.1-r0 was found in image docker.io/grafana/grafana:11.6.5 at: /lib/apk/db/installed"
"qubership-monitoring-operator","grype","docker.io/grafana/grafana:11.6.5","CVE-2025-69419","High","libcrypto3","3.5.1-r0","3.5.5-r0","A high vulnerability in apk package: libcrypto3, version 3.5.1-r0 was found in image docker.io/grafana/grafana:11.6.5 at: /lib/apk/db/installed"
"qubership-monitoring-operator","grype","docker.io/grafana/grafana:11.6.5","CVE-2025-69419","High","libssl3","3.5.1-r0","3.5.5-r0","A high vulnerability in apk package: libssl3, version 3.5.1-r0 was found in image docker.io/grafana/grafana:11.6.5 at: /lib/apk/db/installed"
"qubership-monitoring-operator","grype","docker.io/grafana/grafana:11.6.5","CVE-2025-9230","High","libcrypto3","3.5.1-r0","3.5.4-r0","A high vulnerability in apk package: libcrypto3, version 3.5.1-r0 was found in image docker.io/grafana/grafana:11.6.5 at: /lib/apk/db/installed"
"qubership-monitoring-operator","grype","docker.io/grafana/grafana:11.6.5","CVE-2025-9230","High","libssl3","3.5.1-r0","3.5.4-r0","A high vulnerability in apk package: libssl3, version 3.5.1-r0 was found in image docker.io/grafana/grafana:11.6.5 at: /lib/apk/db/installed"
"qubership-monitoring-operator","grype","docker.io/grafana/grafana:11.6.5","CVE-2025-14819","Medium","curl","8.14.1-r1","","A medium vulnerability in apk package: curl, version 8.14.1-r1 was found in image docker.io/grafana/grafana:11.6.5 at: /lib/apk/db/installed"
"qubership-monitoring-operator","grype","docker.io/grafana/grafana:11.6.5","CVE-2026-22795","Low","libcrypto3","3.5.1-r0","3.5.5-r0","A low vulnerability in apk package: libcrypto3, version 3.5.1-r0 was found in image docker.io/grafana/grafana:11.6.5 at: /lib/apk/db/installed"
"qubership-monitoring-operator","grype","docker.io/grafana/grafana:11.6.5","CVE-2026-22795","Low","libssl3","3.5.1-r0","3.5.5-r0","A low vulnerability in apk package: libssl3, version 3.5.1-r0 was found in image docker.io/grafana/grafana:11.6.5 at: /lib/apk/db/installed"
"qubership-monitoring-operator","grype","docker.io/grafana/grafana:11.6.5","CVE-2025-47912","Medium","stdlib","go1.24.6","1.24.8,1.25.2","A medium vulnerability in go-module package: stdlib, version go1.24.6 was found in image docker.io/grafana/grafana:11.6.5 at: /usr/share/grafana/bin/grafana-server"
"qubership-monitoring-operator","grype","docker.io/grafana/grafana:11.6.5","CVE-2025-47912","Medium","stdlib","go1.24.6","1.24.8,1.25.2","A medium vulnerability in go-module package: stdlib, version go1.24.6 was found in image docker.io/grafana/grafana:11.6.5 at: /usr/share/grafana/bin/grafana-cli"
"qubership-monitoring-operator","grype","docker.io/grafana/grafana:11.6.5","CVE-2025-47912","Medium","stdlib","go1.24.6","1.24.8,1.25.2","A medium vulnerability in go-module package: stdlib, version go1.24.6 was found in image docker.io/grafana/grafana:11.6.5 at: /usr/share/grafana/bin/grafana"
"qubership-monitoring-operator","grype","docker.io/grafana/grafana:11.6.5","CVE-2025-58186","Medium","stdlib","go1.24.6","1.24.8,1.25.2","A medium vulnerability in go-module package: stdlib, version go1.24.6 was found in image docker.io/grafana/grafana:11.6.5 at: /usr/share/grafana/bin/grafana-cli"
"qubership-monitoring-operator","grype","docker.io/grafana/grafana:11.6.5","CVE-2025-58186","Medium","stdlib","go1.24.6","1.24.8,1.25.2","A medium vulnerability in go-module package: stdlib, version go1.24.6 was found in image docker.io/grafana/grafana:11.6.5 at: /usr/share/grafana/bin/grafana-server"
"qubership-monitoring-operator","grype","docker.io/grafana/grafana:11.6.5","CVE-2025-58186","Medium","stdlib","go1.24.6","1.24.8,1.25.2","A medium vulnerability in go-module package: stdlib, version go1.24.6 was found in image docker.io/grafana/grafana:11.6.5 at: /usr/share/grafana/bin/grafana"
"qubership-monitoring-operator","grype","docker.io/grafana/grafana:11.6.5","CVE-2025-61724","Medium","stdlib","go1.24.6","1.24.8,1.25.2","A medium vulnerability in go-module package: stdlib, version go1.24.6 was found in image docker.io/grafana/grafana:11.6.5 at: /usr/share/grafana/bin/grafana-cli"
"qubership-monitoring-operator","grype","docker.io/grafana/grafana:11.6.5","CVE-2025-61724","Medium","stdlib","go1.24.6","1.24.8,1.25.2","A medium vulnerability in go-module package: stdlib, version go1.24.6 was found in image docker.io/grafana/grafana:11.6.5 at: /usr/share/grafana/bin/grafana"
"qubership-monitoring-operator","grype","docker.io/grafana/grafana:11.6.5","CVE-2025-61724","Medium","stdlib","go1.24.6","1.24.8,1.25.2","A medium vulnerability in go-module package: stdlib, version go1.24.6 was found in image docker.io/grafana/grafana:11.6.5 at: /usr/share/grafana/bin/grafana-server"
"qubership-monitoring-operator","grype","docker.io/grafana/grafana:11.6.5","CVE-2025-9232","Medium","libcrypto3","3.5.1-r0","3.5.4-r0","A medium vulnerability in apk package: libcrypto3, version 3.5.1-r0 was found in image docker.io/grafana/grafana:11.6.5 at: /lib/apk/db/installed"
"qubership-monitoring-operator","grype","docker.io/grafana/grafana:11.6.5","CVE-2025-9232","Medium","libssl3","3.5.1-r0","3.5.4-r0","A medium vulnerability in apk package: libssl3, version 3.5.1-r0 was found in image docker.io/grafana/grafana:11.6.5 at: /lib/apk/db/installed"
"qubership-monitoring-operator","grype","docker.io/grafana/grafana:11.6.5","CVE-2025-15224","Low","curl","8.14.1-r1","","A low vulnerability in apk package: curl, version 8.14.1-r1 was found in image docker.io/grafana/grafana:11.6.5 at: /lib/apk/db/installed"
"qubership-monitoring-operator","grype","docker.io/grafana/grafana:11.6.5","CVE-2025-61729","High","stdlib","go1.24.6","1.24.11,1.25.5","A high vulnerability in go-module package: stdlib, version go1.24.6 was found in image docker.io/grafana/grafana:11.6.5 at: /usr/share/grafana/bin/grafana-cli"
"qubership-monitoring-operator","grype","docker.io/grafana/grafana:11.6.5","CVE-2025-61729","High","stdlib","go1.24.6","1.24.11,1.25.5","A high vulnerability in go-module package: stdlib, version go1.24.6 was found in image docker.io/grafana/grafana:11.6.5 at: /usr/share/grafana/bin/grafana"
"qubership-monitoring-operator","grype","docker.io/grafana/grafana:11.6.5","CVE-2025-61729","High","stdlib","go1.24.6","1.24.11,1.25.5","A high vulnerability in go-module package: stdlib, version go1.24.6 was found in image docker.io/grafana/grafana:11.6.5 at: /usr/share/grafana/bin/grafana-server"
"qubership-monitoring-operator","grype","docker.io/grafana/grafana:11.6.5","CVE-2025-68160","Medium","libcrypto3","3.5.1-r0","3.5.5-r0","A medium vulnerability in apk package: libcrypto3, version 3.5.1-r0 was found in image docker.io/grafana/grafana:11.6.5 at: /lib/apk/db/installed"
"qubership-monitoring-operator","grype","docker.io/grafana/grafana:11.6.5","CVE-2025-68160","Medium","libssl3","3.5.1-r0","3.5.5-r0","A medium vulnerability in apk package: libssl3, version 3.5.1-r0 was found in image docker.io/grafana/grafana:11.6.5 at: /lib/apk/db/installed"
"qubership-monitoring-operator","grype","docker.io/grafana/grafana:11.6.5","CVE-2025-69421","Low","libcrypto3","3.5.1-r0","3.5.5-r0","A low vulnerability in apk package: libcrypto3, version 3.5.1-r0 was found in image docker.io/grafana/grafana:11.6.5 at: /lib/apk/db/installed"
"qubership-monitoring-operator","grype","docker.io/grafana/grafana:11.6.5","CVE-2025-69421","Low","libssl3","3.5.1-r0","3.5.5-r0","A low vulnerability in apk package: libssl3, version 3.5.1-r0 was found in image docker.io/grafana/grafana:11.6.5 at: /lib/apk/db/installed"
"qubership-monitoring-operator","grype","docker.io/grafana/grafana:11.6.5","CVE-2025-58187","High","stdlib","go1.24.6","1.24.9,1.25.3","A high vulnerability in go-module package: stdlib, version go1.24.6 was found in image docker.io/grafana/grafana:11.6.5 at: /usr/share/grafana/bin/grafana-server"
"qubership-monitoring-operator","grype","docker.io/grafana/grafana:11.6.5","CVE-2025-58187","High","stdlib","go1.24.6","1.24.9,1.25.3","A high vulnerability in go-module package: stdlib, version go1.24.6 was found in image docker.io/grafana/grafana:11.6.5 at: /usr/share/grafana/bin/grafana"
"qubership-monitoring-operator","grype","docker.io/grafana/grafana:11.6.5","CVE-2025-58187","High","stdlib","go1.24.6","1.24.9,1.25.3","A high vulnerability in go-module package: stdlib, version go1.24.6 was found in image docker.io/grafana/grafana:11.6.5 at: /usr/share/grafana/bin/grafana-cli"
"qubership-monitoring-operator","grype","docker.io/grafana/grafana:11.6.5","CVE-2025-58188","High","stdlib","go1.24.6","1.24.8,1.25.2","A high vulnerability in go-module package: stdlib, version go1.24.6 was found in image docker.io/grafana/grafana:11.6.5 at: /usr/share/grafana/bin/grafana"
"qubership-monitoring-operator","grype","docker.io/grafana/grafana:11.6.5","CVE-2025-58188","High","stdlib","go1.24.6","1.24.8,1.25.2","A high vulnerability in go-module package: stdlib, version go1.24.6 was found in image docker.io/grafana/grafana:11.6.5 at: /usr/share/grafana/bin/grafana-cli"
"qubership-monitoring-operator","grype","docker.io/grafana/grafana:11.6.5","CVE-2025-58188","High","stdlib","go1.24.6","1.24.8,1.25.2","A high vulnerability in go-module package: stdlib, version go1.24.6 was found in image docker.io/grafana/grafana:11.6.5 at: /usr/share/grafana/bin/grafana-server"
"qubership-monitoring-operator","grype","docker.io/grafana/grafana:11.6.5","CVE-2025-14524","Medium","curl","8.14.1-r1","","A medium vulnerability in apk package: curl, version 8.14.1-r1 was found in image docker.io/grafana/grafana:11.6.5 at: /lib/apk/db/installed"
"qubership-monitoring-operator","grype","docker.io/grafana/grafana:11.6.5","CVE-2025-15079","Medium","curl","8.14.1-r1","","A medium vulnerability in apk package: curl, version 8.14.1-r1 was found in image docker.io/grafana/grafana:11.6.5 at: /lib/apk/db/installed"
"qubership-monitoring-operator","grype","docker.io/grafana/grafana:11.6.5","CVE-2025-11187","Medium","libcrypto3","3.5.1-r0","3.5.5-r0","A medium vulnerability in apk package: libcrypto3, version 3.5.1-r0 was found in image docker.io/grafana/grafana:11.6.5 at: /lib/apk/db/installed"
"qubership-monitoring-operator","grype","docker.io/grafana/grafana:11.6.5","CVE-2025-11187","Medium","libssl3","3.5.1-r0","3.5.5-r0","A medium vulnerability in apk package: libssl3, version 3.5.1-r0 was found in image docker.io/grafana/grafana:11.6.5 at: /lib/apk/db/installed"
"qubership-monitoring-operator","grype","docker.io/grafana/grafana:11.6.5","CVE-2025-13034","Medium","curl","8.14.1-r1","","A medium vulnerability in apk package: curl, version 8.14.1-r1 was found in image docker.io/grafana/grafana:11.6.5 at: /lib/apk/db/installed"
"qubership-monitoring-operator","grype","docker.io/grafana/grafana:11.6.5","CVE-2025-15468","Medium","libcrypto3","3.5.1-r0","3.5.5-r0","A medium vulnerability in apk package: libcrypto3, version 3.5.1-r0 was found in image docker.io/grafana/grafana:11.6.5 at: /lib/apk/db/installed"
"qubership-monitoring-operator","grype","docker.io/grafana/grafana:11.6.5","CVE-2025-15468","Medium","libssl3","3.5.1-r0","3.5.5-r0","A medium vulnerability in apk package: libssl3, version 3.5.1-r0 was found in image docker.io/grafana/grafana:11.6.5 at: /lib/apk/db/installed"
"qubership-monitoring-operator","grype","docker.io/grafana/grafana:11.6.5","CVE-2025-66199","Medium","libcrypto3","3.5.1-r0","3.5.5-r0","A medium vulnerability in apk package: libcrypto3, version 3.5.1-r0 was found in image docker.io/grafana/grafana:11.6.5 at: /lib/apk/db/installed"
"qubership-monitoring-operator","grype","docker.io/grafana/grafana:11.6.5","CVE-2025-66199","Medium","libssl3","3.5.1-r0","3.5.5-r0","A medium vulnerability in apk package: libssl3, version 3.5.1-r0 was found in image docker.io/grafana/grafana:11.6.5 at: /lib/apk/db/installed"
"qubership-monitoring-operator","grype","docker.io/grafana/grafana:11.6.5","CVE-2025-58189","Medium","stdlib","go1.24.6","1.24.8,1.25.2","A medium vulnerability in go-module package: stdlib, version go1.24.6 was found in image docker.io/grafana/grafana:11.6.5 at: /usr/share/grafana/bin/grafana-cli"
"qubership-monitoring-operator","grype","docker.io/grafana/grafana:11.6.5","CVE-2025-58189","Medium","stdlib","go1.24.6","1.24.8,1.25.2","A medium vulnerability in go-module package: stdlib, version go1.24.6 was found in image docker.io/grafana/grafana:11.6.5 at: /usr/share/grafana/bin/grafana"
"qubership-monitoring-operator","grype","docker.io/grafana/grafana:11.6.5","CVE-2025-58189","Medium","stdlib","go1.24.6","1.24.8,1.25.2","A medium vulnerability in go-module package: stdlib, version go1.24.6 was found in image docker.io/grafana/grafana:11.6.5 at: /usr/share/grafana/bin/grafana-server"
"qubership-monitoring-operator","grype","docker.io/grafana/grafana:11.6.5","CVE-2025-46394","Low","busybox","1.37.0-r18","1.37.0-r20","A low vulnerability in apk package: busybox, version 1.37.0-r18 was found in image docker.io/grafana/grafana:11.6.5 at: /lib/apk/db/installed"
"qubership-monitoring-operator","grype","docker.io/grafana/grafana:11.6.5","CVE-2025-46394","Low","busybox-binsh","1.37.0-r18","1.37.0-r20","A low vulnerability in apk package: busybox-binsh, version 1.37.0-r18 was found in image docker.io/grafana/grafana:11.6.5 at: /lib/apk/db/installed"
"qubership-monitoring-operator","grype","docker.io/grafana/grafana:11.6.5","CVE-2025-46394","Low","ssl_client","1.37.0-r18","1.37.0-r20","A low vulnerability in apk package: ssl_client, version 1.37.0-r18 was found in image docker.io/grafana/grafana:11.6.5 at: /lib/apk/db/installed"
"qubership-monitoring-operator","grype","docker.io/grafana/grafana:11.6.5","GHSA-f6x5-jh6r-wrfv","Medium","golang.org/x/crypto","v0.39.0","0.45.0","A medium vulnerability in go-module package: golang.org/x/crypto, version v0.39.0 was found in image docker.io/grafana/grafana:11.6.5 at: /usr/share/grafana/bin/grafana"
"qubership-monitoring-operator","grype","docker.io/grafana/grafana:11.6.5","CVE-2025-9231","Medium","libcrypto3","3.5.1-r0","3.5.4-r0","A medium vulnerability in apk package: libcrypto3, version 3.5.1-r0 was found in image docker.io/grafana/grafana:11.6.5 at: /lib/apk/db/installed"
"qubership-monitoring-operator","grype","docker.io/grafana/grafana:11.6.5","CVE-2025-9231","Medium","libssl3","3.5.1-r0","3.5.4-r0","A medium vulnerability in apk package: libssl3, version 3.5.1-r0 was found in image docker.io/grafana/grafana:11.6.5 at: /lib/apk/db/installed"
"qubership-monitoring-operator","grype","docker.io/grafana/grafana:11.6.5","CVE-2025-58183","Medium","stdlib","go1.24.6","1.24.8,1.25.2","A medium vulnerability in go-module package: stdlib, version go1.24.6 was found in image docker.io/grafana/grafana:11.6.5 at: /usr/share/grafana/bin/grafana-server"
"qubership-monitoring-operator","grype","docker.io/grafana/grafana:11.6.5","CVE-2025-58183","Medium","stdlib","go1.24.6","1.24.8,1.25.2","A medium vulnerability in go-module package: stdlib, version go1.24.6 was found in image docker.io/grafana/grafana:11.6.5 at: /usr/share/grafana/bin/grafana"
"qubership-monitoring-operator","grype","docker.io/grafana/grafana:11.6.5","CVE-2025-58183","Medium","stdlib","go1.24.6","1.24.8,1.25.2","A medium vulnerability in go-module package: stdlib, version go1.24.6 was found in image docker.io/grafana/grafana:11.6.5 at: /usr/share/grafana/bin/grafana-cli"
"qubership-monitoring-operator","grype","docker.io/grafana/grafana:11.6.5","CVE-2025-69418","Medium","libcrypto3","3.5.1-r0","3.5.5-r0","A medium vulnerability in apk package: libcrypto3, version 3.5.1-r0 was found in image docker.io/grafana/grafana:11.6.5 at: /lib/apk/db/installed"
"qubership-monitoring-operator","grype","docker.io/grafana/grafana:11.6.5","CVE-2025-69418","Medium","libssl3","3.5.1-r0","3.5.5-r0","A medium vulnerability in apk package: libssl3, version 3.5.1-r0 was found in image docker.io/grafana/grafana:11.6.5 at: /lib/apk/db/installed"
"qubership-monitoring-operator","grype","docker.io/grafana/grafana:11.6.5","CVE-2025-10966","Medium","curl","8.14.1-r1","","A medium vulnerability in apk package: curl, version 8.14.1-r1 was found in image docker.io/grafana/grafana:11.6.5 at: /lib/apk/db/installed"
"qubership-monitoring-operator","grype","docker.io/grafana/grafana:11.6.5","CVE-2024-58251","Low","busybox","1.37.0-r18","1.37.0-r20","A low vulnerability in apk package: busybox, version 1.37.0-r18 was found in image docker.io/grafana/grafana:11.6.5 at: /lib/apk/db/installed"
"qubership-monitoring-operator","grype","docker.io/grafana/grafana:11.6.5","CVE-2024-58251","Low","busybox-binsh","1.37.0-r18","1.37.0-r20","A low vulnerability in apk package: busybox-binsh, version 1.37.0-r18 was found in image docker.io/grafana/grafana:11.6.5 at: /lib/apk/db/installed"
"qubership-monitoring-operator","grype","docker.io/grafana/grafana:11.6.5","CVE-2024-58251","Low","ssl_client","1.37.0-r18","1.37.0-r20","A low vulnerability in apk package: ssl_client, version 1.37.0-r18 was found in image docker.io/grafana/grafana:11.6.5 at: /lib/apk/db/installed"
"qubership-monitoring-operator","grype","docker.io/grafana/grafana:11.6.5","CVE-2025-61727","Medium","stdlib","go1.24.6","1.24.11,1.25.5","A medium vulnerability in go-module package: stdlib, version go1.24.6 was found in image docker.io/grafana/grafana:11.6.5 at: /usr/share/grafana/bin/grafana"
"qubership-monitoring-operator","grype","docker.io/grafana/grafana:11.6.5","CVE-2025-61727","Medium","stdlib","go1.24.6","1.24.11,1.25.5","A medium vulnerability in go-module package: stdlib, version go1.24.6 was found in image docker.io/grafana/grafana:11.6.5 at: /usr/share/grafana/bin/grafana-server"
"qubership-monitoring-operator","grype","docker.io/grafana/grafana:11.6.5","CVE-2025-61727","Medium","stdlib","go1.24.6","1.24.11,1.25.5","A medium vulnerability in go-module package: stdlib, version go1.24.6 was found in image docker.io/grafana/grafana:11.6.5 at: /usr/share/grafana/bin/grafana-cli"
"qubership-monitoring-operator","grype","docker.io/grafana/grafana:11.6.5","GHSA-2464-8j7c-4cjm","Medium","github.com/go-viper/mapstructure/v2","v2.3.0","2.4.0","A medium vulnerability in go-module package: github.com/go-viper/mapstructure/v2, version v2.3.0 was found in image docker.io/grafana/grafana:11.6.5 at: /usr/share/grafana/bin/grafana"
"qubership-monitoring-operator","grype","docker.io/grafana/grafana:11.6.5","CVE-2025-15469","Medium","libcrypto3","3.5.1-r0","3.5.5-r0","A medium vulnerability in apk package: libcrypto3, version 3.5.1-r0 was found in image docker.io/grafana/grafana:11.6.5 at: /lib/apk/db/installed"
"qubership-monitoring-operator","grype","docker.io/grafana/grafana:11.6.5","CVE-2025-15469","Medium","libssl3","3.5.1-r0","3.5.5-r0","A medium vulnerability in apk package: libssl3, version 3.5.1-r0 was found in image docker.io/grafana/grafana:11.6.5 at: /lib/apk/db/installed"
"qubership-monitoring-operator","grype","docker.io/grafana/grafana:11.6.5","GHSA-2x5j-vhc8-9cwm","Low","github.com/cloudflare/circl","v1.3.7","1.6.1","A low vulnerability in go-module package: github.com/cloudflare/circl, version v1.3.7 was found in image docker.io/grafana/grafana:11.6.5 at: /usr/share/grafana/bin/grafana"
"qubership-monitoring-operator","grype","docker.io/grafana/grafana:11.6.5","CVE-2025-14017","Medium","curl","8.14.1-r1","","A medium vulnerability in apk package: curl, version 8.14.1-r1 was found in image docker.io/grafana/grafana:11.6.5 at: /lib/apk/db/installed"
"qubership-monitoring-operator","grype","docker.io/grafana/grafana-image-renderer:3.12.9","CVE-2025-10585","Critical","chromium","138.0.7204.93-r0","","A critical vulnerability in apk package: chromium, version 138.0.7204.93-r0 was found in image docker.io/grafana/grafana-image-renderer:3.12.9 at: /lib/apk/db/installed"
"qubership-monitoring-operator","grype","docker.io/grafana/grafana-image-renderer:3.12.9","CVE-2025-13223","High","chromium","138.0.7204.93-r0","","A high vulnerability in apk package: chromium, version 138.0.7204.93-r0 was found in image docker.io/grafana/grafana-image-renderer:3.12.9 at: /lib/apk/db/installed"
"qubership-monitoring-operator","grype","docker.io/grafana/grafana-image-renderer:3.12.9","CVE-2025-14174","High","chromium","138.0.7204.93-r0","","A high vulnerability in apk package: chromium, version 138.0.7204.93-r0 was found in image docker.io/grafana/grafana-image-renderer:3.12.9 at: /lib/apk/db/installed"
"qubership-monitoring-operator","grype","docker.io/grafana/grafana-image-renderer:3.12.9","CVE-2025-6558","High","chromium","138.0.7204.93-r0","","A high vulnerability in apk package: chromium, version 138.0.7204.93-r0 was found in image docker.io/grafana/grafana-image-renderer:3.12.9 at: /lib/apk/db/installed"
"qubership-monitoring-operator","grype","docker.io/grafana/grafana-image-renderer:3.12.9","CVE-2025-6554","High","chromium","138.0.7204.93-r0","","A high vulnerability in apk package: chromium, version 138.0.7204.93-r0 was found in image docker.io/grafana/grafana-image-renderer:3.12.9 at: /lib/apk/db/installed"
"qubership-monitoring-operator","grype","docker.io/grafana/grafana-image-renderer:3.12.9","CVE-2025-47917","Critical","mbedtls","3.6.3.1-r0","3.6.4-r0","A critical vulnerability in apk package: mbedtls, version 3.6.3.1-r0 was found in image docker.io/grafana/grafana-image-renderer:3.12.9 at: /lib/apk/db/installed"
"qubership-monitoring-operator","grype","docker.io/grafana/grafana-image-renderer:3.12.9","CVE-2025-6021","High","libxml2","2.13.8-r0","2.13.9-r0","A high vulnerability in apk package: libxml2, version 2.13.8-r0 was found in image docker.io/grafana/grafana-image-renderer:3.12.9 at: /lib/apk/db/installed"
"qubership-monitoring-operator","grype","docker.io/grafana/grafana-image-renderer:3.12.9","CVE-2025-49796","Critical","libxml2","2.13.8-r0","2.13.9-r0","A critical vulnerability in apk package: libxml2, version 2.13.8-r0 was found in image docker.io/grafana/grafana-image-renderer:3.12.9 at: /lib/apk/db/installed"
"qubership-monitoring-operator","grype","docker.io/grafana/grafana-image-renderer:3.12.9","CVE-2025-9951","High","ffmpeg-libavcodec","6.1.2-r4","","A high vulnerability in apk package: ffmpeg-libavcodec, version 6.1.2-r4 was found in image docker.io/grafana/grafana-image-renderer:3.12.9 at: /lib/apk/db/installed"
"qubership-monitoring-operator","grype","docker.io/grafana/grafana-image-renderer:3.12.9","CVE-2025-9951","High","ffmpeg-libavformat","6.1.2-r4","","A high vulnerability in apk package: ffmpeg-libavformat, version 6.1.2-r4 was found in image docker.io/grafana/grafana-image-renderer:3.12.9 at: /lib/apk/db/installed"
"qubership-monitoring-operator","grype","docker.io/grafana/grafana-image-renderer:3.12.9","CVE-2025-9951","High","ffmpeg-libavutil","6.1.2-r4","","A high vulnerability in apk package: ffmpeg-libavutil, version 6.1.2-r4 was found in image docker.io/grafana/grafana-image-renderer:3.12.9 at: /lib/apk/db/installed"
"qubership-monitoring-operator","grype","docker.io/grafana/grafana-image-renderer:3.12.9","CVE-2025-9951","High","ffmpeg-libswresample","6.1.2-r4","","A high vulnerability in apk package: ffmpeg-libswresample, version 6.1.2-r4 was found in image docker.io/grafana/grafana-image-renderer:3.12.9 at: /lib/apk/db/installed"
"qubership-monitoring-operator","grype","docker.io/grafana/grafana-image-renderer:3.12.9","CVE-2023-52356","High","tiff","4.7.0-r0","","A high vulnerability in apk package: tiff, version 4.7.0-r0 was found in image docker.io/grafana/grafana-image-renderer:3.12.9 at: /lib/apk/db/installed"
"qubership-monitoring-operator","grype","docker.io/grafana/grafana-image-renderer:3.12.9","CVE-2025-1594","High","ffmpeg-libavcodec","6.1.2-r4","","A high vulnerability in apk package: ffmpeg-libavcodec, version 6.1.2-r4 was found in image docker.io/grafana/grafana-image-renderer:3.12.9 at: /lib/apk/db/installed"
"qubership-monitoring-operator","grype","docker.io/grafana/grafana-image-renderer:3.12.9","CVE-2025-1594","High","ffmpeg-libavformat","6.1.2-r4","","A high vulnerability in apk package: ffmpeg-libavformat, version 6.1.2-r4 was found in image docker.io/grafana/grafana-image-renderer:3.12.9 at: /lib/apk/db/installed"
"qubership-monitoring-operator","grype","docker.io/grafana/grafana-image-renderer:3.12.9","CVE-2025-1594","High","ffmpeg-libavutil","6.1.2-r4","","A high vulnerability in apk package: ffmpeg-libavutil, version 6.1.2-r4 was found in image docker.io/grafana/grafana-image-renderer:3.12.9 at: /lib/apk/db/installed"
"qubership-monitoring-operator","grype","docker.io/grafana/grafana-image-renderer:3.12.9","CVE-2025-1594","High","ffmpeg-libswresample","6.1.2-r4","","A high vulnerability in apk package: ffmpeg-libswresample, version 6.1.2-r4 was found in image docker.io/grafana/grafana-image-renderer:3.12.9 at: /lib/apk/db/installed"
"qubership-monitoring-operator","grype","docker.io/grafana/grafana-image-renderer:3.12.9","CVE-2023-6277","Medium","tiff","4.7.0-r0","","A medium vulnerability in apk package: tiff, version 4.7.0-r0 was found in image docker.io/grafana/grafana-image-renderer:3.12.9 at: /lib/apk/db/installed"
"qubership-monitoring-operator","grype","docker.io/grafana/grafana-image-renderer:3.12.9","CVE-2023-6604","Medium","ffmpeg-libavcodec","6.1.2-r4","","A medium vulnerability in apk package: ffmpeg-libavcodec, version 6.1.2-r4 was found in image docker.io/grafana/grafana-image-renderer:3.12.9 at: /lib/apk/db/installed"
"qubership-monitoring-operator","grype","docker.io/grafana/grafana-image-renderer:3.12.9","CVE-2023-6604","Medium","ffmpeg-libavformat","6.1.2-r4","","A medium vulnerability in apk package: ffmpeg-libavformat, version 6.1.2-r4 was found in image docker.io/grafana/grafana-image-renderer:3.12.9 at: /lib/apk/db/installed"
"qubership-monitoring-operator","grype","docker.io/grafana/grafana-image-renderer:3.12.9","CVE-2023-6604","Medium","ffmpeg-libavutil","6.1.2-r4","","A medium vulnerability in apk package: ffmpeg-libavutil, version 6.1.2-r4 was found in image docker.io/grafana/grafana-image-renderer:3.12.9 at: /lib/apk/db/installed"
"qubership-monitoring-operator","grype","docker.io/grafana/grafana-image-renderer:3.12.9","CVE-2023-6604","Medium","ffmpeg-libswresample","6.1.2-r4","","A medium vulnerability in apk package: ffmpeg-libswresample, version 6.1.2-r4 was found in image docker.io/grafana/grafana-image-renderer:3.12.9 at: /lib/apk/db/installed"
"qubership-monitoring-operator","grype","docker.io/grafana/grafana-image-renderer:3.12.9","CVE-2023-6602","Medium","ffmpeg-libavcodec","6.1.2-r4","","A medium vulnerability in apk package: ffmpeg-libavcodec, version 6.1.2-r4 was found in image docker.io/grafana/grafana-image-renderer:3.12.9 at: /lib/apk/db/installed"
"qubership-monitoring-operator","grype","docker.io/grafana/grafana-image-renderer:3.12.9","CVE-2023-6602","Medium","ffmpeg-libavformat","6.1.2-r4","","A medium vulnerability in apk package: ffmpeg-libavformat, version 6.1.2-r4 was found in image docker.io/grafana/grafana-image-renderer:3.12.9 at: /lib/apk/db/installed"
"qubership-monitoring-operator","grype","docker.io/grafana/grafana-image-renderer:3.12.9","CVE-2023-6602","Medium","ffmpeg-libavutil","6.1.2-r4","","A medium vulnerability in apk package: ffmpeg-libavutil, version 6.1.2-r4 was found in image docker.io/grafana/grafana-image-renderer:3.12.9 at: /lib/apk/db/installed"
"qubership-monitoring-operator","grype","docker.io/grafana/grafana-image-renderer:3.12.9","CVE-2023-6602","Medium","ffmpeg-libswresample","6.1.2-r4","","A medium vulnerability in apk package: ffmpeg-libswresample, version 6.1.2-r4 was found in image docker.io/grafana/grafana-image-renderer:3.12.9 at: /lib/apk/db/installed"
"qubership-monitoring-operator","grype","docker.io/grafana/grafana-image-renderer:3.12.9","CVE-2025-57052","Critical","cjson","1.7.18-r1","1.7.19-r0","A critical vulnerability in apk package: cjson, version 1.7.18-r1 was found in image docker.io/grafana/grafana-image-renderer:3.12.9 at: /lib/apk/db/installed"
"qubership-monitoring-operator","grype","docker.io/grafana/grafana-image-renderer:3.12.9","CVE-2025-10500","High","chromium","138.0.7204.93-r0","","A high vulnerability in apk package: chromium, version 138.0.7204.93-r0 was found in image docker.io/grafana/grafana-image-renderer:3.12.9 at: /lib/apk/db/installed"
"qubership-monitoring-operator","grype","docker.io/grafana/grafana-image-renderer:3.12.9","GHSA-fjxv-7rqg-78g4","Critical","form-data","4.0.2","4.0.4","A critical vulnerability in npm package: form-data, version 4.0.2 was found in image docker.io/grafana/grafana-image-renderer:3.12.9 at: /usr/src/app/node_modules/form-data/package.json"
"qubership-monitoring-operator","grype","docker.io/grafana/grafana-image-renderer:3.12.9","CVE-2025-12907","High","chromium","138.0.7204.93-r0","","A high vulnerability in apk package: chromium, version 138.0.7204.93-r0 was found in image docker.io/grafana/grafana-image-renderer:3.12.9 at: /lib/apk/db/installed"
"qubership-monitoring-operator","grype","docker.io/grafana/grafana-image-renderer:3.12.9","CVE-2025-10501","High","chromium","138.0.7204.93-r0","","A high vulnerability in apk package: chromium, version 138.0.7204.93-r0 was found in image docker.io/grafana/grafana-image-renderer:3.12.9 at: /lib/apk/db/installed"
"qubership-monitoring-operator","grype","docker.io/grafana/grafana-image-renderer:3.12.9","CVE-2025-59375","High","libexpat","2.7.1-r0","2.7.2-r0","A high vulnerability in apk package: libexpat, version 2.7.1-r0 was found in image docker.io/grafana/grafana-image-renderer:3.12.9 at: /lib/apk/db/installed"
"qubership-monitoring-operator","grype","docker.io/grafana/grafana-image-renderer:3.12.9","CVE-2023-6605","High","ffmpeg-libavcodec","6.1.2-r4","","A high vulnerability in apk package: ffmpeg-libavcodec, version 6.1.2-r4 was found in image docker.io/grafana/grafana-image-renderer:3.12.9 at: /lib/apk/db/installed"
"qubership-monitoring-operator","grype","docker.io/grafana/grafana-image-renderer:3.12.9","CVE-2023-6605","High","ffmpeg-libavformat","6.1.2-r4","","A high vulnerability in apk package: ffmpeg-libavformat, version 6.1.2-r4 was found in image docker.io/grafana/grafana-image-renderer:3.12.9 at: /lib/apk/db/installed"
"qubership-monitoring-operator","grype","docker.io/grafana/grafana-image-renderer:3.12.9","CVE-2023-6605","High","ffmpeg-libavutil","6.1.2-r4","","A high vulnerability in apk package: ffmpeg-libavutil, version 6.1.2-r4 was found in image docker.io/grafana/grafana-image-renderer:3.12.9 at: /lib/apk/db/installed"
"qubership-monitoring-operator","grype","docker.io/grafana/grafana-image-renderer:3.12.9","CVE-2023-6605","High","ffmpeg-libswresample","6.1.2-r4","","A high vulnerability in apk package: ffmpeg-libswresample, version 6.1.2-r4 was found in image docker.io/grafana/grafana-image-renderer:3.12.9 at: /lib/apk/db/installed"
"qubership-monitoring-operator","grype","docker.io/grafana/grafana-image-renderer:3.12.9","CVE-2025-8576","High","chromium","138.0.7204.93-r0","","A high vulnerability in apk package: chromium, version 138.0.7204.93-r0 was found in image docker.io/grafana/grafana-image-renderer:3.12.9 at: /lib/apk/db/installed"
"qubership-monitoring-operator","grype","docker.io/grafana/grafana-image-renderer:3.12.9","CVE-2025-8578","High","chromium","138.0.7204.93-r0","","A high vulnerability in apk package: chromium, version 138.0.7204.93-r0 was found in image docker.io/grafana/grafana-image-renderer:3.12.9 at: /lib/apk/db/installed"
"qubership-monitoring-operator","grype","docker.io/grafana/grafana-image-renderer:3.12.9","CVE-2025-10891","High","chromium","138.0.7204.93-r0","","A high vulnerability in apk package: chromium, version 138.0.7204.93-r0 was found in image docker.io/grafana/grafana-image-renderer:3.12.9 at: /lib/apk/db/installed"
"qubership-monitoring-operator","grype","docker.io/grafana/grafana-image-renderer:3.12.9","CVE-2025-10892","High","chromium","138.0.7204.93-r0","","A high vulnerability in apk package: chromium, version 138.0.7204.93-r0 was found in image docker.io/grafana/grafana-image-renderer:3.12.9 at: /lib/apk/db/installed"
"qubership-monitoring-operator","grype","docker.io/grafana/grafana-image-renderer:3.12.9","CVE-2025-12428","High","chromium","138.0.7204.93-r0","","A high vulnerability in apk package: chromium, version 138.0.7204.93-r0 was found in image docker.io/grafana/grafana-image-renderer:3.12.9 at: /lib/apk/db/installed"
"qubership-monitoring-operator","grype","docker.io/grafana/grafana-image-renderer:3.12.9","GHSA-6rw7-vpxm-498p","High","qs","6.13.0","6.14.1","A high vulnerability in npm package: qs, version 6.13.0 was found in image docker.io/grafana/grafana-image-renderer:3.12.9 at: /usr/src/app/node_modules/qs/package.json"
"qubership-monitoring-operator","grype","docker.io/grafana/grafana-image-renderer:3.12.9","CVE-2025-11756","High","chromium","138.0.7204.93-r0","","A high vulnerability in apk package: chromium, version 138.0.7204.93-r0 was found in image docker.io/grafana/grafana-image-renderer:3.12.9 at: /lib/apk/db/installed"
"qubership-monitoring-operator","grype","docker.io/grafana/grafana-image-renderer:3.12.9","CVE-2025-12438","High","chromium","138.0.7204.93-r0","","A high vulnerability in apk package: chromium, version 138.0.7204.93-r0 was found in image docker.io/grafana/grafana-image-renderer:3.12.9 at: /lib/apk/db/installed"
"qubership-monitoring-operator","grype","docker.io/grafana/grafana-image-renderer:3.12.9","CVE-2025-15467","Critical","libcrypto3","3.5.0-r0","3.5.5-r0","A critical vulnerability in apk package: libcrypto3, version 3.5.0-r0 was found in image docker.io/grafana/grafana-image-renderer:3.12.9 at: /lib/apk/db/installed"
"qubership-monitoring-operator","grype","docker.io/grafana/grafana-image-renderer:3.12.9","CVE-2025-15467","Critical","libssl3","3.5.0-r0","3.5.5-r0","A critical vulnerability in apk package: libssl3, version 3.5.0-r0 was found in image docker.io/grafana/grafana-image-renderer:3.12.9 at: /lib/apk/db/installed"
"qubership-monitoring-operator","grype","docker.io/grafana/grafana-image-renderer:3.12.9","CVE-2025-9132","High","chromium","138.0.7204.93-r0","","A high vulnerability in apk package: chromium, version 138.0.7204.93-r0 was found in image docker.io/grafana/grafana-image-renderer:3.12.9 at: /lib/apk/db/installed"
"qubership-monitoring-operator","grype","docker.io/grafana/grafana-image-renderer:3.12.9","CVE-2025-10502","High","chromium","138.0.7204.93-r0","","A high vulnerability in apk package: chromium, version 138.0.7204.93-r0 was found in image docker.io/grafana/grafana-image-renderer:3.12.9 at: /lib/apk/db/installed"
"qubership-monitoring-operator","grype","docker.io/grafana/grafana-image-renderer:3.12.9","CVE-2018-6553","High","cups-libs","2.4.11-r0","","A high vulnerability in apk package: cups-libs, version 2.4.11-r0 was found in image docker.io/grafana/grafana-image-renderer:3.12.9 at: /lib/apk/db/installed"
"qubership-monitoring-operator","grype","docker.io/grafana/grafana-image-renderer:3.12.9","CVE-2025-12437","High","chromium","138.0.7204.93-r0","","A high vulnerability in apk package: chromium, version 138.0.7204.93-r0 was found in image docker.io/grafana/grafana-image-renderer:3.12.9 at: /lib/apk/db/installed"
"qubership-monitoring-operator","grype","docker.io/grafana/grafana-image-renderer:3.12.9","CVE-2025-9478","High","chromium","138.0.7204.93-r0","","A high vulnerability in apk package: chromium, version 138.0.7204.93-r0 was found in image docker.io/grafana/grafana-image-renderer:3.12.9 at: /lib/apk/db/installed"
"qubership-monitoring-operator","grype","docker.io/grafana/grafana-image-renderer:3.12.9","CVE-2025-0518","Medium","ffmpeg-libavcodec","6.1.2-r4","","A medium vulnerability in apk package: ffmpeg-libavcodec, version 6.1.2-r4 was found in image docker.io/grafana/grafana-image-renderer:3.12.9 at: /lib/apk/db/installed"
"qubership-monitoring-operator","grype","docker.io/grafana/grafana-image-renderer:3.12.9","CVE-2025-0518","Medium","ffmpeg-libavformat","6.1.2-r4","","A medium vulnerability in apk package: ffmpeg-libavformat, version 6.1.2-r4 was found in image docker.io/grafana/grafana-image-renderer:3.12.9 at: /lib/apk/db/installed"
"qubership-monitoring-operator","grype","docker.io/grafana/grafana-image-renderer:3.12.9","CVE-2025-0518","Medium","ffmpeg-libavutil","6.1.2-r4","","A medium vulnerability in apk package: ffmpeg-libavutil, version 6.1.2-r4 was found in image docker.io/grafana/grafana-image-renderer:3.12.9 at: /lib/apk/db/installed"
"qubership-monitoring-operator","grype","docker.io/grafana/grafana-image-renderer:3.12.9","CVE-2025-0518","Medium","ffmpeg-libswresample","6.1.2-r4","","A medium vulnerability in apk package: ffmpeg-libswresample, version 6.1.2-r4 was found in image docker.io/grafana/grafana-image-renderer:3.12.9 at: /lib/apk/db/installed"
"qubership-monitoring-operator","grype","docker.io/grafana/grafana-image-renderer:3.12.9","CVE-2025-12725","High","chromium","138.0.7204.93-r0","","A high vulnerability in apk package: chromium, version 138.0.7204.93-r0 was found in image docker.io/grafana/grafana-image-renderer:3.12.9 at: /lib/apk/db/installed"
"qubership-monitoring-operator","grype","docker.io/grafana/grafana-image-renderer:3.12.9","CVE-2026-0906","Critical","chromium","138.0.7204.93-r0","","A critical vulnerability in apk package: chromium, version 138.0.7204.93-r0 was found in image docker.io/grafana/grafana-image-renderer:3.12.9 at: /lib/apk/db/installed"
"qubership-monitoring-operator","grype","docker.io/grafana/grafana-image-renderer:3.12.9","CVE-2026-0907","Critical","chromium","138.0.7204.93-r0","","A critical vulnerability in apk package: chromium, version 138.0.7204.93-r0 was found in image docker.io/grafana/grafana-image-renderer:3.12.9 at: /lib/apk/db/installed"
"qubership-monitoring-operator","grype","docker.io/grafana/grafana-image-renderer:3.12.9","CVE-2025-49795","High","libxml2","2.13.8-r0","2.13.9-r0","A high vulnerability in apk package: libxml2, version 2.13.8-r0 was found in image docker.io/grafana/grafana-image-renderer:3.12.9 at: /lib/apk/db/installed"
"qubership-monitoring-operator","grype","docker.io/grafana/grafana-image-renderer:3.12.9","CVE-2025-14765","High","chromium","138.0.7204.93-r0","","A high vulnerability in apk package: chromium, version 138.0.7204.93-r0 was found in image docker.io/grafana/grafana-image-renderer:3.12.9 at: /lib/apk/db/installed"
"qubership-monitoring-operator","grype","docker.io/grafana/grafana-image-renderer:3.12.9","CVE-2025-8292","High","chromium","138.0.7204.93-r0","","A high vulnerability in apk package: chromium, version 138.0.7204.93-r0 was found in image docker.io/grafana/grafana-image-renderer:3.12.9 at: /lib/apk/db/installed"
"qubership-monitoring-operator","grype","docker.io/grafana/grafana-image-renderer:3.12.9","CVE-2025-10200","High","chromium","138.0.7204.93-r0","","A high vulnerability in apk package: chromium, version 138.0.7204.93-r0 was found in image docker.io/grafana/grafana-image-renderer:3.12.9 at: /lib/apk/db/installed"
"qubership-monitoring-operator","grype","docker.io/grafana/grafana-image-renderer:3.12.9","CVE-2025-58364","Medium","cups-libs","2.4.11-r0","2.4.16-r0","A medium vulnerability in apk package: cups-libs, version 2.4.11-r0 was found in image docker.io/grafana/grafana-image-renderer:3.12.9 at: /lib/apk/db/installed"
"qubership-monitoring-operator","grype","docker.io/grafana/grafana-image-renderer:3.12.9","CVE-2025-13224","High","chromium","138.0.7204.93-r0","","A high vulnerability in apk package: chromium, version 138.0.7204.93-r0 was found in image docker.io/grafana/grafana-image-renderer:3.12.9 at: /lib/apk/db/installed"
"qubership-monitoring-operator","grype","docker.io/grafana/grafana-image-renderer:3.12.9","CVE-2025-13226","High","chromium","138.0.7204.93-r0","","A high vulnerability in apk package: chromium, version 138.0.7204.93-r0 was found in image docker.io/grafana/grafana-image-renderer:3.12.9 at: /lib/apk/db/installed"
"qubership-monitoring-operator","grype","docker.io/grafana/grafana-image-renderer:3.12.9","CVE-2025-13227","High","chromium","138.0.7204.93-r0","","A high vulnerability in apk package: chromium, version 138.0.7204.93-r0 was found in image docker.io/grafana/grafana-image-renderer:3.12.9 at: /lib/apk/db/installed"
"qubership-monitoring-operator","grype","docker.io/grafana/grafana-image-renderer:3.12.9","CVE-2025-13228","High","chromium","138.0.7204.93-r0","","A high vulnerability in apk package: chromium, version 138.0.7204.93-r0 was found in image docker.io/grafana/grafana-image-renderer:3.12.9 at: /lib/apk/db/installed"
"qubership-monitoring-operator","grype","docker.io/grafana/grafana-image-renderer:3.12.9","CVE-2025-13229","High","chromium","138.0.7204.93-r0","","A high vulnerability in apk package: chromium, version 138.0.7204.93-r0 was found in image docker.io/grafana/grafana-image-renderer:3.12.9 at: /lib/apk/db/installed"
"qubership-monitoring-operator","grype","docker.io/grafana/grafana-image-renderer:3.12.9","CVE-2025-13230","High","chromium","138.0.7204.93-r0","","A high vulnerability in apk package: chromium, version 138.0.7204.93-r0 was found in image docker.io/grafana/grafana-image-renderer:3.12.9 at: /lib/apk/db/installed"
"qubership-monitoring-operator","grype","docker.io/grafana/grafana-image-renderer:3.12.9","CVE-2025-12036","High","chromium","138.0.7204.93-r0","","A high vulnerability in apk package: chromium, version 138.0.7204.93-r0 was found in image docker.io/grafana/grafana-image-renderer:3.12.9 at: /lib/apk/db/installed"
"qubership-monitoring-operator","grype","docker.io/grafana/grafana-image-renderer:3.12.9","CVE-2025-12429","High","chromium","138.0.7204.93-r0","","A high vulnerability in apk package: chromium, version 138.0.7204.93-r0 was found in image docker.io/grafana/grafana-image-renderer:3.12.9 at: /lib/apk/db/installed"
"qubership-monitoring-operator","grype","docker.io/grafana/grafana-image-renderer:3.12.9","CVE-2025-12727","High","chromium","138.0.7204.93-r0","","A high vulnerability in apk package: chromium, version 138.0.7204.93-r0 was found in image docker.io/grafana/grafana-image-renderer:3.12.9 at: /lib/apk/db/installed"
"qubership-monitoring-operator","grype","docker.io/grafana/grafana-image-renderer:3.12.9","CVE-2025-13042","High","chromium","138.0.7204.93-r0","","A high vulnerability in apk package: chromium, version 138.0.7204.93-r0 was found in image docker.io/grafana/grafana-image-renderer:3.12.9 at: /lib/apk/db/installed"
"qubership-monitoring-operator","grype","docker.io/grafana/grafana-image-renderer:3.12.9","CVE-2023-6601","Medium","ffmpeg-libavcodec","6.1.2-r4","","A medium vulnerability in apk package: ffmpeg-libavcodec, version 6.1.2-r4 was found in image docker.io/grafana/grafana-image-renderer:3.12.9 at: /lib/apk/db/installed"
"qubership-monitoring-operator","grype","docker.io/grafana/grafana-image-renderer:3.12.9","CVE-2023-6601","Medium","ffmpeg-libavformat","6.1.2-r4","","A medium vulnerability in apk package: ffmpeg-libavformat, version 6.1.2-r4 was found in image docker.io/grafana/grafana-image-renderer:3.12.9 at: /lib/apk/db/installed"
"qubership-monitoring-operator","grype","docker.io/grafana/grafana-image-renderer:3.12.9","CVE-2023-6601","Medium","ffmpeg-libavutil","6.1.2-r4","","A medium vulnerability in apk package: ffmpeg-libavutil, version 6.1.2-r4 was found in image docker.io/grafana/grafana-image-renderer:3.12.9 at: /lib/apk/db/installed"
"qubership-monitoring-operator","grype","docker.io/grafana/grafana-image-renderer:3.12.9","CVE-2023-6601","Medium","ffmpeg-libswresample","6.1.2-r4","","A medium vulnerability in apk package: ffmpeg-libswresample, version 6.1.2-r4 was found in image docker.io/grafana/grafana-image-renderer:3.12.9 at: /lib/apk/db/installed"
"qubership-monitoring-operator","grype","docker.io/grafana/grafana-image-renderer:3.12.9","CVE-2025-25469","Medium","ffmpeg-libavcodec","6.1.2-r4","","A medium vulnerability in apk package: ffmpeg-libavcodec, version 6.1.2-r4 was found in image docker.io/grafana/grafana-image-renderer:3.12.9 at: /lib/apk/db/installed"
"qubership-monitoring-operator","grype","docker.io/grafana/grafana-image-renderer:3.12.9","CVE-2025-25469","Medium","ffmpeg-libavformat","6.1.2-r4","","A medium vulnerability in apk package: ffmpeg-libavformat, version 6.1.2-r4 was found in image docker.io/grafana/grafana-image-renderer:3.12.9 at: /lib/apk/db/installed"
"qubership-monitoring-operator","grype","docker.io/grafana/grafana-image-renderer:3.12.9","CVE-2025-25469","Medium","ffmpeg-libavutil","6.1.2-r4","","A medium vulnerability in apk package: ffmpeg-libavutil, version 6.1.2-r4 was found in image docker.io/grafana/grafana-image-renderer:3.12.9 at: /lib/apk/db/installed"
"qubership-monitoring-operator","grype","docker.io/grafana/grafana-image-renderer:3.12.9","CVE-2025-25469","Medium","ffmpeg-libswresample","6.1.2-r4","","A medium vulnerability in apk package: ffmpeg-libswresample, version 6.1.2-r4 was found in image docker.io/grafana/grafana-image-renderer:3.12.9 at: /lib/apk/db/installed"
"qubership-monitoring-operator","grype","docker.io/grafana/grafana-image-renderer:3.12.9","CVE-2025-12726","High","chromium","138.0.7204.93-r0","","A high vulnerability in apk package: chromium, version 138.0.7204.93-r0 was found in image docker.io/grafana/grafana-image-renderer:3.12.9 at: /lib/apk/db/installed"
"qubership-monitoring-operator","grype","docker.io/grafana/grafana-image-renderer:3.12.9","CVE-2025-25468","Medium","ffmpeg-libavcodec","6.1.2-r4","","A medium vulnerability in apk package: ffmpeg-libavcodec, version 6.1.2-r4 was found in image docker.io/grafana/grafana-image-renderer:3.12.9 at: /lib/apk/db/installed"
"qubership-monitoring-operator","grype","docker.io/grafana/grafana-image-renderer:3.12.9","CVE-2025-25468","Medium","ffmpeg-libavformat","6.1.2-r4","","A medium vulnerability in apk package: ffmpeg-libavformat, version 6.1.2-r4 was found in image docker.io/grafana/grafana-image-renderer:3.12.9 at: /lib/apk/db/installed"
"qubership-monitoring-operator","grype","docker.io/grafana/grafana-image-renderer:3.12.9","CVE-2025-25468","Medium","ffmpeg-libavutil","6.1.2-r4","","A medium vulnerability in apk package: ffmpeg-libavutil, version 6.1.2-r4 was found in image docker.io/grafana/grafana-image-renderer:3.12.9 at: /lib/apk/db/installed"
"qubership-monitoring-operator","grype","docker.io/grafana/grafana-image-renderer:3.12.9","CVE-2025-25468","Medium","ffmpeg-libswresample","6.1.2-r4","","A medium vulnerability in apk package: ffmpeg-libswresample, version 6.1.2-r4 was found in image docker.io/grafana/grafana-image-renderer:3.12.9 at: /lib/apk/db/installed"
"qubership-monitoring-operator","grype","docker.io/grafana/grafana-image-renderer:3.12.9","CVE-2025-14766","High","chromium","138.0.7204.93-r0","","A high vulnerability in apk package: chromium, version 138.0.7204.93-r0 was found in image docker.io/grafana/grafana-image-renderer:3.12.9 at: /lib/apk/db/installed"
"qubership-monitoring-operator","grype","docker.io/grafana/grafana-image-renderer:3.12.9","CVE-2025-11205","High","chromium","138.0.7204.93-r0","","A high vulnerability in apk package: chromium, version 138.0.7204.93-r0 was found in image docker.io/grafana/grafana-image-renderer:3.12.9 at: /lib/apk/db/installed"
"qubership-monitoring-operator","grype","docker.io/grafana/grafana-image-renderer:3.12.9","CVE-2025-9866","High","chromium","138.0.7204.93-r0","","A high vulnerability in apk package: chromium, version 138.0.7204.93-r0 was found in image docker.io/grafana/grafana-image-renderer:3.12.9 at: /lib/apk/db/installed"
"qubership-monitoring-operator","grype","docker.io/grafana/grafana-image-renderer:3.12.9","CVE-2025-8010","High","chromium","138.0.7204.93-r0","","A high vulnerability in apk package: chromium, version 138.0.7204.93-r0 was found in image docker.io/grafana/grafana-image-renderer:3.12.9 at: /lib/apk/db/installed"
"qubership-monitoring-operator","grype","docker.io/grafana/grafana-image-renderer:3.12.9","CVE-2025-12432","High","chromium","138.0.7204.93-r0","","A high vulnerability in apk package: chromium, version 138.0.7204.93-r0 was found in image docker.io/grafana/grafana-image-renderer:3.12.9 at: /lib/apk/db/installed"
"qubership-monitoring-operator","grype","docker.io/grafana/grafana-image-renderer:3.12.9","CVE-2025-11460","High","chromium","138.0.7204.93-r0","","A high vulnerability in apk package: chromium, version 138.0.7204.93-r0 was found in image docker.io/grafana/grafana-image-renderer:3.12.9 at: /lib/apk/db/installed"
"qubership-monitoring-operator","grype","docker.io/grafana/grafana-image-renderer:3.12.9","CVE-2025-12908","Medium","chromium","138.0.7204.93-r0","","A medium vulnerability in apk package: chromium, version 138.0.7204.93-r0 was found in image docker.io/grafana/grafana-image-renderer:3.12.9 at: /lib/apk/db/installed"
"qubership-monitoring-operator","grype","docker.io/grafana/grafana-image-renderer:3.12.9","CVE-2026-0902","High","chromium","138.0.7204.93-r0","","A high vulnerability in apk package: chromium, version 138.0.7204.93-r0 was found in image docker.io/grafana/grafana-image-renderer:3.12.9 at: /lib/apk/db/installed"
"qubership-monitoring-operator","grype","docker.io/grafana/grafana-image-renderer:3.12.9","CVE-2026-0899","High","chromium","138.0.7204.93-r0","","A high vulnerability in apk package: chromium, version 138.0.7204.93-r0 was found in image docker.io/grafana/grafana-image-renderer:3.12.9 at: /lib/apk/db/installed"
"qubership-monitoring-operator","grype","docker.io/grafana/grafana-image-renderer:3.12.9","CVE-2026-0900","High","chromium","138.0.7204.93-r0","","A high vulnerability in apk package: chromium, version 138.0.7204.93-r0 was found in image docker.io/grafana/grafana-image-renderer:3.12.9 at: /lib/apk/db/installed"
"qubership-monitoring-operator","grype","docker.io/grafana/grafana-image-renderer:3.12.9","CVE-2026-0908","High","chromium","138.0.7204.93-r0","","A high vulnerability in apk package: chromium, version 138.0.7204.93-r0 was found in image docker.io/grafana/grafana-image-renderer:3.12.9 at: /lib/apk/db/installed"
"qubership-monitoring-operator","grype","docker.io/grafana/grafana-image-renderer:3.12.9","CVE-2025-8011","High","chromium","138.0.7204.93-r0","","A high vulnerability in apk package: chromium, version 138.0.7204.93-r0 was found in image docker.io/grafana/grafana-image-renderer:3.12.9 at: /lib/apk/db/installed"
"qubership-monitoring-operator","grype","docker.io/grafana/grafana-image-renderer:3.12.9","CVE-2025-7656","High","chromium","138.0.7204.93-r0","","A high vulnerability in apk package: chromium, version 138.0.7204.93-r0 was found in image docker.io/grafana/grafana-image-renderer:3.12.9 at: /lib/apk/db/installed"
"qubership-monitoring-operator","grype","docker.io/grafana/grafana-image-renderer:3.12.9","CVE-2025-48072","Critical","openexr-libiex","3.3.2-r0","","A critical vulnerability in apk package: openexr-libiex, version 3.3.2-r0 was found in image docker.io/grafana/grafana-image-renderer:3.12.9 at: /lib/apk/db/installed"
"qubership-monitoring-operator","grype","docker.io/grafana/grafana-image-renderer:3.12.9","CVE-2025-48072","Critical","openexr-libilmthread","3.3.2-r0","","A critical vulnerability in apk package: openexr-libilmthread, version 3.3.2-r0 was found in image docker.io/grafana/grafana-image-renderer:3.12.9 at: /lib/apk/db/installed"
"qubership-monitoring-operator","grype","docker.io/grafana/grafana-image-renderer:3.12.9","CVE-2025-48072","Critical","openexr-libopenexr","3.3.2-r0","","A critical vulnerability in apk package: openexr-libopenexr, version 3.3.2-r0 was found in image docker.io/grafana/grafana-image-renderer:3.12.9 at: /lib/apk/db/installed"
"qubership-monitoring-operator","grype","docker.io/grafana/grafana-image-renderer:3.12.9","CVE-2025-48072","Critical","openexr-libopenexrcore","3.3.2-r0","","A critical vulnerability in apk package: openexr-libopenexrcore, version 3.3.2-r0 was found in image docker.io/grafana/grafana-image-renderer:3.12.9 at: /lib/apk/db/installed"
"qubership-monitoring-operator","grype","docker.io/grafana/grafana-image-renderer:3.12.9","CVE-2025-11206","High","chromium","138.0.7204.93-r0","","A high vulnerability in apk package: chromium, version 138.0.7204.93-r0 was found in image docker.io/grafana/grafana-image-renderer:3.12.9 at: /lib/apk/db/installed"
"qubership-monitoring-operator","grype","docker.io/grafana/grafana-image-renderer:3.12.9","CVE-2025-49794","Critical","libxml2","2.13.8-r0","2.13.9-r0","A critical vulnerability in apk package: libxml2, version 2.13.8-r0 was found in image docker.io/grafana/grafana-image-renderer:3.12.9 at: /lib/apk/db/installed"
"qubership-monitoring-operator","grype","docker.io/grafana/grafana-image-renderer:3.12.9","CVE-2025-66293","High","libpng","1.6.47-r0","1.6.53-r0","A high vulnerability in apk package: libpng, version 1.6.47-r0 was found in image docker.io/grafana/grafana-image-renderer:3.12.9 at: /lib/apk/db/installed"
"qubership-monitoring-operator","grype","docker.io/grafana/grafana-image-renderer:3.12.9","CVE-2025-58060","High","cups-libs","2.4.11-r0","2.4.16-r0","A high vulnerability in apk package: cups-libs, version 2.4.11-r0 was found in image docker.io/grafana/grafana-image-renderer:3.12.9 at: /lib/apk/db/installed"
"qubership-monitoring-operator","grype","docker.io/grafana/grafana-image-renderer:3.12.9","CVE-2025-11208","Medium","chromium","138.0.7204.93-r0","","A medium vulnerability in apk package: chromium, version 138.0.7204.93-r0 was found in image docker.io/grafana/grafana-image-renderer:3.12.9 at: /lib/apk/db/installed"
"qubership-monitoring-operator","grype","docker.io/grafana/grafana-image-renderer:3.12.9","CVE-2025-11212","Medium","chromium","138.0.7204.93-r0","","A medium vulnerability in apk package: chromium, version 138.0.7204.93-r0 was found in image docker.io/grafana/grafana-image-renderer:3.12.9 at: /lib/apk/db/installed"
"qubership-monitoring-operator","grype","docker.io/grafana/grafana-image-renderer:3.12.9","CVE-2025-11213","Medium","chromium","138.0.7204.93-r0","","A medium vulnerability in apk package: chromium, version 138.0.7204.93-r0 was found in image docker.io/grafana/grafana-image-renderer:3.12.9 at: /lib/apk/db/installed"
"qubership-monitoring-operator","grype","docker.io/grafana/grafana-image-renderer:3.12.9","CVE-2025-59465","High","node","20.19.3","20.20.0,22.22.0,24.13.0,25.3.0","A high vulnerability in binary package: node, version 20.19.3 was found in image docker.io/grafana/grafana-image-renderer:3.12.9 at: /usr/local/bin/node"
"qubership-monitoring-operator","grype","docker.io/grafana/grafana-image-renderer:3.12.9","CVE-2025-22919","Medium","ffmpeg-libavcodec","6.1.2-r4","","A medium vulnerability in apk package: ffmpeg-libavcodec, version 6.1.2-r4 was found in image docker.io/grafana/grafana-image-renderer:3.12.9 at: /lib/apk/db/installed"
"qubership-monitoring-operator","grype","docker.io/grafana/grafana-image-renderer:3.12.9","CVE-2025-22919","Medium","ffmpeg-libavformat","6.1.2-r4","","A medium vulnerability in apk package: ffmpeg-libavformat, version 6.1.2-r4 was found in image docker.io/grafana/grafana-image-renderer:3.12.9 at: /lib/apk/db/installed"
"qubership-monitoring-operator","grype","docker.io/grafana/grafana-image-renderer:3.12.9","CVE-2025-22919","Medium","ffmpeg-libavutil","6.1.2-r4","","A medium vulnerability in apk package: ffmpeg-libavutil, version 6.1.2-r4 was found in image docker.io/grafana/grafana-image-renderer:3.12.9 at: /lib/apk/db/installed"
"qubership-monitoring-operator","grype","docker.io/grafana/grafana-image-renderer:3.12.9","CVE-2025-22919","Medium","ffmpeg-libswresample","6.1.2-r4","","A medium vulnerability in apk package: ffmpeg-libswresample, version 6.1.2-r4 was found in image docker.io/grafana/grafana-image-renderer:3.12.9 at: /lib/apk/db/installed"
"qubership-monitoring-operator","grype","docker.io/grafana/grafana-image-renderer:3.12.9","CVE-2025-10890","Critical","chromium","138.0.7204.93-r0","","A critical vulnerability in apk package: chromium, version 138.0.7204.93-r0 was found in image docker.io/grafana/grafana-image-renderer:3.12.9 at: /lib/apk/db/installed"
"qubership-monitoring-operator","grype","docker.io/grafana/grafana-image-renderer:3.12.9","CVE-2025-64720","High","libpng","1.6.47-r0","1.6.51-r0","A high vulnerability in apk package: libpng, version 1.6.47-r0 was found in image docker.io/grafana/grafana-image-renderer:3.12.9 at: /lib/apk/db/installed"
"qubership-monitoring-operator","grype","docker.io/grafana/grafana-image-renderer:3.12.9","CVE-2025-12435","Medium","chromium","138.0.7204.93-r0","","A medium vulnerability in apk package: chromium, version 138.0.7204.93-r0 was found in image docker.io/grafana/grafana-image-renderer:3.12.9 at: /lib/apk/db/installed"
"qubership-monitoring-operator","grype","docker.io/grafana/grafana-image-renderer:3.12.9","CVE-2024-52616","Medium","avahi-libs","0.8-r20","0.8-r21","A medium vulnerability in apk package: avahi-libs, version 0.8-r20 was found in image docker.io/grafana/grafana-image-renderer:3.12.9 at: /lib/apk/db/installed"
"qubership-monitoring-operator","grype","docker.io/grafana/grafana-image-renderer:3.12.9","CVE-2025-6965","Critical","sqlite-libs","3.49.2-r0","3.49.2-r1","A critical vulnerability in apk package: sqlite-libs, version 3.49.2-r0 was found in image docker.io/grafana/grafana-image-renderer:3.12.9 at: /lib/apk/db/installed"
"qubership-monitoring-operator","grype","docker.io/grafana/grafana-image-renderer:3.12.9","CVE-2025-64183","High","openexr-libiex","3.3.2-r0","","A high vulnerability in apk package: openexr-libiex, version 3.3.2-r0 was found in image docker.io/grafana/grafana-image-renderer:3.12.9 at: /lib/apk/db/installed"
"qubership-monitoring-operator","grype","docker.io/grafana/grafana-image-renderer:3.12.9","CVE-2025-64183","High","openexr-libilmthread","3.3.2-r0","","A high vulnerability in apk package: openexr-libilmthread, version 3.3.2-r0 was found in image docker.io/grafana/grafana-image-renderer:3.12.9 at: /lib/apk/db/installed"
"qubership-monitoring-operator","grype","docker.io/grafana/grafana-image-renderer:3.12.9","CVE-2025-64183","High","openexr-libopenexr","3.3.2-r0","","A high vulnerability in apk package: openexr-libopenexr, version 3.3.2-r0 was found in image docker.io/grafana/grafana-image-renderer:3.12.9 at: /lib/apk/db/installed"
"qubership-monitoring-operator","grype","docker.io/grafana/grafana-image-renderer:3.12.9","CVE-2025-64183","High","openexr-libopenexrcore","3.3.2-r0","","A high vulnerability in apk package: openexr-libopenexrcore, version 3.3.2-r0 was found in image docker.io/grafana/grafana-image-renderer:3.12.9 at: /lib/apk/db/installed"
"qubership-monitoring-operator","grype","docker.io/grafana/grafana-image-renderer:3.12.9","CVE-2025-13151","High","libtasn1","4.20.0-r0","4.21.0-r0","A high vulnerability in apk package: libtasn1, version 4.20.0-r0 was found in image docker.io/grafana/grafana-image-renderer:3.12.9 at: /lib/apk/db/installed"
"qubership-monitoring-operator","grype","docker.io/grafana/grafana-image-renderer:3.12.9","CVE-2025-12906","Medium","chromium","138.0.7204.93-r0","","A medium vulnerability in apk package: chromium, version 138.0.7204.93-r0 was found in image docker.io/grafana/grafana-image-renderer:3.12.9 at: /lib/apk/db/installed"
"qubership-monitoring-operator","grype","docker.io/grafana/grafana-image-renderer:3.12.9","CVE-2025-12446","Medium","chromium","138.0.7204.93-r0","","A medium vulnerability in apk package: chromium, version 138.0.7204.93-r0 was found in image docker.io/grafana/grafana-image-renderer:3.12.9 at: /lib/apk/db/installed"
"qubership-monitoring-operator","grype","docker.io/grafana/grafana-image-renderer:3.12.9","CVE-2025-12728","Medium","chromium","138.0.7204.93-r0","","A medium vulnerability in apk package: chromium, version 138.0.7204.93-r0 was found in image docker.io/grafana/grafana-image-renderer:3.12.9 at: /lib/apk/db/installed"
"qubership-monitoring-operator","grype","docker.io/grafana/grafana-image-renderer:3.12.9","CVE-2025-12444","Medium","chromium","138.0.7204.93-r0","","A medium vulnerability in apk package: chromium, version 138.0.7204.93-r0 was found in image docker.io/grafana/grafana-image-renderer:3.12.9 at: /lib/apk/db/installed"
"qubership-monitoring-operator","grype","docker.io/grafana/grafana-image-renderer:3.12.9","CVE-2025-12447","Medium","chromium","138.0.7204.93-r0","","A medium vulnerability in apk package: chromium, version 138.0.7204.93-r0 was found in image docker.io/grafana/grafana-image-renderer:3.12.9 at: /lib/apk/db/installed"
"qubership-monitoring-operator","grype","docker.io/grafana/grafana-image-renderer:3.12.9","CVE-2025-7657","High","chromium","138.0.7204.93-r0","","A high vulnerability in apk package: chromium, version 138.0.7204.93-r0 was found in image docker.io/grafana/grafana-image-renderer:3.12.9 at: /lib/apk/db/installed"
"qubership-monitoring-operator","grype","docker.io/grafana/grafana-image-renderer:3.12.9","CVE-2025-12495","High","openexr-libiex","3.3.2-r0","","A high vulnerability in apk package: openexr-libiex, version 3.3.2-r0 was found in image docker.io/grafana/grafana-image-renderer:3.12.9 at: /lib/apk/db/installed"
"qubership-monitoring-operator","grype","docker.io/grafana/grafana-image-renderer:3.12.9","CVE-2025-12839","High","openexr-libiex","3.3.2-r0","","A high vulnerability in apk package: openexr-libiex, version 3.3.2-r0 was found in image docker.io/grafana/grafana-image-renderer:3.12.9 at: /lib/apk/db/installed"
"qubership-monitoring-operator","grype","docker.io/grafana/grafana-image-renderer:3.12.9","CVE-2025-12840","High","openexr-libiex","3.3.2-r0","","A high vulnerability in apk package: openexr-libiex, version 3.3.2-r0 was found in image docker.io/grafana/grafana-image-renderer:3.12.9 at: /lib/apk/db/installed"
"qubership-monitoring-operator","grype","docker.io/grafana/grafana-image-renderer:3.12.9","CVE-2025-12495","High","openexr-libilmthread","3.3.2-r0","","A high vulnerability in apk package: openexr-libilmthread, version 3.3.2-r0 was found in image docker.io/grafana/grafana-image-renderer:3.12.9 at: /lib/apk/db/installed"
"qubership-monitoring-operator","grype","docker.io/grafana/grafana-image-renderer:3.12.9","CVE-2025-12839","High","openexr-libilmthread","3.3.2-r0","","A high vulnerability in apk package: openexr-libilmthread, version 3.3.2-r0 was found in image docker.io/grafana/grafana-image-renderer:3.12.9 at: /lib/apk/db/installed"
"qubership-monitoring-operator","grype","docker.io/grafana/grafana-image-renderer:3.12.9","CVE-2025-12840","High","openexr-libilmthread","3.3.2-r0","","A high vulnerability in apk package: openexr-libilmthread, version 3.3.2-r0 was found in image docker.io/grafana/grafana-image-renderer:3.12.9 at: /lib/apk/db/installed"
"qubership-monitoring-operator","grype","docker.io/grafana/grafana-image-renderer:3.12.9","CVE-2025-12495","High","openexr-libopenexr","3.3.2-r0","","A high vulnerability in apk package: openexr-libopenexr, version 3.3.2-r0 was found in image docker.io/grafana/grafana-image-renderer:3.12.9 at: /lib/apk/db/installed"
"qubership-monitoring-operator","grype","docker.io/grafana/grafana-image-renderer:3.12.9","CVE-2025-12839","High","openexr-libopenexr","3.3.2-r0","","A high vulnerability in apk package: openexr-libopenexr, version 3.3.2-r0 was found in image docker.io/grafana/grafana-image-renderer:3.12.9 at: /lib/apk/db/installed"
"qubership-monitoring-operator","grype","docker.io/grafana/grafana-image-renderer:3.12.9","CVE-2025-12840","High","openexr-libopenexr","3.3.2-r0","","A high vulnerability in apk package: openexr-libopenexr, version 3.3.2-r0 was found in image docker.io/grafana/grafana-image-renderer:3.12.9 at: /lib/apk/db/installed"
"qubership-monitoring-operator","grype","docker.io/grafana/grafana-image-renderer:3.12.9","CVE-2025-12495","High","openexr-libopenexrcore","3.3.2-r0","","A high vulnerability in apk package: openexr-libopenexrcore, version 3.3.2-r0 was found in image docker.io/grafana/grafana-image-renderer:3.12.9 at: /lib/apk/db/installed"
"qubership-monitoring-operator","grype","docker.io/grafana/grafana-image-renderer:3.12.9","CVE-2025-12839","High","openexr-libopenexrcore","3.3.2-r0","","A high vulnerability in apk package: openexr-libopenexrcore, version 3.3.2-r0 was found in image docker.io/grafana/grafana-image-renderer:3.12.9 at: /lib/apk/db/installed"
"qubership-monitoring-operator","grype","docker.io/grafana/grafana-image-renderer:3.12.9","CVE-2025-12840","High","openexr-libopenexrcore","3.3.2-r0","","A high vulnerability in apk package: openexr-libopenexrcore, version 3.3.2-r0 was found in image docker.io/grafana/grafana-image-renderer:3.12.9 at: /lib/apk/db/installed"
"qubership-monitoring-operator","grype","docker.io/grafana/grafana-image-renderer:3.12.9","GHSA-rx8g-88g5-qh64","Medium","min-document","2.19.0","2.19.1","A low vulnerability in npm package: min-document, version 2.19.0 was found in image docker.io/grafana/grafana-image-renderer:3.12.9 at: /usr/src/app/node_modules/min-document/package.json"
"qubership-monitoring-operator","grype","docker.io/grafana/grafana-image-renderer:3.12.9","CVE-2024-52615","Medium","avahi-libs","0.8-r20","0.8-r21","A medium vulnerability in apk package: avahi-libs, version 0.8-r20 was found in image docker.io/grafana/grafana-image-renderer:3.12.9 at: /lib/apk/db/installed"
"qubership-monitoring-operator","grype","docker.io/grafana/grafana-image-renderer:3.12.9","CVE-2025-11209","High","chromium","138.0.7204.93-r0","","A high vulnerability in apk package: chromium, version 138.0.7204.93-r0 was found in image docker.io/grafana/grafana-image-renderer:3.12.9 at: /lib/apk/db/installed"
"qubership-monitoring-operator","grype","docker.io/grafana/grafana-image-renderer:3.12.9","CVE-2025-12430","High","chromium","138.0.7204.93-r0","","A high vulnerability in apk package: chromium, version 138.0.7204.93-r0 was found in image docker.io/grafana/grafana-image-renderer:3.12.9 at: /lib/apk/db/installed"
"qubership-monitoring-operator","grype","docker.io/grafana/grafana-image-renderer:3.12.9","GHSA-xxjr-mmjv-4gpg","Medium","lodash","4.17.21","4.17.23","A medium vulnerability in npm package: lodash, version 4.17.21 was found in image docker.io/grafana/grafana-image-renderer:3.12.9 at: /usr/src/app/node_modules/lodash/package.json"
"qubership-monitoring-operator","grype","docker.io/grafana/grafana-image-renderer:3.12.9","CVE-2026-22796","Medium","libcrypto3","3.5.0-r0","3.5.5-r0","A medium vulnerability in apk package: libcrypto3, version 3.5.0-r0 was found in image docker.io/grafana/grafana-image-renderer:3.12.9 at: /lib/apk/db/installed"
"qubership-monitoring-operator","grype","docker.io/grafana/grafana-image-renderer:3.12.9","CVE-2026-22796","Medium","libssl3","3.5.0-r0","3.5.5-r0","A medium vulnerability in apk package: libssl3, version 3.5.0-r0 was found in image docker.io/grafana/grafana-image-renderer:3.12.9 at: /lib/apk/db/installed"
"qubership-monitoring-operator","grype","docker.io/grafana/grafana-image-renderer:3.12.9","CVE-2025-11211","High","chromium","138.0.7204.93-r0","","A high vulnerability in apk package: chromium, version 138.0.7204.93-r0 was found in image docker.io/grafana/grafana-image-renderer:3.12.9 at: /lib/apk/db/installed"
"qubership-monitoring-operator","grype","docker.io/grafana/grafana-image-renderer:3.12.9","CVE-2025-11458","High","chromium","138.0.7204.93-r0","","A high vulnerability in apk package: chromium, version 138.0.7204.93-r0 was found in image docker.io/grafana/grafana-image-renderer:3.12.9 at: /lib/apk/db/installed"
"qubership-monitoring-operator","grype","docker.io/grafana/grafana-image-renderer:3.12.9","CVE-2025-60876","Medium","busybox","1.37.0-r18","","A medium vulnerability in apk package: busybox, version 1.37.0-r18 was found in image docker.io/grafana/grafana-image-renderer:3.12.9 at: /lib/apk/db/installed"
"qubership-monitoring-operator","grype","docker.io/grafana/grafana-image-renderer:3.12.9","CVE-2025-60876","Medium","busybox-binsh","1.37.0-r18","","A medium vulnerability in apk package: busybox-binsh, version 1.37.0-r18 was found in image docker.io/grafana/grafana-image-renderer:3.12.9 at: /lib/apk/db/installed"
"qubership-monitoring-operator","grype","docker.io/grafana/grafana-image-renderer:3.12.9","CVE-2025-60876","Medium","ssl_client","1.37.0-r18","","A medium vulnerability in apk package: ssl_client, version 1.37.0-r18 was found in image docker.io/grafana/grafana-image-renderer:3.12.9 at: /lib/apk/db/installed"
"qubership-monitoring-operator","grype","docker.io/grafana/grafana-image-renderer:3.12.9","CVE-2025-52497","Medium","mbedtls","3.6.3.1-r0","3.6.4-r0","A medium vulnerability in apk package: mbedtls, version 3.6.3.1-r0 was found in image docker.io/grafana/grafana-image-renderer:3.12.9 at: /lib/apk/db/installed"
"qubership-monitoring-operator","grype","docker.io/grafana/grafana-image-renderer:3.12.9","CVE-2025-64181","High","openexr-libiex","3.3.2-r0","","A high vulnerability in apk package: openexr-libiex, version 3.3.2-r0 was found in image docker.io/grafana/grafana-image-renderer:3.12.9 at: /lib/apk/db/installed"
"qubership-monitoring-operator","grype","docker.io/grafana/grafana-image-renderer:3.12.9","CVE-2025-64181","High","openexr-libilmthread","3.3.2-r0","","A high vulnerability in apk package: openexr-libilmthread, version 3.3.2-r0 was found in image docker.io/grafana/grafana-image-renderer:3.12.9 at: /lib/apk/db/installed"
"qubership-monitoring-operator","grype","docker.io/grafana/grafana-image-renderer:3.12.9","CVE-2025-64181","High","openexr-libopenexr","3.3.2-r0","","A high vulnerability in apk package: openexr-libopenexr, version 3.3.2-r0 was found in image docker.io/grafana/grafana-image-renderer:3.12.9 at: /lib/apk/db/installed"
"qubership-monitoring-operator","grype","docker.io/grafana/grafana-image-renderer:3.12.9","CVE-2025-64181","High","openexr-libopenexrcore","3.3.2-r0","","A high vulnerability in apk package: openexr-libopenexrcore, version 3.3.2-r0 was found in image docker.io/grafana/grafana-image-renderer:3.12.9 at: /lib/apk/db/installed"
"qubership-monitoring-operator","grype","docker.io/grafana/grafana-image-renderer:3.12.9","CVE-2025-12909","Medium","chromium","138.0.7204.93-r0","","A medium vulnerability in apk package: chromium, version 138.0.7204.93-r0 was found in image docker.io/grafana/grafana-image-renderer:3.12.9 at: /lib/apk/db/installed"
"qubership-monitoring-operator","grype","docker.io/grafana/grafana-image-renderer:3.12.9","CVE-2025-12434","Medium","chromium","138.0.7204.93-r0","","A medium vulnerability in apk package: chromium, version 138.0.7204.93-r0 was found in image docker.io/grafana/grafana-image-renderer:3.12.9 at: /lib/apk/db/installed"
"qubership-monitoring-operator","grype","docker.io/grafana/grafana-image-renderer:3.12.9","CVE-2023-37769","Medium","pixman","0.46.0-r0","","A medium vulnerability in apk package: pixman, version 0.46.0-r0 was found in image docker.io/grafana/grafana-image-renderer:3.12.9 at: /lib/apk/db/installed"
"qubership-monitoring-operator","grype","docker.io/grafana/grafana-image-renderer:3.12.9","CVE-2025-9865","Medium","chromium","138.0.7204.93-r0","","A medium vulnerability in apk package: chromium, version 138.0.7204.93-r0 was found in image docker.io/grafana/grafana-image-renderer:3.12.9 at: /lib/apk/db/installed"
"qubership-monitoring-operator","grype","docker.io/grafana/grafana-image-renderer:3.12.9","CVE-2025-9867","Medium","chromium","138.0.7204.93-r0","","A medium vulnerability in apk package: chromium, version 138.0.7204.93-r0 was found in image docker.io/grafana/grafana-image-renderer:3.12.9 at: /lib/apk/db/installed"
"qubership-monitoring-operator","grype","docker.io/grafana/grafana-image-renderer:3.12.9","CVE-2023-49501","High","ffmpeg-libavcodec","6.1.2-r4","","A high vulnerability in apk package: ffmpeg-libavcodec, version 6.1.2-r4 was found in image docker.io/grafana/grafana-image-renderer:3.12.9 at: /lib/apk/db/installed"
"qubership-monitoring-operator","grype","docker.io/grafana/grafana-image-renderer:3.12.9","CVE-2023-49501","High","ffmpeg-libavformat","6.1.2-r4","","A high vulnerability in apk package: ffmpeg-libavformat, version 6.1.2-r4 was found in image docker.io/grafana/grafana-image-renderer:3.12.9 at: /lib/apk/db/installed"
"qubership-monitoring-operator","grype","docker.io/grafana/grafana-image-renderer:3.12.9","CVE-2023-49501","High","ffmpeg-libavutil","6.1.2-r4","","A high vulnerability in apk package: ffmpeg-libavutil, version 6.1.2-r4 was found in image docker.io/grafana/grafana-image-renderer:3.12.9 at: /lib/apk/db/installed"
"qubership-monitoring-operator","grype","docker.io/grafana/grafana-image-renderer:3.12.9","CVE-2023-49501","High","ffmpeg-libswresample","6.1.2-r4","","A high vulnerability in apk package: ffmpeg-libswresample, version 6.1.2-r4 was found in image docker.io/grafana/grafana-image-renderer:3.12.9 at: /lib/apk/db/installed"
"qubership-monitoring-operator","grype","docker.io/grafana/grafana-image-renderer:3.12.9","CVE-2025-65018","High","libpng","1.6.47-r0","1.6.51-r0","A high vulnerability in apk package: libpng, version 1.6.47-r0 was found in image docker.io/grafana/grafana-image-renderer:3.12.9 at: /lib/apk/db/installed"
"qubership-monitoring-operator","grype","docker.io/grafana/grafana-image-renderer:3.12.9","CVE-2025-49601","Medium","mbedtls","3.6.3.1-r0","3.6.4-r0","A medium vulnerability in apk package: mbedtls, version 3.6.3.1-r0 was found in image docker.io/grafana/grafana-image-renderer:3.12.9 at: /lib/apk/db/installed"
"qubership-monitoring-operator","grype","docker.io/grafana/grafana-image-renderer:3.12.9","CVE-2025-59438","Medium","mbedtls","3.6.3.1-r0","3.6.5-r0","A medium vulnerability in apk package: mbedtls, version 3.6.3.1-r0 was found in image docker.io/grafana/grafana-image-renderer:3.12.9 at: /lib/apk/db/installed"
"qubership-monitoring-operator","grype","docker.io/grafana/grafana-image-renderer:3.12.9","CVE-2025-14372","Medium","chromium","138.0.7204.93-r0","","A medium vulnerability in apk package: chromium, version 138.0.7204.93-r0 was found in image docker.io/grafana/grafana-image-renderer:3.12.9 at: /lib/apk/db/installed"
"qubership-monitoring-operator","grype","docker.io/grafana/grafana-image-renderer:3.12.9","CVE-2025-58050","Critical","pcre2","10.43-r1","10.46-r0","A critical vulnerability in apk package: pcre2, version 10.43-r1 was found in image docker.io/grafana/grafana-image-renderer:3.12.9 at: /lib/apk/db/installed"
"qubership-monitoring-operator","grype","docker.io/grafana/grafana-image-renderer:3.12.9","CVE-2026-0905","Critical","chromium","138.0.7204.93-r0","","A critical vulnerability in apk package: chromium, version 138.0.7204.93-r0 was found in image docker.io/grafana/grafana-image-renderer:3.12.9 at: /lib/apk/db/installed"
"qubership-monitoring-operator","grype","docker.io/grafana/grafana-image-renderer:3.12.9","CVE-2025-8582","Medium","chromium","138.0.7204.93-r0","","A medium vulnerability in apk package: chromium, version 138.0.7204.93-r0 was found in image docker.io/grafana/grafana-image-renderer:3.12.9 at: /lib/apk/db/installed"
"qubership-monitoring-operator","grype","docker.io/grafana/grafana-image-renderer:3.12.9","CVE-2025-11207","Medium","chromium","138.0.7204.93-r0","","A medium vulnerability in apk package: chromium, version 138.0.7204.93-r0 was found in image docker.io/grafana/grafana-image-renderer:3.12.9 at: /lib/apk/db/installed"
"qubership-monitoring-operator","grype","docker.io/grafana/grafana-image-renderer:3.12.9","CVE-2025-48073","Medium","openexr-libiex","3.3.2-r0","","A medium vulnerability in apk package: openexr-libiex, version 3.3.2-r0 was found in image docker.io/grafana/grafana-image-renderer:3.12.9 at: /lib/apk/db/installed"
"qubership-monitoring-operator","grype","docker.io/grafana/grafana-image-renderer:3.12.9","CVE-2025-48073","Medium","openexr-libilmthread","3.3.2-r0","","A medium vulnerability in apk package: openexr-libilmthread, version 3.3.2-r0 was found in image docker.io/grafana/grafana-image-renderer:3.12.9 at: /lib/apk/db/installed"
"qubership-monitoring-operator","grype","docker.io/grafana/grafana-image-renderer:3.12.9","CVE-2025-48073","Medium","openexr-libopenexr","3.3.2-r0","","A medium vulnerability in apk package: openexr-libopenexr, version 3.3.2-r0 was found in image docker.io/grafana/grafana-image-renderer:3.12.9 at: /lib/apk/db/installed"
"qubership-monitoring-operator","grype","docker.io/grafana/grafana-image-renderer:3.12.9","CVE-2025-48073","Medium","openexr-libopenexrcore","3.3.2-r0","","A medium vulnerability in apk package: openexr-libopenexrcore, version 3.3.2-r0 was found in image docker.io/grafana/grafana-image-renderer:3.12.9 at: /lib/apk/db/installed"
"qubership-monitoring-operator","grype","docker.io/grafana/grafana-image-renderer:3.12.9","CVE-2025-10201","High","chromium","138.0.7204.93-r0","","A high vulnerability in apk package: chromium, version 138.0.7204.93-r0 was found in image docker.io/grafana/grafana-image-renderer:3.12.9 at: /lib/apk/db/installed"
"qubership-monitoring-operator","grype","docker.io/grafana/grafana-image-renderer:3.12.9","CVE-2025-69420","High","libcrypto3","3.5.0-r0","3.5.5-r0","A high vulnerability in apk package: libcrypto3, version 3.5.0-r0 was found in image docker.io/grafana/grafana-image-renderer:3.12.9 at: /lib/apk/db/installed"
"qubership-monitoring-operator","grype","docker.io/grafana/grafana-image-renderer:3.12.9","CVE-2025-69420","High","libssl3","3.5.0-r0","3.5.5-r0","A high vulnerability in apk package: libssl3, version 3.5.0-r0 was found in image docker.io/grafana/grafana-image-renderer:3.12.9 at: /lib/apk/db/installed"
"qubership-monitoring-operator","grype","docker.io/grafana/grafana-image-renderer:3.12.9","CVE-2025-48965","High","mbedtls","3.6.3.1-r0","3.6.4-r0","A high vulnerability in apk package: mbedtls, version 3.6.3.1-r0 was found in image docker.io/grafana/grafana-image-renderer:3.12.9 at: /lib/apk/db/installed"
"qubership-monitoring-operator","grype","docker.io/grafana/grafana-image-renderer:3.12.9","CVE-2025-5222","High","icu-data-full","76.1-r0","76.1-r1","A high vulnerability in apk package: icu-data-full, version 76.1-r0 was found in image docker.io/grafana/grafana-image-renderer:3.12.9 at: /lib/apk/db/installed"
"qubership-monitoring-operator","grype","docker.io/grafana/grafana-image-renderer:3.12.9","CVE-2025-69419","High","libcrypto3","3.5.0-r0","3.5.5-r0","A high vulnerability in apk package: libcrypto3, version 3.5.0-r0 was found in image docker.io/grafana/grafana-image-renderer:3.12.9 at: /lib/apk/db/installed"
"qubership-monitoring-operator","grype","docker.io/grafana/grafana-image-renderer:3.12.9","CVE-2025-69419","High","libssl3","3.5.0-r0","3.5.5-r0","A high vulnerability in apk package: libssl3, version 3.5.0-r0 was found in image docker.io/grafana/grafana-image-renderer:3.12.9 at: /lib/apk/db/installed"
"qubership-monitoring-operator","grype","docker.io/grafana/grafana-image-renderer:3.12.9","CVE-2025-9230","High","libcrypto3","3.5.0-r0","3.5.4-r0","A high vulnerability in apk package: libcrypto3, version 3.5.0-r0 was found in image docker.io/grafana/grafana-image-renderer:3.12.9 at: /lib/apk/db/installed"
"qubership-monitoring-operator","grype","docker.io/grafana/grafana-image-renderer:3.12.9","CVE-2025-9230","High","libssl3","3.5.0-r0","3.5.4-r0","A high vulnerability in apk package: libssl3, version 3.5.0-r0 was found in image docker.io/grafana/grafana-image-renderer:3.12.9 at: /lib/apk/db/installed"
"qubership-monitoring-operator","grype","docker.io/grafana/grafana-image-renderer:3.12.9","CVE-2025-12440","Medium","chromium","138.0.7204.93-r0","","A medium vulnerability in apk package: chromium, version 138.0.7204.93-r0 was found in image docker.io/grafana/grafana-image-renderer:3.12.9 at: /lib/apk/db/installed"
"qubership-monitoring-operator","grype","docker.io/grafana/grafana-image-renderer:3.12.9","GHSA-vj76-c3g6-qr5v","High","tar-fs","3.0.10","3.1.1","A high vulnerability in npm package: tar-fs, version 3.0.10 was found in image docker.io/grafana/grafana-image-renderer:3.12.9 at: /usr/src/app/node_modules/@puppeteer/browsers/node_modules/tar-fs/package.json"
"qubership-monitoring-operator","grype","docker.io/grafana/grafana-image-renderer:3.12.9","GHSA-vj76-c3g6-qr5v","High","tar-fs","3.0.10","3.1.1","A high vulnerability in npm package: tar-fs, version 3.0.10 was found in image docker.io/grafana/grafana-image-renderer:3.12.9 at: /usr/src/app/node_modules/puppeteer-core/node_modules/tar-fs/package.json"
"qubership-monitoring-operator","grype","docker.io/grafana/grafana-image-renderer:3.12.9","GHSA-vj76-c3g6-qr5v","High","tar-fs","3.0.10","3.1.1","A high vulnerability in npm package: tar-fs, version 3.0.10 was found in image docker.io/grafana/grafana-image-renderer:3.12.9 at: /usr/src/app/node_modules/puppeteer/node_modules/tar-fs/package.json"
"qubership-monitoring-operator","grype","docker.io/grafana/grafana-image-renderer:3.12.9","CVE-2025-8577","Medium","chromium","138.0.7204.93-r0","","A medium vulnerability in apk package: chromium, version 138.0.7204.93-r0 was found in image docker.io/grafana/grafana-image-renderer:3.12.9 at: /lib/apk/db/installed"
"qubership-monitoring-operator","grype","docker.io/grafana/grafana-image-renderer:3.12.9","CVE-2025-8579","Medium","chromium","138.0.7204.93-r0","","A medium vulnerability in apk package: chromium, version 138.0.7204.93-r0 was found in image docker.io/grafana/grafana-image-renderer:3.12.9 at: /lib/apk/db/installed"
"qubership-monitoring-operator","grype","docker.io/grafana/grafana-image-renderer:3.12.9","CVE-2025-8580","Medium","chromium","138.0.7204.93-r0","","A medium vulnerability in apk package: chromium, version 138.0.7204.93-r0 was found in image docker.io/grafana/grafana-image-renderer:3.12.9 at: /lib/apk/db/installed"
"qubership-monitoring-operator","grype","docker.io/grafana/grafana-image-renderer:3.12.9","CVE-2025-68468","Medium","avahi-libs","0.8-r20","","A medium vulnerability in apk package: avahi-libs, version 0.8-r20 was found in image docker.io/grafana/grafana-image-renderer:3.12.9 at: /lib/apk/db/installed"
"qubership-monitoring-operator","grype","docker.io/grafana/grafana-image-renderer:3.12.9","CVE-2025-8581","Medium","chromium","138.0.7204.93-r0","","A medium vulnerability in apk package: chromium, version 138.0.7204.93-r0 was found in image docker.io/grafana/grafana-image-renderer:3.12.9 at: /lib/apk/db/installed"
"qubership-monitoring-operator","grype","docker.io/grafana/grafana-image-renderer:3.12.9","CVE-2025-59729","Medium","ffmpeg-libavcodec","6.1.2-r4","","A medium vulnerability in apk package: ffmpeg-libavcodec, version 6.1.2-r4 was found in image docker.io/grafana/grafana-image-renderer:3.12.9 at: /lib/apk/db/installed"
"qubership-monitoring-operator","grype","docker.io/grafana/grafana-image-renderer:3.12.9","CVE-2025-59729","Medium","ffmpeg-libavformat","6.1.2-r4","","A medium vulnerability in apk package: ffmpeg-libavformat, version 6.1.2-r4 was found in image docker.io/grafana/grafana-image-renderer:3.12.9 at: /lib/apk/db/installed"
"qubership-monitoring-operator","grype","docker.io/grafana/grafana-image-renderer:3.12.9","CVE-2025-59729","Medium","ffmpeg-libavutil","6.1.2-r4","","A medium vulnerability in apk package: ffmpeg-libavutil, version 6.1.2-r4 was found in image docker.io/grafana/grafana-image-renderer:3.12.9 at: /lib/apk/db/installed"
"qubership-monitoring-operator","grype","docker.io/grafana/grafana-image-renderer:3.12.9","CVE-2025-59729","Medium","ffmpeg-libswresample","6.1.2-r4","","A medium vulnerability in apk package: ffmpeg-libswresample, version 6.1.2-r4 was found in image docker.io/grafana/grafana-image-renderer:3.12.9 at: /lib/apk/db/installed"
"qubership-monitoring-operator","grype","docker.io/grafana/grafana-image-renderer:3.12.9","CVE-2026-22795","Low","libcrypto3","3.5.0-r0","3.5.5-r0","A low vulnerability in apk package: libcrypto3, version 3.5.0-r0 was found in image docker.io/grafana/grafana-image-renderer:3.12.9 at: /lib/apk/db/installed"
"qubership-monitoring-operator","grype","docker.io/grafana/grafana-image-renderer:3.12.9","CVE-2026-22795","Low","libssl3","3.5.0-r0","3.5.5-r0","A low vulnerability in apk package: libssl3, version 3.5.0-r0 was found in image docker.io/grafana/grafana-image-renderer:3.12.9 at: /lib/apk/db/installed"
"qubership-monitoring-operator","grype","docker.io/grafana/grafana-image-renderer:3.12.9","CVE-2025-12729","Medium","chromium","138.0.7204.93-r0","","A medium vulnerability in apk package: chromium, version 138.0.7204.93-r0 was found in image docker.io/grafana/grafana-image-renderer:3.12.9 at: /lib/apk/db/installed"
"qubership-monitoring-operator","grype","docker.io/grafana/grafana-image-renderer:3.12.9","CVE-2025-8583","Medium","chromium","138.0.7204.93-r0","","A medium vulnerability in apk package: chromium, version 138.0.7204.93-r0 was found in image docker.io/grafana/grafana-image-renderer:3.12.9 at: /lib/apk/db/installed"
"qubership-monitoring-operator","grype","docker.io/grafana/grafana-image-renderer:3.12.9","CVE-2025-11215","Medium","chromium","138.0.7204.93-r0","","A medium vulnerability in apk package: chromium, version 138.0.7204.93-r0 was found in image docker.io/grafana/grafana-image-renderer:3.12.9 at: /lib/apk/db/installed"
"qubership-monitoring-operator","grype","docker.io/grafana/grafana-image-renderer:3.12.9","CVE-2025-12433","Medium","chromium","138.0.7204.93-r0","","A medium vulnerability in apk package: chromium, version 138.0.7204.93-r0 was found in image docker.io/grafana/grafana-image-renderer:3.12.9 at: /lib/apk/db/installed"
"qubership-monitoring-operator","grype","docker.io/grafana/grafana-image-renderer:3.12.9","CVE-2025-12441","Medium","chromium","138.0.7204.93-r0","","A medium vulnerability in apk package: chromium, version 138.0.7204.93-r0 was found in image docker.io/grafana/grafana-image-renderer:3.12.9 at: /lib/apk/db/installed"
"qubership-monitoring-operator","grype","docker.io/grafana/grafana-image-renderer:3.12.9","CVE-2025-55131","High","node","20.19.3","20.20.0,22.22.0,24.13.0,25.3.0","A high vulnerability in binary package: node, version 20.19.3 was found in image docker.io/grafana/grafana-image-renderer:3.12.9 at: /usr/local/bin/node"
"qubership-monitoring-operator","grype","docker.io/grafana/grafana-image-renderer:3.12.9","CVE-2025-68471","Medium","avahi-libs","0.8-r20","","A medium vulnerability in apk package: avahi-libs, version 0.8-r20 was found in image docker.io/grafana/grafana-image-renderer:3.12.9 at: /lib/apk/db/installed"
"qubership-monitoring-operator","grype","docker.io/grafana/grafana-image-renderer:3.12.9","CVE-2025-48074","Medium","openexr-libiex","3.3.2-r0","","A medium vulnerability in apk package: openexr-libiex, version 3.3.2-r0 was found in image docker.io/grafana/grafana-image-renderer:3.12.9 at: /lib/apk/db/installed"
"qubership-monitoring-operator","grype","docker.io/grafana/grafana-image-renderer:3.12.9","CVE-2025-48074","Medium","openexr-libilmthread","3.3.2-r0","","A medium vulnerability in apk package: openexr-libilmthread, version 3.3.2-r0 was found in image docker.io/grafana/grafana-image-renderer:3.12.9 at: /lib/apk/db/installed"
"qubership-monitoring-operator","grype","docker.io/grafana/grafana-image-renderer:3.12.9","CVE-2025-48074","Medium","openexr-libopenexr","3.3.2-r0","","A medium vulnerability in apk package: openexr-libopenexr, version 3.3.2-r0 was found in image docker.io/grafana/grafana-image-renderer:3.12.9 at: /lib/apk/db/installed"
"qubership-monitoring-operator","grype","docker.io/grafana/grafana-image-renderer:3.12.9","CVE-2025-48074","Medium","openexr-libopenexrcore","3.3.2-r0","","A medium vulnerability in apk package: openexr-libopenexrcore, version 3.3.2-r0 was found in image docker.io/grafana/grafana-image-renderer:3.12.9 at: /lib/apk/db/installed"
"qubership-monitoring-operator","grype","docker.io/grafana/grafana-image-renderer:3.12.9","CVE-2026-0628","High","chromium","138.0.7204.93-r0","","A high vulnerability in apk package: chromium, version 138.0.7204.93-r0 was found in image docker.io/grafana/grafana-image-renderer:3.12.9 at: /lib/apk/db/installed"
"qubership-monitoring-operator","grype","docker.io/grafana/grafana-image-renderer:3.12.9","CVE-2025-59730","Medium","ffmpeg-libavcodec","6.1.2-r4","","A medium vulnerability in apk package: ffmpeg-libavcodec, version 6.1.2-r4 was found in image docker.io/grafana/grafana-image-renderer:3.12.9 at: /lib/apk/db/installed"
"qubership-monitoring-operator","grype","docker.io/grafana/grafana-image-renderer:3.12.9","CVE-2025-59730","Medium","ffmpeg-libavformat","6.1.2-r4","","A medium vulnerability in apk package: ffmpeg-libavformat, version 6.1.2-r4 was found in image docker.io/grafana/grafana-image-renderer:3.12.9 at: /lib/apk/db/installed"
"qubership-monitoring-operator","grype","docker.io/grafana/grafana-image-renderer:3.12.9","CVE-2025-59730","Medium","ffmpeg-libavutil","6.1.2-r4","","A medium vulnerability in apk package: ffmpeg-libavutil, version 6.1.2-r4 was found in image docker.io/grafana/grafana-image-renderer:3.12.9 at: /lib/apk/db/installed"
"qubership-monitoring-operator","grype","docker.io/grafana/grafana-image-renderer:3.12.9","CVE-2025-59730","Medium","ffmpeg-libswresample","6.1.2-r4","","A medium vulnerability in apk package: ffmpeg-libswresample, version 6.1.2-r4 was found in image docker.io/grafana/grafana-image-renderer:3.12.9 at: /lib/apk/db/installed"
"qubership-monitoring-operator","grype","docker.io/grafana/grafana-image-renderer:3.12.9","CVE-2025-48071","High","openexr-libiex","3.3.2-r0","","A high vulnerability in apk package: openexr-libiex, version 3.3.2-r0 was found in image docker.io/grafana/grafana-image-renderer:3.12.9 at: /lib/apk/db/installed"
"qubership-monitoring-operator","grype","docker.io/grafana/grafana-image-renderer:3.12.9","CVE-2025-48071","High","openexr-libilmthread","3.3.2-r0","","A high vulnerability in apk package: openexr-libilmthread, version 3.3.2-r0 was found in image docker.io/grafana/grafana-image-renderer:3.12.9 at: /lib/apk/db/installed"
"qubership-monitoring-operator","grype","docker.io/grafana/grafana-image-renderer:3.12.9","CVE-2025-48071","High","openexr-libopenexr","3.3.2-r0","","A high vulnerability in apk package: openexr-libopenexr, version 3.3.2-r0 was found in image docker.io/grafana/grafana-image-renderer:3.12.9 at: /lib/apk/db/installed"
"qubership-monitoring-operator","grype","docker.io/grafana/grafana-image-renderer:3.12.9","CVE-2025-48071","High","openexr-libopenexrcore","3.3.2-r0","","A high vulnerability in apk package: openexr-libopenexrcore, version 3.3.2-r0 was found in image docker.io/grafana/grafana-image-renderer:3.12.9 at: /lib/apk/db/installed"
"qubership-monitoring-operator","grype","docker.io/grafana/grafana-image-renderer:3.12.9","CVE-2025-14373","Medium","chromium","138.0.7204.93-r0","","A medium vulnerability in apk package: chromium, version 138.0.7204.93-r0 was found in image docker.io/grafana/grafana-image-renderer:3.12.9 at: /lib/apk/db/installed"
"qubership-monitoring-operator","grype","docker.io/grafana/grafana-image-renderer:3.12.9","CVE-2025-52496","High","mbedtls","3.6.3.1-r0","3.6.4-r0","A high vulnerability in apk package: mbedtls, version 3.6.3.1-r0 was found in image docker.io/grafana/grafana-image-renderer:3.12.9 at: /lib/apk/db/installed"
"qubership-monitoring-operator","grype","docker.io/grafana/grafana-image-renderer:3.12.9","CVE-2025-9232","Medium","libcrypto3","3.5.0-r0","3.5.4-r0","A medium vulnerability in apk package: libcrypto3, version 3.5.0-r0 was found in image docker.io/grafana/grafana-image-renderer:3.12.9 at: /lib/apk/db/installed"
"qubership-monitoring-operator","grype","docker.io/grafana/grafana-image-renderer:3.12.9","CVE-2025-9232","Medium","libssl3","3.5.0-r0","3.5.4-r0","A medium vulnerability in apk package: libssl3, version 3.5.0-r0 was found in image docker.io/grafana/grafana-image-renderer:3.12.9 at: /lib/apk/db/installed"
"qubership-monitoring-operator","grype","docker.io/grafana/grafana-image-renderer:3.12.9","CVE-2025-11219","Low","chromium","138.0.7204.93-r0","","A low vulnerability in apk package: chromium, version 138.0.7204.93-r0 was found in image docker.io/grafana/grafana-image-renderer:3.12.9 at: /lib/apk/db/installed"
"qubership-monitoring-operator","grype","docker.io/grafana/grafana-image-renderer:3.12.9","CVE-2025-64182","High","openexr-libiex","3.3.2-r0","","A high vulnerability in apk package: openexr-libiex, version 3.3.2-r0 was found in image docker.io/grafana/grafana-image-renderer:3.12.9 at: /lib/apk/db/installed"
"qubership-monitoring-operator","grype","docker.io/grafana/grafana-image-renderer:3.12.9","CVE-2025-64182","High","openexr-libilmthread","3.3.2-r0","","A high vulnerability in apk package: openexr-libilmthread, version 3.3.2-r0 was found in image docker.io/grafana/grafana-image-renderer:3.12.9 at: /lib/apk/db/installed"
"qubership-monitoring-operator","grype","docker.io/grafana/grafana-image-renderer:3.12.9","CVE-2025-64182","High","openexr-libopenexr","3.3.2-r0","","A high vulnerability in apk package: openexr-libopenexr, version 3.3.2-r0 was found in image docker.io/grafana/grafana-image-renderer:3.12.9 at: /lib/apk/db/installed"
"qubership-monitoring-operator","grype","docker.io/grafana/grafana-image-renderer:3.12.9","CVE-2025-64182","High","openexr-libopenexrcore","3.3.2-r0","","A high vulnerability in apk package: openexr-libopenexrcore, version 3.3.2-r0 was found in image docker.io/grafana/grafana-image-renderer:3.12.9 at: /lib/apk/db/installed"
"qubership-monitoring-operator","grype","docker.io/grafana/grafana-image-renderer:3.12.9","CVE-2025-61915","Medium","cups-libs","2.4.11-r0","2.4.16-r0","A medium vulnerability in apk package: cups-libs, version 2.4.11-r0 was found in image docker.io/grafana/grafana-image-renderer:3.12.9 at: /lib/apk/db/installed"
"qubership-monitoring-operator","grype","docker.io/grafana/grafana-image-renderer:3.12.9","CVE-2026-0901","Medium","chromium","138.0.7204.93-r0","","A medium vulnerability in apk package: chromium, version 138.0.7204.93-r0 was found in image docker.io/grafana/grafana-image-renderer:3.12.9 at: /lib/apk/db/installed"
"qubership-monitoring-operator","grype","docker.io/grafana/grafana-image-renderer:3.12.9","CVE-2026-0904","Medium","chromium","138.0.7204.93-r0","","A medium vulnerability in apk package: chromium, version 138.0.7204.93-r0 was found in image docker.io/grafana/grafana-image-renderer:3.12.9 at: /lib/apk/db/installed"
"qubership-monitoring-operator","grype","docker.io/grafana/grafana-image-renderer:3.12.9","CVE-2025-12443","Medium","chromium","138.0.7204.93-r0","","A medium vulnerability in apk package: chromium, version 138.0.7204.93-r0 was found in image docker.io/grafana/grafana-image-renderer:3.12.9 at: /lib/apk/db/installed"
"qubership-monitoring-operator","grype","docker.io/grafana/grafana-image-renderer:3.12.9","CVE-2026-21637","Medium","node","20.19.3","20.20.0,22.22.0,24.13.0,25.3.0","A medium vulnerability in binary package: node, version 20.19.3 was found in image docker.io/grafana/grafana-image-renderer:3.12.9 at: /usr/local/bin/node"
"qubership-monitoring-operator","grype","docker.io/grafana/grafana-image-renderer:3.12.9","CVE-2025-11216","Medium","chromium","138.0.7204.93-r0","","A medium vulnerability in apk package: chromium, version 138.0.7204.93-r0 was found in image docker.io/grafana/grafana-image-renderer:3.12.9 at: /lib/apk/db/installed"
"qubership-monitoring-operator","grype","docker.io/grafana/grafana-image-renderer:3.12.9","CVE-2025-49087","Low","mbedtls","3.6.3.1-r0","3.6.4-r0","A low vulnerability in apk package: mbedtls, version 3.6.3.1-r0 was found in image docker.io/grafana/grafana-image-renderer:3.12.9 at: /lib/apk/db/installed"
"qubership-monitoring-operator","grype","docker.io/grafana/grafana-image-renderer:3.12.9","CVE-2026-22695","High","libpng","1.6.47-r0","1.6.54-r0","A high vulnerability in apk package: libpng, version 1.6.47-r0 was found in image docker.io/grafana/grafana-image-renderer:3.12.9 at: /lib/apk/db/installed"
"qubership-monitoring-operator","grype","docker.io/grafana/grafana-image-renderer:3.12.9","CVE-2025-59529","Medium","avahi-libs","0.8-r20","","A medium vulnerability in apk package: avahi-libs, version 0.8-r20 was found in image docker.io/grafana/grafana-image-renderer:3.12.9 at: /lib/apk/db/installed"
"qubership-monitoring-operator","grype","docker.io/grafana/grafana-image-renderer:3.12.9","CVE-2025-12436","Medium","chromium","138.0.7204.93-r0","","A medium vulnerability in apk package: chromium, version 138.0.7204.93-r0 was found in image docker.io/grafana/grafana-image-renderer:3.12.9 at: /lib/apk/db/installed"
"qubership-monitoring-operator","grype","docker.io/grafana/grafana-image-renderer:3.12.9","CVE-2025-68160","Medium","libcrypto3","3.5.0-r0","3.5.5-r0","A medium vulnerability in apk package: libcrypto3, version 3.5.0-r0 was found in image docker.io/grafana/grafana-image-renderer:3.12.9 at: /lib/apk/db/installed"
"qubership-monitoring-operator","grype","docker.io/grafana/grafana-image-renderer:3.12.9","CVE-2025-68160","Medium","libssl3","3.5.0-r0","3.5.5-r0","A medium vulnerability in apk package: libssl3, version 3.5.0-r0 was found in image docker.io/grafana/grafana-image-renderer:3.12.9 at: /lib/apk/db/installed"
"qubership-monitoring-operator","grype","docker.io/grafana/grafana-image-renderer:3.12.9","CVE-2025-69421","Low","libcrypto3","3.5.0-r0","3.5.5-r0","A low vulnerability in apk package: libcrypto3, version 3.5.0-r0 was found in image docker.io/grafana/grafana-image-renderer:3.12.9 at: /lib/apk/db/installed"
"qubership-monitoring-operator","grype","docker.io/grafana/grafana-image-renderer:3.12.9","CVE-2025-69421","Low","libssl3","3.5.0-r0","3.5.5-r0","A low vulnerability in apk package: libssl3, version 3.5.0-r0 was found in image docker.io/grafana/grafana-image-renderer:3.12.9 at: /lib/apk/db/installed"
"qubership-monitoring-operator","grype","docker.io/grafana/grafana-image-renderer:3.12.9","CVE-2025-13992","Medium","chromium","138.0.7204.93-r0","","A medium vulnerability in apk package: chromium, version 138.0.7204.93-r0 was found in image docker.io/grafana/grafana-image-renderer:3.12.9 at: /lib/apk/db/installed"
"qubership-monitoring-operator","grype","docker.io/grafana/grafana-image-renderer:3.12.9","CVE-2025-12431","Medium","chromium","138.0.7204.93-r0","","A medium vulnerability in apk package: chromium, version 138.0.7204.93-r0 was found in image docker.io/grafana/grafana-image-renderer:3.12.9 at: /lib/apk/db/installed"
"qubership-monitoring-operator","grype","docker.io/grafana/grafana-image-renderer:3.12.9","CVE-2025-12445","Medium","chromium","138.0.7204.93-r0","","A medium vulnerability in apk package: chromium, version 138.0.7204.93-r0 was found in image docker.io/grafana/grafana-image-renderer:3.12.9 at: /lib/apk/db/installed"
"qubership-monitoring-operator","grype","docker.io/grafana/grafana-image-renderer:3.12.9","CVE-2025-59466","Medium","node","20.19.3","20.20.0,22.22.0,24.13.0,25.3.0","A medium vulnerability in binary package: node, version 20.19.3 was found in image docker.io/grafana/grafana-image-renderer:3.12.9 at: /usr/local/bin/node"
"qubership-monitoring-operator","grype","docker.io/grafana/grafana-image-renderer:3.12.9","CVE-2025-54764","Medium","mbedtls","3.6.3.1-r0","3.6.5-r0","A medium vulnerability in apk package: mbedtls, version 3.6.3.1-r0 was found in image docker.io/grafana/grafana-image-renderer:3.12.9 at: /lib/apk/db/installed"
"qubership-monitoring-operator","grype","docker.io/grafana/grafana-image-renderer:3.12.9","CVE-2025-12911","Medium","chromium","138.0.7204.93-r0","","A medium vulnerability in apk package: chromium, version 138.0.7204.93-r0 was found in image docker.io/grafana/grafana-image-renderer:3.12.9 at: /lib/apk/db/installed"
"qubership-monitoring-operator","grype","docker.io/grafana/grafana-image-renderer:3.12.9","CVE-2025-8177","High","tiff","4.7.0-r0","","A high vulnerability in apk package: tiff, version 4.7.0-r0 was found in image docker.io/grafana/grafana-image-renderer:3.12.9 at: /lib/apk/db/installed"
"qubership-monitoring-operator","grype","docker.io/grafana/grafana-image-renderer:3.12.9","CVE-2025-4575","Medium","libcrypto3","3.5.0-r0","3.5.1-r0","A medium vulnerability in apk package: libcrypto3, version 3.5.0-r0 was found in image docker.io/grafana/grafana-image-renderer:3.12.9 at: /lib/apk/db/installed"
"qubership-monitoring-operator","grype","docker.io/grafana/grafana-image-renderer:3.12.9","CVE-2025-4575","Medium","libssl3","3.5.0-r0","3.5.1-r0","A medium vulnerability in apk package: libssl3, version 3.5.0-r0 was found in image docker.io/grafana/grafana-image-renderer:3.12.9 at: /lib/apk/db/installed"
"qubership-monitoring-operator","grype","docker.io/grafana/grafana-image-renderer:3.12.9","CVE-2026-0903","Medium","chromium","138.0.7204.93-r0","","A medium vulnerability in apk package: chromium, version 138.0.7204.93-r0 was found in image docker.io/grafana/grafana-image-renderer:3.12.9 at: /lib/apk/db/installed"
"qubership-monitoring-operator","grype","docker.io/grafana/grafana-image-renderer:3.12.9","CVE-2026-22801","High","libpng","1.6.47-r0","1.6.54-r0","A high vulnerability in apk package: libpng, version 1.6.47-r0 was found in image docker.io/grafana/grafana-image-renderer:3.12.9 at: /lib/apk/db/installed"
"qubership-monitoring-operator","grype","docker.io/grafana/grafana-image-renderer:3.12.9","CVE-2025-8114","Medium","libssh","0.11.2-r0","","A medium vulnerability in apk package: libssh, version 0.11.2-r0 was found in image docker.io/grafana/grafana-image-renderer:3.12.9 at: /lib/apk/db/installed"
"qubership-monitoring-operator","grype","docker.io/grafana/grafana-image-renderer:3.12.9","CVE-2025-11187","Medium","libcrypto3","3.5.0-r0","3.5.5-r0","A medium vulnerability in apk package: libcrypto3, version 3.5.0-r0 was found in image docker.io/grafana/grafana-image-renderer:3.12.9 at: /lib/apk/db/installed"
"qubership-monitoring-operator","grype","docker.io/grafana/grafana-image-renderer:3.12.9","CVE-2025-11187","Medium","libssl3","3.5.0-r0","3.5.5-r0","A medium vulnerability in apk package: libssl3, version 3.5.0-r0 was found in image docker.io/grafana/grafana-image-renderer:3.12.9 at: /lib/apk/db/installed"
"qubership-monitoring-operator","grype","docker.io/grafana/grafana-image-renderer:3.12.9","CVE-2025-15468","Medium","libcrypto3","3.5.0-r0","3.5.5-r0","A medium vulnerability in apk package: libcrypto3, version 3.5.0-r0 was found in image docker.io/grafana/grafana-image-renderer:3.12.9 at: /lib/apk/db/installed"
"qubership-monitoring-operator","grype","docker.io/grafana/grafana-image-renderer:3.12.9","CVE-2025-15468","Medium","libssl3","3.5.0-r0","3.5.5-r0","A medium vulnerability in apk package: libssl3, version 3.5.0-r0 was found in image docker.io/grafana/grafana-image-renderer:3.12.9 at: /lib/apk/db/installed"
"qubership-monitoring-operator","grype","docker.io/grafana/grafana-image-renderer:3.12.9","CVE-2025-66199","Medium","libcrypto3","3.5.0-r0","3.5.5-r0","A medium vulnerability in apk package: libcrypto3, version 3.5.0-r0 was found in image docker.io/grafana/grafana-image-renderer:3.12.9 at: /lib/apk/db/installed"
"qubership-monitoring-operator","grype","docker.io/grafana/grafana-image-renderer:3.12.9","CVE-2025-66199","Medium","libssl3","3.5.0-r0","3.5.5-r0","A medium vulnerability in apk package: libssl3, version 3.5.0-r0 was found in image docker.io/grafana/grafana-image-renderer:3.12.9 at: /lib/apk/db/installed"
"qubership-monitoring-operator","grype","docker.io/grafana/grafana-image-renderer:3.12.9","CVE-2025-69277","Medium","libsodium","1.0.20-r0","1.0.20-r1","A medium vulnerability in apk package: libsodium, version 1.0.20-r0 was found in image docker.io/grafana/grafana-image-renderer:3.12.9 at: /lib/apk/db/installed"
"qubership-monitoring-operator","grype","docker.io/grafana/grafana-image-renderer:3.12.9","CVE-2025-8176","High","tiff","4.7.0-r0","","A high vulnerability in apk package: tiff, version 4.7.0-r0 was found in image docker.io/grafana/grafana-image-renderer:3.12.9 at: /lib/apk/db/installed"
"qubership-monitoring-operator","grype","docker.io/grafana/grafana-image-renderer:3.12.9","CVE-2025-46394","Low","busybox","1.37.0-r18","1.37.0-r20","A low vulnerability in apk package: busybox, version 1.37.0-r18 was found in image docker.io/grafana/grafana-image-renderer:3.12.9 at: /lib/apk/db/installed"
"qubership-monitoring-operator","grype","docker.io/grafana/grafana-image-renderer:3.12.9","CVE-2025-46394","Low","busybox-binsh","1.37.0-r18","1.37.0-r20","A low vulnerability in apk package: busybox-binsh, version 1.37.0-r18 was found in image docker.io/grafana/grafana-image-renderer:3.12.9 at: /lib/apk/db/installed"
"qubership-monitoring-operator","grype","docker.io/grafana/grafana-image-renderer:3.12.9","CVE-2025-46394","Low","ssl_client","1.37.0-r18","1.37.0-r20","A low vulnerability in apk package: ssl_client, version 1.37.0-r18 was found in image docker.io/grafana/grafana-image-renderer:3.12.9 at: /lib/apk/db/installed"
"qubership-monitoring-operator","grype","docker.io/grafana/grafana-image-renderer:3.12.9","CVE-2025-58436","Medium","cups-libs","2.4.11-r0","2.4.16-r0","A medium vulnerability in apk package: cups-libs, version 2.4.11-r0 was found in image docker.io/grafana/grafana-image-renderer:3.12.9 at: /lib/apk/db/installed"
"qubership-monitoring-operator","grype","docker.io/grafana/grafana-image-renderer:3.12.9","GHSA-mh29-5h37-fv8m","Medium","js-yaml","4.1.0","4.1.1","A medium vulnerability in npm package: js-yaml, version 4.1.0 was found in image docker.io/grafana/grafana-image-renderer:3.12.9 at: /usr/src/app/node_modules/js-yaml/package.json"
"qubership-monitoring-operator","grype","docker.io/grafana/grafana-image-renderer:3.12.9","CVE-2025-9231","Medium","libcrypto3","3.5.0-r0","3.5.4-r0","A medium vulnerability in apk package: libcrypto3, version 3.5.0-r0 was found in image docker.io/grafana/grafana-image-renderer:3.12.9 at: /lib/apk/db/installed"
"qubership-monitoring-operator","grype","docker.io/grafana/grafana-image-renderer:3.12.9","CVE-2025-9231","Medium","libssl3","3.5.0-r0","3.5.4-r0","A medium vulnerability in apk package: libssl3, version 3.5.0-r0 was found in image docker.io/grafana/grafana-image-renderer:3.12.9 at: /lib/apk/db/installed"
"qubership-monitoring-operator","grype","docker.io/grafana/grafana-image-renderer:3.12.9","CVE-2025-64505","Medium","libpng","1.6.47-r0","1.6.51-r0","A medium vulnerability in apk package: libpng, version 1.6.47-r0 was found in image docker.io/grafana/grafana-image-renderer:3.12.9 at: /lib/apk/db/installed"
"qubership-monitoring-operator","grype","docker.io/grafana/grafana-image-renderer:3.12.9","CVE-2025-64506","Medium","libpng","1.6.47-r0","1.6.51-r0","A medium vulnerability in apk package: libpng, version 1.6.47-r0 was found in image docker.io/grafana/grafana-image-renderer:3.12.9 at: /lib/apk/db/installed"
"qubership-monitoring-operator","grype","docker.io/grafana/grafana-image-renderer:3.12.9","CVE-2025-11210","Medium","chromium","138.0.7204.93-r0","","A medium vulnerability in apk package: chromium, version 138.0.7204.93-r0 was found in image docker.io/grafana/grafana-image-renderer:3.12.9 at: /lib/apk/db/installed"
"qubership-monitoring-operator","grype","docker.io/grafana/grafana-image-renderer:3.12.9","GHSA-fjgf-rc76-4x9p","High","multer","2.0.1","2.0.2","A high vulnerability in npm package: multer, version 2.0.1 was found in image docker.io/grafana/grafana-image-renderer:3.12.9 at: /usr/src/app/node_modules/multer/package.json"
"qubership-monitoring-operator","grype","docker.io/grafana/grafana-image-renderer:3.12.9","CVE-2024-13978","Low","tiff","4.7.0-r0","","A low vulnerability in apk package: tiff, version 4.7.0-r0 was found in image docker.io/grafana/grafana-image-renderer:3.12.9 at: /lib/apk/db/installed"
"qubership-monitoring-operator","grype","docker.io/grafana/grafana-image-renderer:3.12.9","CVE-2025-8961","Low","tiff","4.7.0-r0","4.7.1-r0","A low vulnerability in apk package: tiff, version 4.7.0-r0 was found in image docker.io/grafana/grafana-image-renderer:3.12.9 at: /lib/apk/db/installed"
"qubership-monitoring-operator","grype","docker.io/grafana/grafana-image-renderer:3.12.9","CVE-2025-12905","Medium","chromium","138.0.7204.93-r0","","A medium vulnerability in apk package: chromium, version 138.0.7204.93-r0 was found in image docker.io/grafana/grafana-image-renderer:3.12.9 at: /lib/apk/db/installed"
"qubership-monitoring-operator","grype","docker.io/grafana/grafana-image-renderer:3.12.9","CVE-2023-6228","Medium","tiff","4.7.0-r0","","A medium vulnerability in apk package: tiff, version 4.7.0-r0 was found in image docker.io/grafana/grafana-image-renderer:3.12.9 at: /lib/apk/db/installed"
"qubership-monitoring-operator","grype","docker.io/grafana/grafana-image-renderer:3.12.9","CVE-2025-69418","Medium","libcrypto3","3.5.0-r0","3.5.5-r0","A medium vulnerability in apk package: libcrypto3, version 3.5.0-r0 was found in image docker.io/grafana/grafana-image-renderer:3.12.9 at: /lib/apk/db/installed"
"qubership-monitoring-operator","grype","docker.io/grafana/grafana-image-renderer:3.12.9","CVE-2025-69418","Medium","libssl3","3.5.0-r0","3.5.5-r0","A medium vulnerability in apk package: libssl3, version 3.5.0-r0 was found in image docker.io/grafana/grafana-image-renderer:3.12.9 at: /lib/apk/db/installed"
"qubership-monitoring-operator","grype","docker.io/grafana/grafana-image-renderer:3.12.9","CVE-2024-58251","Low","busybox","1.37.0-r18","1.37.0-r20","A low vulnerability in apk package: busybox, version 1.37.0-r18 was found in image docker.io/grafana/grafana-image-renderer:3.12.9 at: /lib/apk/db/installed"
"qubership-monitoring-operator","grype","docker.io/grafana/grafana-image-renderer:3.12.9","CVE-2024-58251","Low","busybox-binsh","1.37.0-r18","1.37.0-r20","A low vulnerability in apk package: busybox-binsh, version 1.37.0-r18 was found in image docker.io/grafana/grafana-image-renderer:3.12.9 at: /lib/apk/db/installed"
"qubership-monitoring-operator","grype","docker.io/grafana/grafana-image-renderer:3.12.9","CVE-2024-58251","Low","ssl_client","1.37.0-r18","1.37.0-r20","A low vulnerability in apk package: ssl_client, version 1.37.0-r18 was found in image docker.io/grafana/grafana-image-renderer:3.12.9 at: /lib/apk/db/installed"
"qubership-monitoring-operator","grype","docker.io/grafana/grafana-image-renderer:3.12.9","CVE-2025-68276","Medium","avahi-libs","0.8-r20","","A medium vulnerability in apk package: avahi-libs, version 0.8-r20 was found in image docker.io/grafana/grafana-image-renderer:3.12.9 at: /lib/apk/db/installed"
"qubership-monitoring-operator","grype","docker.io/grafana/grafana-image-renderer:3.12.9","CVE-2025-9165","Low","tiff","4.7.0-r0","4.7.1-r0","A low vulnerability in apk package: tiff, version 4.7.0-r0 was found in image docker.io/grafana/grafana-image-renderer:3.12.9 at: /lib/apk/db/installed"
"qubership-monitoring-operator","grype","docker.io/grafana/grafana-image-renderer:3.12.9","CVE-2025-15469","Medium","libcrypto3","3.5.0-r0","3.5.5-r0","A medium vulnerability in apk package: libcrypto3, version 3.5.0-r0 was found in image docker.io/grafana/grafana-image-renderer:3.12.9 at: /lib/apk/db/installed"
"qubership-monitoring-operator","grype","docker.io/grafana/grafana-image-renderer:3.12.9","CVE-2025-15469","Medium","libssl3","3.5.0-r0","3.5.5-r0","A medium vulnerability in apk package: libssl3, version 3.5.0-r0 was found in image docker.io/grafana/grafana-image-renderer:3.12.9 at: /lib/apk/db/installed"
"qubership-monitoring-operator","grype","docker.io/grafana/grafana-image-renderer:3.12.9","CVE-2025-6170","Low","libxml2","2.13.8-r0","2.13.9-r0","A low vulnerability in apk package: libxml2, version 2.13.8-r0 was found in image docker.io/grafana/grafana-image-renderer:3.12.9 at: /lib/apk/db/installed"
"qubership-monitoring-operator","grype","docker.io/grafana/grafana-image-renderer:3.12.9","CVE-2025-12910","Medium","chromium","138.0.7204.93-r0","","A medium vulnerability in apk package: chromium, version 138.0.7204.93-r0 was found in image docker.io/grafana/grafana-image-renderer:3.12.9 at: /lib/apk/db/installed"
"qubership-monitoring-operator","grype","docker.io/grafana/grafana-image-renderer:3.12.9","CVE-2025-49600","Medium","mbedtls","3.6.3.1-r0","3.6.4-r0","A medium vulnerability in apk package: mbedtls, version 3.6.3.1-r0 was found in image docker.io/grafana/grafana-image-renderer:3.12.9 at: /lib/apk/db/installed"
"qubership-monitoring-operator","grype","docker.io/grafana/grafana-image-renderer:3.12.9","CVE-2025-55130","High","node","20.19.3","20.20.0,22.22.0,24.13.0,25.3.0","A high vulnerability in binary package: node, version 20.19.3 was found in image docker.io/grafana/grafana-image-renderer:3.12.9 at: /usr/local/bin/node"
"qubership-monitoring-operator","grype","docker.io/grafana/grafana-image-renderer:3.12.9","GHSA-76c9-3jph-rj3q","Low","on-headers","1.0.2","1.1.0","A low vulnerability in npm package: on-headers, version 1.0.2 was found in image docker.io/grafana/grafana-image-renderer:3.12.9 at: /usr/src/app/node_modules/on-headers/package.json"
"qubership-monitoring-operator","grype","docker.io/grafana/grafana-image-renderer:3.12.9","CVE-2025-12439","Medium","chromium","138.0.7204.93-r0","","A medium vulnerability in apk package: chromium, version 138.0.7204.93-r0 was found in image docker.io/grafana/grafana-image-renderer:3.12.9 at: /lib/apk/db/installed"
"qubership-monitoring-operator","grype","docker.io/grafana/grafana-image-renderer:3.12.9","CVE-2025-55132","Low","node","20.19.3","20.20.0,22.22.0,24.13.0,25.3.0","A low vulnerability in binary package: node, version 20.19.3 was found in image docker.io/grafana/grafana-image-renderer:3.12.9 at: /usr/local/bin/node"
"qubership-jaeger","grype","ghcr.io/jaegertracing/spark-dependencies/spark-dependencies:latest","GHSA-mvr2-9pj6-7w5j","Medium","guava","14.0.1","24.1.1-android","A medium vulnerability in java-archive package: guava, version 14.0.1 was found in image ghcr.io/jaegertracing/spark-dependencies/spark-dependencies:latest at: /app/app.jar"
"qubership-jaeger","grype","ghcr.io/jaegertracing/spark-dependencies/spark-dependencies:latest","CVE-2024-56433","Low","login","1:4.13+dfsg1-4ubuntu3.2","","A low vulnerability in deb package: login, version 1:4.13+dfsg1-4ubuntu3.2 was found in image ghcr.io/jaegertracing/spark-dependencies/spark-dependencies:latest at: /var/lib/dpkg/status"
"qubership-jaeger","grype","ghcr.io/jaegertracing/spark-dependencies/spark-dependencies:latest","CVE-2024-56433","Low","passwd","1:4.13+dfsg1-4ubuntu3.2","","A low vulnerability in deb package: passwd, version 1:4.13+dfsg1-4ubuntu3.2 was found in image ghcr.io/jaegertracing/spark-dependencies/spark-dependencies:latest at: /var/lib/dpkg/status"
"qubership-jaeger","grype","ghcr.io/jaegertracing/spark-dependencies/spark-dependencies:latest","GHSA-qh8g-58pp-2wxh","Low","jetty-http","9.4.58.v20250814","12.0.12","A medium vulnerability in java-archive package: jetty-http, version 9.4.58.v20250814 was found in image ghcr.io/jaegertracing/spark-dependencies/spark-dependencies:latest at: /app/app.jar"
"qubership-jaeger","grype","ghcr.io/jaegertracing/spark-dependencies/spark-dependencies:latest","GHSA-9w38-p64v-xpmv","Medium","commons-configuration2","2.8.0","2.10.1","A medium vulnerability in java-archive package: commons-configuration2, version 2.8.0 was found in image ghcr.io/jaegertracing/spark-dependencies/spark-dependencies:latest at: /app/app.jar"
"qubership-jaeger","grype","ghcr.io/jaegertracing/spark-dependencies/spark-dependencies:latest","GHSA-4265-ccf5-phj5","Medium","commons-compress","1.24.0","1.26.0","A medium vulnerability in java-archive package: commons-compress, version 1.24.0 was found in image ghcr.io/jaegertracing/spark-dependencies/spark-dependencies:latest at: /app/app.jar"
"qubership-jaeger","grype","ghcr.io/jaegertracing/spark-dependencies/spark-dependencies:latest","GHSA-cfxw-4h78-h7fw","High","dnsjava","2.1.7","3.6.0","A high vulnerability in java-archive package: dnsjava, version 2.1.7 was found in image ghcr.io/jaegertracing/spark-dependencies/spark-dependencies:latest at: /app/app.jar"
"qubership-jaeger","grype","ghcr.io/jaegertracing/spark-dependencies/spark-dependencies:latest","CVE-2024-10524","Medium","wget","1.21.4-1ubuntu4.1","","A low vulnerability in deb package: wget, version 1.21.4-1ubuntu4.1 was found in image ghcr.io/jaegertracing/spark-dependencies/spark-dependencies:latest at: /var/lib/dpkg/status"
"qubership-jaeger","grype","ghcr.io/jaegertracing/spark-dependencies/spark-dependencies:latest","GHSA-vc5p-v9hr-52mj","Medium","log4j-core","2.20.0","2.25.3","A medium vulnerability in java-archive package: log4j-core, version 2.20.0 was found in image ghcr.io/jaegertracing/spark-dependencies/spark-dependencies:latest at: /app/app.jar"
"qubership-jaeger","grype","ghcr.io/jaegertracing/spark-dependencies/spark-dependencies:latest","GHSA-xjp4-hw94-mvp5","Medium","commons-configuration2","2.8.0","2.10.1","A medium vulnerability in java-archive package: commons-configuration2, version 2.8.0 was found in image ghcr.io/jaegertracing/spark-dependencies/spark-dependencies:latest at: /app/app.jar"
"qubership-jaeger","grype","ghcr.io/jaegertracing/spark-dependencies/spark-dependencies:latest","GHSA-fg2v-w576-w4v3","High","json-smart","1.3.2","1.3.3","A high vulnerability in java-archive package: json-smart, version 1.3.2 was found in image ghcr.io/jaegertracing/spark-dependencies/spark-dependencies:latest at: /app/app.jar"
"qubership-jaeger","grype","ghcr.io/jaegertracing/spark-dependencies/spark-dependencies:latest","CVE-2025-59375","High","libexpat1","2.6.1-2ubuntu0.3","","A medium vulnerability in deb package: libexpat1, version 2.6.1-2ubuntu0.3 was found in image ghcr.io/jaegertracing/spark-dependencies/spark-dependencies:latest at: /var/lib/dpkg/status"
"qubership-jaeger","grype","ghcr.io/jaegertracing/spark-dependencies/spark-dependencies:latest","CVE-2021-31879","Medium","wget","1.21.4-1ubuntu4.1","","A medium vulnerability in deb package: wget, version 1.21.4-1ubuntu4.1 was found in image ghcr.io/jaegertracing/spark-dependencies/spark-dependencies:latest at: /var/lib/dpkg/status"
"qubership-jaeger","grype","ghcr.io/jaegertracing/spark-dependencies/spark-dependencies:latest","CVE-2024-2236","Medium","libgcrypt20","1.10.3-2build1","","A low vulnerability in deb package: libgcrypt20, version 1.10.3-2build1 was found in image ghcr.io/jaegertracing/spark-dependencies/spark-dependencies:latest at: /var/lib/dpkg/status"
"qubership-jaeger","grype","ghcr.io/jaegertracing/spark-dependencies/spark-dependencies:latest","CVE-2025-15467","Critical","libssl3t64","3.0.13-0ubuntu3.6","3.0.13-0ubuntu3.7","A medium vulnerability in deb package: libssl3t64, version 3.0.13-0ubuntu3.6 was found in image ghcr.io/jaegertracing/spark-dependencies/spark-dependencies:latest at: /var/lib/dpkg/status"
"qubership-jaeger","grype","ghcr.io/jaegertracing/spark-dependencies/spark-dependencies:latest","CVE-2025-15467","Critical","openssl","3.0.13-0ubuntu3.6","3.0.13-0ubuntu3.7","A medium vulnerability in deb package: openssl, version 3.0.13-0ubuntu3.6 was found in image ghcr.io/jaegertracing/spark-dependencies/spark-dependencies:latest at: /var/lib/dpkg/status"
"qubership-jaeger","grype","ghcr.io/jaegertracing/spark-dependencies/spark-dependencies:latest","GHSA-gvpg-vgmx-xg6w","High","nimbus-jose-jwt","9.8.1","9.37.2","A high vulnerability in java-archive package: nimbus-jose-jwt, version 9.8.1 was found in image ghcr.io/jaegertracing/spark-dependencies/spark-dependencies:latest at: /app/app.jar"
"qubership-jaeger","grype","ghcr.io/jaegertracing/spark-dependencies/spark-dependencies:latest","CVE-2025-0167","Low","curl","8.5.0-2ubuntu10.6","","A low vulnerability in deb package: curl, version 8.5.0-2ubuntu10.6 was found in image ghcr.io/jaegertracing/spark-dependencies/spark-dependencies:latest at: /var/lib/dpkg/status"
"qubership-jaeger","grype","ghcr.io/jaegertracing/spark-dependencies/spark-dependencies:latest","CVE-2025-0167","Low","libcurl4t64","8.5.0-2ubuntu10.6","","A low vulnerability in deb package: libcurl4t64, version 8.5.0-2ubuntu10.6 was found in image ghcr.io/jaegertracing/spark-dependencies/spark-dependencies:latest at: /var/lib/dpkg/status"
"qubership-jaeger","grype","ghcr.io/jaegertracing/spark-dependencies/spark-dependencies:latest","CVE-2026-21945","High","openjdk","21.0.9+10-LTS","1.8.0_482,8.0.482,11.0.30,17.0.18,21.0.10,25.0.2","A high vulnerability in binary package: openjdk, version 21.0.9+10-LTS was found in image ghcr.io/jaegertracing/spark-dependencies/spark-dependencies:latest at: /opt/java/openjdk/release"
"qubership-jaeger","grype","ghcr.io/jaegertracing/spark-dependencies/spark-dependencies:latest","CVE-2025-66293","High","libpng16-16t64","1.6.43-5build1","1.6.43-5ubuntu0.3","A medium vulnerability in deb package: libpng16-16t64, version 1.6.43-5build1 was found in image ghcr.io/jaegertracing/spark-dependencies/spark-dependencies:latest at: /var/lib/dpkg/status"
"qubership-jaeger","grype","ghcr.io/jaegertracing/spark-dependencies/spark-dependencies:latest","GHSA-7g45-4rm6-3mm3","Medium","guava","14.0.1","32.0.0-android","A medium vulnerability in java-archive package: guava, version 14.0.1 was found in image ghcr.io/jaegertracing/spark-dependencies/spark-dependencies:latest at: /app/app.jar"
"qubership-jaeger","grype","ghcr.io/jaegertracing/spark-dependencies/spark-dependencies:latest","CVE-2025-64720","High","libpng16-16t64","1.6.43-5build1","1.6.43-5ubuntu0.1","A medium vulnerability in deb package: libpng16-16t64, version 1.6.43-5build1 was found in image ghcr.io/jaegertracing/spark-dependencies/spark-dependencies:latest at: /var/lib/dpkg/status"
"qubership-jaeger","grype","ghcr.io/jaegertracing/spark-dependencies/spark-dependencies:latest","GHSA-xwmg-2g98-w7v9","Medium","nimbus-jose-jwt","9.8.1","9.37.4","A medium vulnerability in java-archive package: nimbus-jose-jwt, version 9.8.1 was found in image ghcr.io/jaegertracing/spark-dependencies/spark-dependencies:latest at: /app/app.jar"
"qubership-jaeger","grype","ghcr.io/jaegertracing/spark-dependencies/spark-dependencies:latest","CVE-2025-45582","Medium","tar","1.35+dfsg-3build1","","A medium vulnerability in deb package: tar, version 1.35+dfsg-3build1 was found in image ghcr.io/jaegertracing/spark-dependencies/spark-dependencies:latest at: /var/lib/dpkg/status"
"qubership-jaeger","grype","ghcr.io/jaegertracing/spark-dependencies/spark-dependencies:latest","CVE-2025-10148","Medium","curl","8.5.0-2ubuntu10.6","","A low vulnerability in deb package: curl, version 8.5.0-2ubuntu10.6 was found in image ghcr.io/jaegertracing/spark-dependencies/spark-dependencies:latest at: /var/lib/dpkg/status"
"qubership-jaeger","grype","ghcr.io/jaegertracing/spark-dependencies/spark-dependencies:latest","CVE-2025-10148","Medium","libcurl4t64","8.5.0-2ubuntu10.6","","A low vulnerability in deb package: libcurl4t64, version 8.5.0-2ubuntu10.6 was found in image ghcr.io/jaegertracing/spark-dependencies/spark-dependencies:latest at: /var/lib/dpkg/status"
"qubership-jaeger","grype","ghcr.io/jaegertracing/spark-dependencies/spark-dependencies:latest","CVE-2025-8277","Low","libssh-4","0.10.6-2ubuntu0.2","","A low vulnerability in deb package: libssh-4, version 0.10.6-2ubuntu0.2 was found in image ghcr.io/jaegertracing/spark-dependencies/spark-dependencies:latest at: /var/lib/dpkg/status"
"qubership-jaeger","grype","ghcr.io/jaegertracing/spark-dependencies/spark-dependencies:latest","CVE-2025-13151","High","libtasn1-6","4.19.0-3ubuntu0.24.04.1","4.19.0-3ubuntu0.24.04.2","A medium vulnerability in deb package: libtasn1-6, version 4.19.0-3ubuntu0.24.04.1 was found in image ghcr.io/jaegertracing/spark-dependencies/spark-dependencies:latest at: /var/lib/dpkg/status"
"qubership-jaeger","grype","ghcr.io/jaegertracing/spark-dependencies/spark-dependencies:latest","CVE-2025-15281","High","libc-bin","2.39-0ubuntu8.6","","A medium vulnerability in deb package: libc-bin, version 2.39-0ubuntu8.6 was found in image ghcr.io/jaegertracing/spark-dependencies/spark-dependencies:latest at: /var/lib/dpkg/status"
"qubership-jaeger","grype","ghcr.io/jaegertracing/spark-dependencies/spark-dependencies:latest","CVE-2025-15281","High","libc6","2.39-0ubuntu8.6","","A medium vulnerability in deb package: libc6, version 2.39-0ubuntu8.6 was found in image ghcr.io/jaegertracing/spark-dependencies/spark-dependencies:latest at: /var/lib/dpkg/status"
"qubership-jaeger","grype","ghcr.io/jaegertracing/spark-dependencies/spark-dependencies:latest","CVE-2025-15281","High","locales","2.39-0ubuntu8.6","","A medium vulnerability in deb package: locales, version 2.39-0ubuntu8.6 was found in image ghcr.io/jaegertracing/spark-dependencies/spark-dependencies:latest at: /var/lib/dpkg/status"
"qubership-jaeger","grype","ghcr.io/jaegertracing/spark-dependencies/spark-dependencies:latest","CVE-2016-2781","Medium","coreutils","9.4-3ubuntu6.1","","A low vulnerability in deb package: coreutils, version 9.4-3ubuntu6.1 was found in image ghcr.io/jaegertracing/spark-dependencies/spark-dependencies:latest at: /var/lib/dpkg/status"
"qubership-jaeger","grype","ghcr.io/jaegertracing/spark-dependencies/spark-dependencies:latest","GHSA-h46c-h94j-95f3","High","jackson-core","2.13.4","2.15.0","A high vulnerability in java-archive package: jackson-core, version 2.13.4 was found in image ghcr.io/jaegertracing/spark-dependencies/spark-dependencies:latest at: /app/app.jar"
"qubership-jaeger","grype","ghcr.io/jaegertracing/spark-dependencies/spark-dependencies:latest","CVE-2026-21932","High","openjdk","21.0.9+10-LTS","1.8.0_482,8.0.482,11.0.30,17.0.18,21.0.10,25.0.2","A high vulnerability in binary package: openjdk, version 21.0.9+10-LTS was found in image ghcr.io/jaegertracing/spark-dependencies/spark-dependencies:latest at: /opt/java/openjdk/release"
"qubership-jaeger","grype","ghcr.io/jaegertracing/spark-dependencies/spark-dependencies:latest","GHSA-5mg8-w23w-74h3","Low","guava","14.0.1","32.0.0-android","A low vulnerability in java-archive package: guava, version 14.0.1 was found in image ghcr.io/jaegertracing/spark-dependencies/spark-dependencies:latest at: /app/app.jar"
"qubership-jaeger","grype","ghcr.io/jaegertracing/spark-dependencies/spark-dependencies:latest","CVE-2026-0915","High","libc-bin","2.39-0ubuntu8.6","","A medium vulnerability in deb package: libc-bin, version 2.39-0ubuntu8.6 was found in image ghcr.io/jaegertracing/spark-dependencies/spark-dependencies:latest at: /var/lib/dpkg/status"
"qubership-jaeger","grype","ghcr.io/jaegertracing/spark-dependencies/spark-dependencies:latest","CVE-2026-0915","High","libc6","2.39-0ubuntu8.6","","A medium vulnerability in deb package: libc6, version 2.39-0ubuntu8.6 was found in image ghcr.io/jaegertracing/spark-dependencies/spark-dependencies:latest at: /var/lib/dpkg/status"
"qubership-jaeger","grype","ghcr.io/jaegertracing/spark-dependencies/spark-dependencies:latest","CVE-2026-0915","High","locales","2.39-0ubuntu8.6","","A medium vulnerability in deb package: locales, version 2.39-0ubuntu8.6 was found in image ghcr.io/jaegertracing/spark-dependencies/spark-dependencies:latest at: /var/lib/dpkg/status"
"qubership-jaeger","grype","ghcr.io/jaegertracing/spark-dependencies/spark-dependencies:latest","CVE-2026-22796","Medium","libssl3t64","3.0.13-0ubuntu3.6","3.0.13-0ubuntu3.7","A low vulnerability in deb package: libssl3t64, version 3.0.13-0ubuntu3.6 was found in image ghcr.io/jaegertracing/spark-dependencies/spark-dependencies:latest at: /var/lib/dpkg/status"
"qubership-jaeger","grype","ghcr.io/jaegertracing/spark-dependencies/spark-dependencies:latest","CVE-2026-22796","Medium","openssl","3.0.13-0ubuntu3.6","3.0.13-0ubuntu3.7","A low vulnerability in deb package: openssl, version 3.0.13-0ubuntu3.6 was found in image ghcr.io/jaegertracing/spark-dependencies/spark-dependencies:latest at: /var/lib/dpkg/status"
"qubership-jaeger","grype","ghcr.io/jaegertracing/spark-dependencies/spark-dependencies:latest","CVE-2026-21925","Medium","openjdk","21.0.9+10-LTS","1.8.0_482,8.0.482,11.0.30,17.0.18,21.0.10,25.0.2","A medium vulnerability in binary package: openjdk, version 21.0.9+10-LTS was found in image ghcr.io/jaegertracing/spark-dependencies/spark-dependencies:latest at: /opt/java/openjdk/release"
"qubership-jaeger","grype","ghcr.io/jaegertracing/spark-dependencies/spark-dependencies:latest","CVE-2025-65018","High","libpng16-16t64","1.6.43-5build1","1.6.43-5ubuntu0.1","A medium vulnerability in deb package: libpng16-16t64, version 1.6.43-5build1 was found in image ghcr.io/jaegertracing/spark-dependencies/spark-dependencies:latest at: /var/lib/dpkg/status"
"qubership-jaeger","grype","ghcr.io/jaegertracing/spark-dependencies/spark-dependencies:latest","CVE-2026-21933","Medium","openjdk","21.0.9+10-LTS","1.8.0_482,8.0.482,11.0.30,17.0.18,21.0.10,25.0.2","A medium vulnerability in binary package: openjdk, version 21.0.9+10-LTS was found in image ghcr.io/jaegertracing/spark-dependencies/spark-dependencies:latest at: /opt/java/openjdk/release"
"qubership-jaeger","grype","ghcr.io/jaegertracing/spark-dependencies/spark-dependencies:latest","CVE-2025-15224","Low","curl","8.5.0-2ubuntu10.6","","A low vulnerability in deb package: curl, version 8.5.0-2ubuntu10.6 was found in image ghcr.io/jaegertracing/spark-dependencies/spark-dependencies:latest at: /var/lib/dpkg/status"
"qubership-jaeger","grype","ghcr.io/jaegertracing/spark-dependencies/spark-dependencies:latest","CVE-2025-15224","Low","libcurl4t64","8.5.0-2ubuntu10.6","","A low vulnerability in deb package: libcurl4t64, version 8.5.0-2ubuntu10.6 was found in image ghcr.io/jaegertracing/spark-dependencies/spark-dependencies:latest at: /var/lib/dpkg/status"
"qubership-jaeger","grype","ghcr.io/jaegertracing/spark-dependencies/spark-dependencies:latest","CVE-2025-68973","High","dirmngr","2.4.4-2ubuntu17.3","2.4.4-2ubuntu17.4","A high vulnerability in deb package: dirmngr, version 2.4.4-2ubuntu17.3 was found in image ghcr.io/jaegertracing/spark-dependencies/spark-dependencies:latest at: /var/lib/dpkg/status"
"qubership-jaeger","grype","ghcr.io/jaegertracing/spark-dependencies/spark-dependencies:latest","CVE-2025-68973","High","gnupg","2.4.4-2ubuntu17.3","2.4.4-2ubuntu17.4","A high vulnerability in deb package: gnupg, version 2.4.4-2ubuntu17.3 was found in image ghcr.io/jaegertracing/spark-dependencies/spark-dependencies:latest at: /var/lib/dpkg/status"
"qubership-jaeger","grype","ghcr.io/jaegertracing/spark-dependencies/spark-dependencies:latest","CVE-2025-68973","High","gnupg-utils","2.4.4-2ubuntu17.3","2.4.4-2ubuntu17.4","A high vulnerability in deb package: gnupg-utils, version 2.4.4-2ubuntu17.3 was found in image ghcr.io/jaegertracing/spark-dependencies/spark-dependencies:latest at: /var/lib/dpkg/status"
"qubership-jaeger","grype","ghcr.io/jaegertracing/spark-dependencies/spark-dependencies:latest","CVE-2025-68973","High","gpg","2.4.4-2ubuntu17.3","2.4.4-2ubuntu17.4","A high vulnerability in deb package: gpg, version 2.4.4-2ubuntu17.3 was found in image ghcr.io/jaegertracing/spark-dependencies/spark-dependencies:latest at: /var/lib/dpkg/status"
"qubership-jaeger","grype","ghcr.io/jaegertracing/spark-dependencies/spark-dependencies:latest","CVE-2025-68973","High","gpg-agent","2.4.4-2ubuntu17.3","2.4.4-2ubuntu17.4","A high vulnerability in deb package: gpg-agent, version 2.4.4-2ubuntu17.3 was found in image ghcr.io/jaegertracing/spark-dependencies/spark-dependencies:latest at: /var/lib/dpkg/status"
"qubership-jaeger","grype","ghcr.io/jaegertracing/spark-dependencies/spark-dependencies:latest","CVE-2025-68973","High","gpgconf","2.4.4-2ubuntu17.3","2.4.4-2ubuntu17.4","A high vulnerability in deb package: gpgconf, version 2.4.4-2ubuntu17.3 was found in image ghcr.io/jaegertracing/spark-dependencies/spark-dependencies:latest at: /var/lib/dpkg/status"
"qubership-jaeger","grype","ghcr.io/jaegertracing/spark-dependencies/spark-dependencies:latest","CVE-2025-68973","High","gpgsm","2.4.4-2ubuntu17.3","2.4.4-2ubuntu17.4","A high vulnerability in deb package: gpgsm, version 2.4.4-2ubuntu17.3 was found in image ghcr.io/jaegertracing/spark-dependencies/spark-dependencies:latest at: /var/lib/dpkg/status"
"qubership-jaeger","grype","ghcr.io/jaegertracing/spark-dependencies/spark-dependencies:latest","CVE-2025-68973","High","gpgv","2.4.4-2ubuntu17.3","2.4.4-2ubuntu17.4","A high vulnerability in deb package: gpgv, version 2.4.4-2ubuntu17.3 was found in image ghcr.io/jaegertracing/spark-dependencies/spark-dependencies:latest at: /var/lib/dpkg/status"
"qubership-jaeger","grype","ghcr.io/jaegertracing/spark-dependencies/spark-dependencies:latest","CVE-2025-68973","High","keyboxd","2.4.4-2ubuntu17.3","2.4.4-2ubuntu17.4","A high vulnerability in deb package: keyboxd, version 2.4.4-2ubuntu17.3 was found in image ghcr.io/jaegertracing/spark-dependencies/spark-dependencies:latest at: /var/lib/dpkg/status"
"qubership-jaeger","grype","ghcr.io/jaegertracing/spark-dependencies/spark-dependencies:latest","GHSA-f5fw-25gw-5m92","Low","hadoop-common","3.3.6","3.4.0","A low vulnerability in java-archive package: hadoop-common, version 3.3.6 was found in image ghcr.io/jaegertracing/spark-dependencies/spark-dependencies:latest at: /app/app.jar"
"qubership-jaeger","grype","ghcr.io/jaegertracing/spark-dependencies/spark-dependencies:latest","CVE-2025-9086","High","curl","8.5.0-2ubuntu10.6","","A low vulnerability in deb package: curl, version 8.5.0-2ubuntu10.6 was found in image ghcr.io/jaegertracing/spark-dependencies/spark-dependencies:latest at: /var/lib/dpkg/status"
"qubership-jaeger","grype","ghcr.io/jaegertracing/spark-dependencies/spark-dependencies:latest","CVE-2025-9086","High","libcurl4t64","8.5.0-2ubuntu10.6","","A low vulnerability in deb package: libcurl4t64, version 8.5.0-2ubuntu10.6 was found in image ghcr.io/jaegertracing/spark-dependencies/spark-dependencies:latest at: /var/lib/dpkg/status"
"qubership-jaeger","grype","ghcr.io/jaegertracing/spark-dependencies/spark-dependencies:latest","CVE-2025-14819","Medium","curl","8.5.0-2ubuntu10.6","","A low vulnerability in deb package: curl, version 8.5.0-2ubuntu10.6 was found in image ghcr.io/jaegertracing/spark-dependencies/spark-dependencies:latest at: /var/lib/dpkg/status"
"qubership-jaeger","grype","ghcr.io/jaegertracing/spark-dependencies/spark-dependencies:latest","CVE-2025-14819","Medium","libcurl4t64","8.5.0-2ubuntu10.6","","A low vulnerability in deb package: libcurl4t64, version 8.5.0-2ubuntu10.6 was found in image ghcr.io/jaegertracing/spark-dependencies/spark-dependencies:latest at: /var/lib/dpkg/status"
"qubership-jaeger","grype","ghcr.io/jaegertracing/spark-dependencies/spark-dependencies:latest","GHSA-493p-pfq6-5258","High","json-smart","1.3.2","2.4.9","A high vulnerability in java-archive package: json-smart, version 1.3.2 was found in image ghcr.io/jaegertracing/spark-dependencies/spark-dependencies:latest at: /app/app.jar"
"qubership-jaeger","grype","ghcr.io/jaegertracing/spark-dependencies/spark-dependencies:latest","CVE-2026-22795","Low","libssl3t64","3.0.13-0ubuntu3.6","3.0.13-0ubuntu3.7","A low vulnerability in deb package: libssl3t64, version 3.0.13-0ubuntu3.6 was found in image ghcr.io/jaegertracing/spark-dependencies/spark-dependencies:latest at: /var/lib/dpkg/status"
"qubership-jaeger","grype","ghcr.io/jaegertracing/spark-dependencies/spark-dependencies:latest","CVE-2026-22795","Low","openssl","3.0.13-0ubuntu3.6","3.0.13-0ubuntu3.7","A low vulnerability in deb package: openssl, version 3.0.13-0ubuntu3.6 was found in image ghcr.io/jaegertracing/spark-dependencies/spark-dependencies:latest at: /var/lib/dpkg/status"
"qubership-jaeger","grype","ghcr.io/jaegertracing/spark-dependencies/spark-dependencies:latest","GHSA-4g9r-vxhx-9pgx","Medium","commons-compress","1.24.0","1.26.0","A medium vulnerability in java-archive package: commons-compress, version 1.24.0 was found in image ghcr.io/jaegertracing/spark-dependencies/spark-dependencies:latest at: /app/app.jar"
"qubership-jaeger","grype","ghcr.io/jaegertracing/spark-dependencies/spark-dependencies:latest","GHSA-j288-q9x7-2f5v","Medium","commons-lang3","3.12.0","3.18.0","A medium vulnerability in java-archive package: commons-lang3, version 3.12.0 was found in image ghcr.io/jaegertracing/spark-dependencies/spark-dependencies:latest at: /app/app.jar"
"qubership-jaeger","grype","ghcr.io/jaegertracing/spark-dependencies/spark-dependencies:latest","CVE-2025-28162","Medium","libpng16-16t64","1.6.43-5build1","","A medium vulnerability in deb package: libpng16-16t64, version 1.6.43-5build1 was found in image ghcr.io/jaegertracing/spark-dependencies/spark-dependencies:latest at: /var/lib/dpkg/status"
"qubership-jaeger","grype","ghcr.io/jaegertracing/spark-dependencies/spark-dependencies:latest","CVE-2025-28164","Medium","libpng16-16t64","1.6.43-5build1","","A medium vulnerability in deb package: libpng16-16t64, version 1.6.43-5build1 was found in image ghcr.io/jaegertracing/spark-dependencies/spark-dependencies:latest at: /var/lib/dpkg/status"
"qubership-jaeger","grype","ghcr.io/jaegertracing/spark-dependencies/spark-dependencies:latest","CVE-2026-22695","High","libpng16-16t64","1.6.43-5build1","1.6.43-5ubuntu0.3","A medium vulnerability in deb package: libpng16-16t64, version 1.6.43-5build1 was found in image ghcr.io/jaegertracing/spark-dependencies/spark-dependencies:latest at: /var/lib/dpkg/status"
"qubership-jaeger","grype","ghcr.io/jaegertracing/spark-dependencies/spark-dependencies:latest","CVE-2025-69420","High","libssl3t64","3.0.13-0ubuntu3.6","3.0.13-0ubuntu3.7","A low vulnerability in deb package: libssl3t64, version 3.0.13-0ubuntu3.6 was found in image ghcr.io/jaegertracing/spark-dependencies/spark-dependencies:latest at: /var/lib/dpkg/status"
"qubership-jaeger","grype","ghcr.io/jaegertracing/spark-dependencies/spark-dependencies:latest","CVE-2025-69420","High","openssl","3.0.13-0ubuntu3.6","3.0.13-0ubuntu3.7","A low vulnerability in deb package: openssl, version 3.0.13-0ubuntu3.6 was found in image ghcr.io/jaegertracing/spark-dependencies/spark-dependencies:latest at: /var/lib/dpkg/status"
"qubership-jaeger","grype","ghcr.io/jaegertracing/spark-dependencies/spark-dependencies:latest","CVE-2025-69419","High","libssl3t64","3.0.13-0ubuntu3.6","3.0.13-0ubuntu3.7","A low vulnerability in deb package: libssl3t64, version 3.0.13-0ubuntu3.6 was found in image ghcr.io/jaegertracing/spark-dependencies/spark-dependencies:latest at: /var/lib/dpkg/status"
"qubership-jaeger","grype","ghcr.io/jaegertracing/spark-dependencies/spark-dependencies:latest","CVE-2025-69419","High","openssl","3.0.13-0ubuntu3.6","3.0.13-0ubuntu3.7","A low vulnerability in deb package: openssl, version 3.0.13-0ubuntu3.6 was found in image ghcr.io/jaegertracing/spark-dependencies/spark-dependencies:latest at: /var/lib/dpkg/status"
"qubership-jaeger","grype","ghcr.io/jaegertracing/spark-dependencies/spark-dependencies:latest","CVE-2025-64505","Medium","libpng16-16t64","1.6.43-5build1","1.6.43-5ubuntu0.1","A medium vulnerability in deb package: libpng16-16t64, version 1.6.43-5build1 was found in image ghcr.io/jaegertracing/spark-dependencies/spark-dependencies:latest at: /var/lib/dpkg/status"
"qubership-jaeger","grype","ghcr.io/jaegertracing/spark-dependencies/spark-dependencies:latest","CVE-2025-64506","Medium","libpng16-16t64","1.6.43-5build1","1.6.43-5ubuntu0.1","A medium vulnerability in deb package: libpng16-16t64, version 1.6.43-5build1 was found in image ghcr.io/jaegertracing/spark-dependencies/spark-dependencies:latest at: /var/lib/dpkg/status"
"qubership-jaeger","grype","ghcr.io/jaegertracing/spark-dependencies/spark-dependencies:latest","CVE-2026-0861","High","libc-bin","2.39-0ubuntu8.6","","A medium vulnerability in deb package: libc-bin, version 2.39-0ubuntu8.6 was found in image ghcr.io/jaegertracing/spark-dependencies/spark-dependencies:latest at: /var/lib/dpkg/status"
"qubership-jaeger","grype","ghcr.io/jaegertracing/spark-dependencies/spark-dependencies:latest","CVE-2026-0861","High","libc6","2.39-0ubuntu8.6","","A medium vulnerability in deb package: libc6, version 2.39-0ubuntu8.6 was found in image ghcr.io/jaegertracing/spark-dependencies/spark-dependencies:latest at: /var/lib/dpkg/status"
"qubership-jaeger","grype","ghcr.io/jaegertracing/spark-dependencies/spark-dependencies:latest","CVE-2026-0861","High","locales","2.39-0ubuntu8.6","","A medium vulnerability in deb package: locales, version 2.39-0ubuntu8.6 was found in image ghcr.io/jaegertracing/spark-dependencies/spark-dependencies:latest at: /var/lib/dpkg/status"
"qubership-jaeger","grype","ghcr.io/jaegertracing/spark-dependencies/spark-dependencies:latest","CVE-2025-68160","Medium","libssl3t64","3.0.13-0ubuntu3.6","3.0.13-0ubuntu3.7","A low vulnerability in deb package: libssl3t64, version 3.0.13-0ubuntu3.6 was found in image ghcr.io/jaegertracing/spark-dependencies/spark-dependencies:latest at: /var/lib/dpkg/status"
"qubership-jaeger","grype","ghcr.io/jaegertracing/spark-dependencies/spark-dependencies:latest","CVE-2025-68160","Medium","openssl","3.0.13-0ubuntu3.6","3.0.13-0ubuntu3.7","A low vulnerability in deb package: openssl, version 3.0.13-0ubuntu3.6 was found in image ghcr.io/jaegertracing/spark-dependencies/spark-dependencies:latest at: /var/lib/dpkg/status"
"qubership-jaeger","grype","ghcr.io/jaegertracing/spark-dependencies/spark-dependencies:latest","CVE-2025-69421","Low","libssl3t64","3.0.13-0ubuntu3.6","3.0.13-0ubuntu3.7","A low vulnerability in deb package: libssl3t64, version 3.0.13-0ubuntu3.6 was found in image ghcr.io/jaegertracing/spark-dependencies/spark-dependencies:latest at: /var/lib/dpkg/status"
"qubership-jaeger","grype","ghcr.io/jaegertracing/spark-dependencies/spark-dependencies:latest","CVE-2025-69421","Low","openssl","3.0.13-0ubuntu3.6","3.0.13-0ubuntu3.7","A low vulnerability in deb package: openssl, version 3.0.13-0ubuntu3.6 was found in image ghcr.io/jaegertracing/spark-dependencies/spark-dependencies:latest at: /var/lib/dpkg/status"
"qubership-jaeger","grype","ghcr.io/jaegertracing/spark-dependencies/spark-dependencies:latest","CVE-2025-66382","Medium","libexpat1","2.6.1-2ubuntu0.3","","A medium vulnerability in deb package: libexpat1, version 2.6.1-2ubuntu0.3 was found in image ghcr.io/jaegertracing/spark-dependencies/spark-dependencies:latest at: /var/lib/dpkg/status"
"qubership-jaeger","grype","ghcr.io/jaegertracing/spark-dependencies/spark-dependencies:latest","CVE-2026-22801","High","libpng16-16t64","1.6.43-5build1","1.6.43-5ubuntu0.3","A medium vulnerability in deb package: libpng16-16t64, version 1.6.43-5build1 was found in image ghcr.io/jaegertracing/spark-dependencies/spark-dependencies:latest at: /var/lib/dpkg/status"
"qubership-jaeger","grype","ghcr.io/jaegertracing/spark-dependencies/spark-dependencies:latest","CVE-2025-14524","Medium","curl","8.5.0-2ubuntu10.6","","A low vulnerability in deb package: curl, version 8.5.0-2ubuntu10.6 was found in image ghcr.io/jaegertracing/spark-dependencies/spark-dependencies:latest at: /var/lib/dpkg/status"
"qubership-jaeger","grype","ghcr.io/jaegertracing/spark-dependencies/spark-dependencies:latest","CVE-2025-15079","Medium","curl","8.5.0-2ubuntu10.6","","A low vulnerability in deb package: curl, version 8.5.0-2ubuntu10.6 was found in image ghcr.io/jaegertracing/spark-dependencies/spark-dependencies:latest at: /var/lib/dpkg/status"
"qubership-jaeger","grype","ghcr.io/jaegertracing/spark-dependencies/spark-dependencies:latest","CVE-2025-14524","Medium","libcurl4t64","8.5.0-2ubuntu10.6","","A low vulnerability in deb package: libcurl4t64, version 8.5.0-2ubuntu10.6 was found in image ghcr.io/jaegertracing/spark-dependencies/spark-dependencies:latest at: /var/lib/dpkg/status"
"qubership-jaeger","grype","ghcr.io/jaegertracing/spark-dependencies/spark-dependencies:latest","CVE-2025-15079","Medium","libcurl4t64","8.5.0-2ubuntu10.6","","A low vulnerability in deb package: libcurl4t64, version 8.5.0-2ubuntu10.6 was found in image ghcr.io/jaegertracing/spark-dependencies/spark-dependencies:latest at: /var/lib/dpkg/status"
"qubership-jaeger","grype","ghcr.io/jaegertracing/spark-dependencies/spark-dependencies:latest","CVE-2025-8941","High","libpam-modules","1.5.3-5ubuntu5.5","","A medium vulnerability in deb package: libpam-modules, version 1.5.3-5ubuntu5.5 was found in image ghcr.io/jaegertracing/spark-dependencies/spark-dependencies:latest at: /var/lib/dpkg/status"
"qubership-jaeger","grype","ghcr.io/jaegertracing/spark-dependencies/spark-dependencies:latest","CVE-2025-8941","High","libpam-modules-bin","1.5.3-5ubuntu5.5","","A medium vulnerability in deb package: libpam-modules-bin, version 1.5.3-5ubuntu5.5 was found in image ghcr.io/jaegertracing/spark-dependencies/spark-dependencies:latest at: /var/lib/dpkg/status"
"qubership-jaeger","grype","ghcr.io/jaegertracing/spark-dependencies/spark-dependencies:latest","CVE-2025-8941","High","libpam-runtime","1.5.3-5ubuntu5.5","","A medium vulnerability in deb package: libpam-runtime, version 1.5.3-5ubuntu5.5 was found in image ghcr.io/jaegertracing/spark-dependencies/spark-dependencies:latest at: /var/lib/dpkg/status"
"qubership-jaeger","grype","ghcr.io/jaegertracing/spark-dependencies/spark-dependencies:latest","CVE-2025-8941","High","libpam0g","1.5.3-5ubuntu5.5","","A medium vulnerability in deb package: libpam0g, version 1.5.3-5ubuntu5.5 was found in image ghcr.io/jaegertracing/spark-dependencies/spark-dependencies:latest at: /var/lib/dpkg/status"
"qubership-jaeger","grype","ghcr.io/jaegertracing/spark-dependencies/spark-dependencies:latest","CVE-2022-3219","Low","dirmngr","2.4.4-2ubuntu17.3","","A low vulnerability in deb package: dirmngr, version 2.4.4-2ubuntu17.3 was found in image ghcr.io/jaegertracing/spark-dependencies/spark-dependencies:latest at: /var/lib/dpkg/status"
"qubership-jaeger","grype","ghcr.io/jaegertracing/spark-dependencies/spark-dependencies:latest","CVE-2022-3219","Low","gnupg","2.4.4-2ubuntu17.3","","A low vulnerability in deb package: gnupg, version 2.4.4-2ubuntu17.3 was found in image ghcr.io/jaegertracing/spark-dependencies/spark-dependencies:latest at: /var/lib/dpkg/status"
"qubership-jaeger","grype","ghcr.io/jaegertracing/spark-dependencies/spark-dependencies:latest","CVE-2022-3219","Low","gnupg-utils","2.4.4-2ubuntu17.3","","A low vulnerability in deb package: gnupg-utils, version 2.4.4-2ubuntu17.3 was found in image ghcr.io/jaegertracing/spark-dependencies/spark-dependencies:latest at: /var/lib/dpkg/status"
"qubership-jaeger","grype","ghcr.io/jaegertracing/spark-dependencies/spark-dependencies:latest","CVE-2022-3219","Low","gpg","2.4.4-2ubuntu17.3","","A low vulnerability in deb package: gpg, version 2.4.4-2ubuntu17.3 was found in image ghcr.io/jaegertracing/spark-dependencies/spark-dependencies:latest at: /var/lib/dpkg/status"
"qubership-jaeger","grype","ghcr.io/jaegertracing/spark-dependencies/spark-dependencies:latest","CVE-2022-3219","Low","gpg-agent","2.4.4-2ubuntu17.3","","A low vulnerability in deb package: gpg-agent, version 2.4.4-2ubuntu17.3 was found in image ghcr.io/jaegertracing/spark-dependencies/spark-dependencies:latest at: /var/lib/dpkg/status"
"qubership-jaeger","grype","ghcr.io/jaegertracing/spark-dependencies/spark-dependencies:latest","CVE-2022-3219","Low","gpgconf","2.4.4-2ubuntu17.3","","A low vulnerability in deb package: gpgconf, version 2.4.4-2ubuntu17.3 was found in image ghcr.io/jaegertracing/spark-dependencies/spark-dependencies:latest at: /var/lib/dpkg/status"
"qubership-jaeger","grype","ghcr.io/jaegertracing/spark-dependencies/spark-dependencies:latest","CVE-2022-3219","Low","gpgsm","2.4.4-2ubuntu17.3","","A low vulnerability in deb package: gpgsm, version 2.4.4-2ubuntu17.3 was found in image ghcr.io/jaegertracing/spark-dependencies/spark-dependencies:latest at: /var/lib/dpkg/status"
"qubership-jaeger","grype","ghcr.io/jaegertracing/spark-dependencies/spark-dependencies:latest","CVE-2022-3219","Low","gpgv","2.4.4-2ubuntu17.3","","A low vulnerability in deb package: gpgv, version 2.4.4-2ubuntu17.3 was found in image ghcr.io/jaegertracing/spark-dependencies/spark-dependencies:latest at: /var/lib/dpkg/status"
"qubership-jaeger","grype","ghcr.io/jaegertracing/spark-dependencies/spark-dependencies:latest","CVE-2022-3219","Low","keyboxd","2.4.4-2ubuntu17.3","","A low vulnerability in deb package: keyboxd, version 2.4.4-2ubuntu17.3 was found in image ghcr.io/jaegertracing/spark-dependencies/spark-dependencies:latest at: /var/lib/dpkg/status"
"qubership-jaeger","grype","ghcr.io/jaegertracing/spark-dependencies/spark-dependencies:latest","CVE-2025-5278","Medium","coreutils","9.4-3ubuntu6.1","","A low vulnerability in deb package: coreutils, version 9.4-3ubuntu6.1 was found in image ghcr.io/jaegertracing/spark-dependencies/spark-dependencies:latest at: /var/lib/dpkg/status"
"qubership-jaeger","grype","ghcr.io/jaegertracing/spark-dependencies/spark-dependencies:latest","CVE-2025-6141","Medium","libncursesw6","6.4+20240113-1ubuntu2","","A low vulnerability in deb package: libncursesw6, version 6.4+20240113-1ubuntu2 was found in image ghcr.io/jaegertracing/spark-dependencies/spark-dependencies:latest at: /var/lib/dpkg/status"
"qubership-jaeger","grype","ghcr.io/jaegertracing/spark-dependencies/spark-dependencies:latest","CVE-2025-6141","Medium","libtinfo6","6.4+20240113-1ubuntu2","","A low vulnerability in deb package: libtinfo6, version 6.4+20240113-1ubuntu2 was found in image ghcr.io/jaegertracing/spark-dependencies/spark-dependencies:latest at: /var/lib/dpkg/status"
"qubership-jaeger","grype","ghcr.io/jaegertracing/spark-dependencies/spark-dependencies:latest","CVE-2025-6141","Medium","ncurses-base","6.4+20240113-1ubuntu2","","A low vulnerability in deb package: ncurses-base, version 6.4+20240113-1ubuntu2 was found in image ghcr.io/jaegertracing/spark-dependencies/spark-dependencies:latest at: /var/lib/dpkg/status"
"qubership-jaeger","grype","ghcr.io/jaegertracing/spark-dependencies/spark-dependencies:latest","CVE-2025-6141","Medium","ncurses-bin","6.4+20240113-1ubuntu2","","A low vulnerability in deb package: ncurses-bin, version 6.4+20240113-1ubuntu2 was found in image ghcr.io/jaegertracing/spark-dependencies/spark-dependencies:latest at: /var/lib/dpkg/status"
"qubership-jaeger","grype","ghcr.io/jaegertracing/spark-dependencies/spark-dependencies:latest","CVE-2025-69418","Medium","libssl3t64","3.0.13-0ubuntu3.6","3.0.13-0ubuntu3.7","A low vulnerability in deb package: libssl3t64, version 3.0.13-0ubuntu3.6 was found in image ghcr.io/jaegertracing/spark-dependencies/spark-dependencies:latest at: /var/lib/dpkg/status"
"qubership-jaeger","grype","ghcr.io/jaegertracing/spark-dependencies/spark-dependencies:latest","CVE-2025-69418","Medium","openssl","3.0.13-0ubuntu3.6","3.0.13-0ubuntu3.7","A low vulnerability in deb package: openssl, version 3.0.13-0ubuntu3.6 was found in image ghcr.io/jaegertracing/spark-dependencies/spark-dependencies:latest at: /var/lib/dpkg/status"
"qubership-jaeger","grype","ghcr.io/jaegertracing/spark-dependencies/spark-dependencies:latest","CVE-2025-14017","Medium","curl","8.5.0-2ubuntu10.6","","A medium vulnerability in deb package: curl, version 8.5.0-2ubuntu10.6 was found in image ghcr.io/jaegertracing/spark-dependencies/spark-dependencies:latest at: /var/lib/dpkg/status"
"qubership-jaeger","grype","ghcr.io/jaegertracing/spark-dependencies/spark-dependencies:latest","CVE-2025-14017","Medium","libcurl4t64","8.5.0-2ubuntu10.6","","A medium vulnerability in deb package: libcurl4t64, version 8.5.0-2ubuntu10.6 was found in image ghcr.io/jaegertracing/spark-dependencies/spark-dependencies:latest at: /var/lib/dpkg/status"
"qubership-jaeger","grype","ghcr.io/jaegertracing/spark-dependencies/spark-dependencies:latest","CVE-2025-68972","Medium","dirmngr","2.4.4-2ubuntu17.3","","A medium vulnerability in deb package: dirmngr, version 2.4.4-2ubuntu17.3 was found in image ghcr.io/jaegertracing/spark-dependencies/spark-dependencies:latest at: /var/lib/dpkg/status"
"qubership-jaeger","grype","ghcr.io/jaegertracing/spark-dependencies/spark-dependencies:latest","CVE-2025-68972","Medium","gnupg","2.4.4-2ubuntu17.3","","A medium vulnerability in deb package: gnupg, version 2.4.4-2ubuntu17.3 was found in image ghcr.io/jaegertracing/spark-dependencies/spark-dependencies:latest at: /var/lib/dpkg/status"
"qubership-jaeger","grype","ghcr.io/jaegertracing/spark-dependencies/spark-dependencies:latest","CVE-2025-68972","Medium","gnupg-utils","2.4.4-2ubuntu17.3","","A medium vulnerability in deb package: gnupg-utils, version 2.4.4-2ubuntu17.3 was found in image ghcr.io/jaegertracing/spark-dependencies/spark-dependencies:latest at: /var/lib/dpkg/status"
"qubership-jaeger","grype","ghcr.io/jaegertracing/spark-dependencies/spark-dependencies:latest","CVE-2025-68972","Medium","gpg","2.4.4-2ubuntu17.3","","A medium vulnerability in deb package: gpg, version 2.4.4-2ubuntu17.3 was found in image ghcr.io/jaegertracing/spark-dependencies/spark-dependencies:latest at: /var/lib/dpkg/status"
"qubership-jaeger","grype","ghcr.io/jaegertracing/spark-dependencies/spark-dependencies:latest","CVE-2025-68972","Medium","gpg-agent","2.4.4-2ubuntu17.3","","A medium vulnerability in deb package: gpg-agent, version 2.4.4-2ubuntu17.3 was found in image ghcr.io/jaegertracing/spark-dependencies/spark-dependencies:latest at: /var/lib/dpkg/status"
"qubership-jaeger","grype","ghcr.io/jaegertracing/spark-dependencies/spark-dependencies:latest","CVE-2025-68972","Medium","gpgconf","2.4.4-2ubuntu17.3","","A medium vulnerability in deb package: gpgconf, version 2.4.4-2ubuntu17.3 was found in image ghcr.io/jaegertracing/spark-dependencies/spark-dependencies:latest at: /var/lib/dpkg/status"
"qubership-jaeger","grype","ghcr.io/jaegertracing/spark-dependencies/spark-dependencies:latest","CVE-2025-68972","Medium","gpgsm","2.4.4-2ubuntu17.3","","A medium vulnerability in deb package: gpgsm, version 2.4.4-2ubuntu17.3 was found in image ghcr.io/jaegertracing/spark-dependencies/spark-dependencies:latest at: /var/lib/dpkg/status"
"qubership-jaeger","grype","ghcr.io/jaegertracing/spark-dependencies/spark-dependencies:latest","CVE-2025-68972","Medium","gpgv","2.4.4-2ubuntu17.3","","A medium vulnerability in deb package: gpgv, version 2.4.4-2ubuntu17.3 was found in image ghcr.io/jaegertracing/spark-dependencies/spark-dependencies:latest at: /var/lib/dpkg/status"
"qubership-jaeger","grype","ghcr.io/jaegertracing/spark-dependencies/spark-dependencies:latest","CVE-2025-68972","Medium","keyboxd","2.4.4-2ubuntu17.3","","A medium vulnerability in deb package: keyboxd, version 2.4.4-2ubuntu17.3 was found in image ghcr.io/jaegertracing/spark-dependencies/spark-dependencies:latest at: /var/lib/dpkg/status"
"qubership-jaeger","grype","ghcr.io/jaegertracing/spark-dependencies/spark-dependencies:latest","CVE-2026-24882","High","dirmngr","2.4.4-2ubuntu17.3","","A medium vulnerability in deb package: dirmngr, version 2.4.4-2ubuntu17.3 was found in image ghcr.io/jaegertracing/spark-dependencies/spark-dependencies:latest at: /var/lib/dpkg/status"
"qubership-jaeger","grype","ghcr.io/jaegertracing/spark-dependencies/spark-dependencies:latest","CVE-2026-24882","High","gnupg","2.4.4-2ubuntu17.3","","A medium vulnerability in deb package: gnupg, version 2.4.4-2ubuntu17.3 was found in image ghcr.io/jaegertracing/spark-dependencies/spark-dependencies:latest at: /var/lib/dpkg/status"
"qubership-jaeger","grype","ghcr.io/jaegertracing/spark-dependencies/spark-dependencies:latest","CVE-2026-24882","High","gnupg-utils","2.4.4-2ubuntu17.3","","A medium vulnerability in deb package: gnupg-utils, version 2.4.4-2ubuntu17.3 was found in image ghcr.io/jaegertracing/spark-dependencies/spark-dependencies:latest at: /var/lib/dpkg/status"
"qubership-jaeger","grype","ghcr.io/jaegertracing/spark-dependencies/spark-dependencies:latest","CVE-2026-24882","High","gpg","2.4.4-2ubuntu17.3","","A medium vulnerability in deb package: gpg, version 2.4.4-2ubuntu17.3 was found in image ghcr.io/jaegertracing/spark-dependencies/spark-dependencies:latest at: /var/lib/dpkg/status"
"qubership-jaeger","grype","ghcr.io/jaegertracing/spark-dependencies/spark-dependencies:latest","CVE-2026-24882","High","gpg-agent","2.4.4-2ubuntu17.3","","A medium vulnerability in deb package: gpg-agent, version 2.4.4-2ubuntu17.3 was found in image ghcr.io/jaegertracing/spark-dependencies/spark-dependencies:latest at: /var/lib/dpkg/status"
"qubership-jaeger","grype","ghcr.io/jaegertracing/spark-dependencies/spark-dependencies:latest","CVE-2026-24882","High","gpgconf","2.4.4-2ubuntu17.3","","A medium vulnerability in deb package: gpgconf, version 2.4.4-2ubuntu17.3 was found in image ghcr.io/jaegertracing/spark-dependencies/spark-dependencies:latest at: /var/lib/dpkg/status"
"qubership-jaeger","grype","ghcr.io/jaegertracing/spark-dependencies/spark-dependencies:latest","CVE-2026-24882","High","gpgsm","2.4.4-2ubuntu17.3","","A medium vulnerability in deb package: gpgsm, version 2.4.4-2ubuntu17.3 was found in image ghcr.io/jaegertracing/spark-dependencies/spark-dependencies:latest at: /var/lib/dpkg/status"
"qubership-jaeger","grype","ghcr.io/jaegertracing/spark-dependencies/spark-dependencies:latest","CVE-2026-24882","High","gpgv","2.4.4-2ubuntu17.3","","A medium vulnerability in deb package: gpgv, version 2.4.4-2ubuntu17.3 was found in image ghcr.io/jaegertracing/spark-dependencies/spark-dependencies:latest at: /var/lib/dpkg/status"
"qubership-jaeger","grype","ghcr.io/jaegertracing/spark-dependencies/spark-dependencies:latest","CVE-2026-24882","High","keyboxd","2.4.4-2ubuntu17.3","","A medium vulnerability in deb package: keyboxd, version 2.4.4-2ubuntu17.3 was found in image ghcr.io/jaegertracing/spark-dependencies/spark-dependencies:latest at: /var/lib/dpkg/status"
"qubership-jaeger","grype","ghcr.io/jaegertracing/spark-dependencies/spark-dependencies:latest","CVE-2025-9820","Medium","libgnutls30t64","3.8.3-1.1ubuntu3.4","","A low vulnerability in deb package: libgnutls30t64, version 3.8.3-1.1ubuntu3.4 was found in image ghcr.io/jaegertracing/spark-dependencies/spark-dependencies:latest at: /var/lib/dpkg/status"
"qubership-jaeger","grype","ghcr.io/jaegertracing/spark-dependencies/spark-dependencies:latest","CVE-2026-24515","Low","libexpat1","2.6.1-2ubuntu0.3","","A medium vulnerability in deb package: libexpat1, version 2.6.1-2ubuntu0.3 was found in image ghcr.io/jaegertracing/spark-dependencies/spark-dependencies:latest at: /var/lib/dpkg/status"
"qubership-logging-operator","trivy","docker.io/alpine:3.21.3","CVE-2024-58251","MEDIUM","busybox","1.37.0-r12","1.37.0-r14","In netstat in BusyBox through 1.37.0, local users can launch of network application with an argv[0] containing an ANSI terminal escape sequence, leading to a denial of service (terminal locked up) when netstat is used by a victim."
"qubership-logging-operator","trivy","docker.io/alpine:3.21.3","CVE-2025-46394","LOW","busybox","1.37.0-r12","1.37.0-r14","In tar in BusyBox through 1.37.0, a TAR archive can have filenames hidden from a listing through the use of terminal escape sequences."
"qubership-logging-operator","trivy","docker.io/alpine:3.21.3","CVE-2024-58251","MEDIUM","busybox-binsh","1.37.0-r12","1.37.0-r14","In netstat in BusyBox through 1.37.0, local users can launch of network application with an argv[0] containing an ANSI terminal escape sequence, leading to a denial of service (terminal locked up) when netstat is used by a victim."
"qubership-logging-operator","trivy","docker.io/alpine:3.21.3","CVE-2025-46394","LOW","busybox-binsh","1.37.0-r12","1.37.0-r14","In tar in BusyBox through 1.37.0, a TAR archive can have filenames hidden from a listing through the use of terminal escape sequences."
"qubership-logging-operator","trivy","docker.io/alpine:3.21.3","CVE-2025-15467","CRITICAL","libcrypto3","3.3.3-r0","3.3.6-r0","Issue summary: Parsing CMS AuthEnvelopedData message with maliciously crafted AEAD parameters can trigger a stack buffer overflow.  Impact summary: A stack buffer overflow may lead to a crash, causing Denial of Service, or potentially remote code execution.  When parsing CMS AuthEnvelopedData structures that use AEAD ciphers such as AES-GCM, the IV (Initialization Vector) encoded in the ASN.1 parameters is copied into a fixed-size stack buffer without verifying that its length fits the destination. An attacker can supply a crafted CMS message with an oversized IV, causing a stack-based out-of-bounds write before any authentication or tag verification occurs.  Applications and services that parse untrusted CMS or PKCS#7 content using AEAD ciphers (e.g., S/MIME AuthEnvelopedData with AES-GCM) are vulnerable. Because the overflow occurs prior to authentication, no valid key material is required to trigger it. While exploitability to remote code execution depends on platform and toolchain mitigations, the stack-based write primitive represents a severe risk.  The FIPS modules in 3.6, 3.5, 3.4, 3.3 and 3.0 are not affected by this issue, as the CMS implementation is outside the OpenSSL FIPS module boundary.  OpenSSL 3.6, 3.5, 3.4, 3.3 and 3.0 are vulnerable to this issue.  OpenSSL 1.1.1 and 1.0.2 are not affected by this issue."
"qubership-logging-operator","trivy","docker.io/alpine:3.21.3","CVE-2025-69419","HIGH","libcrypto3","3.3.3-r0","3.3.6-r0","Issue summary: Calling PKCS12_get_friendlyname() function on a maliciously crafted PKCS#12 file with a BMPString (UTF-16BE) friendly name containing non-ASCII BMP code point can trigger a one byte write before the allocated buffer.  Impact summary: The out-of-bounds write can cause a memory corruption which can have various consequences including a Denial of Service.  The OPENSSL_uni2utf8() function performs a two-pass conversion of a PKCS#12 BMPString (UTF-16BE) to UTF-8. In the second pass, when emitting UTF-8 bytes, the helper function bmp_to_utf8() incorrectly forwards the remaining UTF-16 source byte count as the destination buffer capacity to UTF8_putc(). For BMP code points above U+07FF, UTF-8 requires three bytes, but the forwarded capacity can be just two bytes. UTF8_putc() then returns -1, and this negative value is added to the output length without validation, causing the length to become negative. The subsequent trailing NUL byte is then written at a negative offset, causing write outside of heap allocated buffer.  The vulnerability is reachable via the public PKCS12_get_friendlyname() API when parsing attacker-controlled PKCS#12 files. While PKCS12_parse() uses a different code path that avoids this issue, PKCS12_get_friendlyname() directly invokes the vulnerable function. Exploitation requires an attacker to provide a malicious PKCS#12 file to be parsed by the application and the attacker can just trigger a one zero byte write before the allocated buffer. For that reason the issue was assessed as Low severity according to our Security Policy.  The FIPS modules in 3.6, 3.5, 3.4, 3.3 and 3.0 are not affected by this issue, as the PKCS#12 implementation is outside the OpenSSL FIPS module boundary.  OpenSSL 3.6, 3.5, 3.4, 3.3, 3.0 and 1.1.1 are vulnerable to this issue.  OpenSSL 1.0.2 is not affected by this issue."
"qubership-logging-operator","trivy","docker.io/alpine:3.21.3","CVE-2025-15468","MEDIUM","libcrypto3","3.3.3-r0","3.3.6-r0","Issue summary: If an application using the SSL_CIPHER_find() function in a QUIC protocol client or server receives an unknown cipher suite from the peer, a NULL dereference occurs.  Impact summary: A NULL pointer dereference leads to abnormal termination of the running process causing Denial of Service.  Some applications call SSL_CIPHER_find() from the client_hello_cb callback on the cipher ID received from the peer. If this is done with an SSL object implementing the QUIC protocol, NULL pointer dereference will happen if the examined cipher ID is unknown or unsupported.  As it is not very common to call this function in applications using the QUIC  protocol and the worst outcome is Denial of Service, the issue was assessed as Low severity.  The vulnerable code was introduced in the 3.2 version with the addition of the QUIC protocol support.  The FIPS modules in 3.6, 3.5, 3.4 and 3.3 are not affected by this issue, as the QUIC implementation is outside the OpenSSL FIPS module boundary.  OpenSSL 3.6, 3.5, 3.4 and 3.3 are vulnerable to this issue.  OpenSSL 3.0, 1.1.1 and 1.0.2 are not affected by this issue."
"qubership-logging-operator","trivy","docker.io/alpine:3.21.3","CVE-2025-66199","MEDIUM","libcrypto3","3.3.3-r0","3.3.6-r0","Issue summary: A TLS 1.3 connection using certificate compression can be forced to allocate a large buffer before decompression without checking against the configured certificate size limit.  Impact summary: An attacker can cause per-connection memory allocations of up to approximately 22 MiB and extra CPU work, potentially leading to service degradation or resource exhaustion (Denial of Service).  In affected configurations, the peer-supplied uncompressed certificate length from a CompressedCertificate message is used to grow a heap buffer prior to decompression. This length is not bounded by the max_cert_list setting, which otherwise constrains certificate message sizes. An attacker can exploit this to cause large per-connection allocations followed by handshake failure. No memory corruption or information disclosure occurs.  This issue only affects builds where TLS 1.3 certificate compression is compiled in (i.e., not OPENSSL_NO_COMP_ALG) and at least one compression algorithm (brotli, zlib, or zstd) is available, and where the compression extension is negotiated. Both clients receiving a server CompressedCertificate and servers in mutual TLS scenarios receiving a client CompressedCertificate are affected. Servers that do not request client certificates are not vulnerable to client-initiated attacks.  Users can mitigate this issue by setting SSL_OP_NO_RX_CERTIFICATE_COMPRESSION to disable receiving compressed certificates.  The FIPS modules in 3.6, 3.5, 3.4 and 3.3 are not affected by this issue, as the TLS implementation is outside the OpenSSL FIPS module boundary.  OpenSSL 3.6, 3.5, 3.4 and 3.3 are vulnerable to this issue.  OpenSSL 3.0, 1.1.1 and 1.0.2 are not affected by this issue."
"qubership-logging-operator","trivy","docker.io/alpine:3.21.3","CVE-2025-68160","MEDIUM","libcrypto3","3.3.3-r0","3.3.6-r0","Issue summary: Writing large, newline-free data into a BIO chain using the line-buffering filter where the next BIO performs short writes can trigger a heap-based out-of-bounds write.  Impact summary: This out-of-bounds write can cause memory corruption which typically results in a crash, leading to Denial of Service for an application.  The line-buffering BIO filter (BIO_f_linebuffer) is not used by default in TLS/SSL data paths. In OpenSSL command-line applications, it is typically only pushed onto stdout/stderr on VMS systems. Third-party applications that explicitly use this filter with a BIO chain that can short-write and that write large, newline-free data influenced by an attacker would be affected. However, the circumstances where this could happen are unlikely to be under attacker control, and BIO_f_linebuffer is unlikely to be handling non-curated data controlled by an attacker. For that reason the issue was assessed as Low severity.  The FIPS modules in 3.6, 3.5, 3.4, 3.3 and 3.0 are not affected by this issue, as the BIO implementation is outside the OpenSSL FIPS module boundary.  OpenSSL 3.6, 3.5, 3.4, 3.3, 3.0, 1.1.1 and 1.0.2 are vulnerable to this issue."
"qubership-logging-operator","trivy","docker.io/alpine:3.21.3","CVE-2025-69418","MEDIUM","libcrypto3","3.3.3-r0","3.3.6-r0","Issue summary: When using the low-level OCB API directly with AES-NI or<br>other hardware-accelerated code paths, inputs whose length is not a multiple<br>of 16 bytes can leave the final partial block unencrypted and unauthenticated.<br><br>Impact summary: The trailing 1-15 bytes of a message may be exposed in<br>cleartext on encryption and are not covered by the authentication tag,<br>allowing an attacker to read or tamper with those bytes without detection.<br><br>The low-level OCB encrypt and decrypt routines in the hardware-accelerated<br>stream path process full 16-byte blocks but do not advance the input/output<br>pointers. The subsequent tail-handling code then operates on the original<br>base pointers, effectively reprocessing the beginning of the buffer while<br>leaving the actual trailing bytes unprocessed. The authentication checksum<br>also excludes the true tail bytes.<br><br>However, typical OpenSSL consumers using EVP are not affected because the<br>higher-level EVP and provider OCB implementations split inputs so that full<br>blocks and trailing partial blocks are processed in separate calls, avoiding<br>the problematic code path. Additionally, TLS does not use OCB ciphersuites.<br>The vulnerability only affects applications that call the low-level<br>CRYPTO_ocb128_encrypt() or CRYPTO_ocb128_decrypt() functions directly with<br>non-block-aligned lengths in a single call on hardware-accelerated builds.<br>For these reasons the issue was assessed as Low severity.<br><br>The FIPS modules in 3.6, 3.5, 3.4, 3.3, 3.2, 3.1 and 3.0 are not affected<br>by this issue, as OCB mode is not a FIPS-approved algorithm.<br><br>OpenSSL 3.6, 3.5, 3.4, 3.3, 3.0 and 1.1.1 are vulnerable to this issue.<br><br>OpenSSL 1.0.2 is not affected by this issue."
"qubership-logging-operator","trivy","docker.io/alpine:3.21.3","CVE-2025-69420","MEDIUM","libcrypto3","3.3.3-r0","3.3.6-r0","Issue summary: A type confusion vulnerability exists in the TimeStamp Response verification code where an ASN1_TYPE union member is accessed without first validating the type, causing an invalid or NULL pointer dereference when processing a malformed TimeStamp Response file.  Impact summary: An application calling TS_RESP_verify_response() with a malformed TimeStamp Response can be caused to dereference an invalid or NULL pointer when reading, resulting in a Denial of Service.  The functions ossl_ess_get_signing_cert() and ossl_ess_get_signing_cert_v2() access the signing cert attribute value without validating its type. When the type is not V_ASN1_SEQUENCE, this results in accessing invalid memory through the ASN1_TYPE union, causing a crash.  Exploiting this vulnerability requires an attacker to provide a malformed TimeStamp Response to an application that verifies timestamp responses. The TimeStamp protocol (RFC 3161) is not widely used and the impact of the exploit is just a Denial of Service. For these reasons the issue was assessed as Low severity.  The FIPS modules in 3.5, 3.4, 3.3 and 3.0 are not affected by this issue, as the TimeStamp Response implementation is outside the OpenSSL FIPS module boundary.  OpenSSL 3.6, 3.5, 3.4, 3.3, 3.0 and 1.1.1 are vulnerable to this issue.  OpenSSL 1.0.2 is not affected by this issue."
"qubership-logging-operator","trivy","docker.io/alpine:3.21.3","CVE-2025-69421","MEDIUM","libcrypto3","3.3.3-r0","3.3.6-r0","Issue summary: Processing a malformed PKCS#12 file can trigger a NULL pointer dereference in the PKCS12_item_decrypt_d2i_ex() function.  Impact summary: A NULL pointer dereference can trigger a crash which leads to Denial of Service for an application processing PKCS#12 files.  The PKCS12_item_decrypt_d2i_ex() function does not check whether the oct parameter is NULL before dereferencing it. When called from PKCS12_unpack_p7encdata() with a malformed PKCS#12 file, this parameter can be NULL, causing a crash. The vulnerability is limited to Denial of Service and cannot be escalated to achieve code execution or memory disclosure.  Exploiting this issue requires an attacker to provide a malformed PKCS#12 file to an application that processes it. For that reason the issue was assessed as Low severity according to our Security Policy.  The FIPS modules in 3.6, 3.5, 3.4, 3.3 and 3.0 are not affected by this issue, as the PKCS#12 implementation is outside the OpenSSL FIPS module boundary.  OpenSSL 3.6, 3.5, 3.4, 3.3, 3.0, 1.1.1 and 1.0.2 are vulnerable to this issue."
"qubership-logging-operator","trivy","docker.io/alpine:3.21.3","CVE-2025-9230","MEDIUM","libcrypto3","3.3.3-r0","3.3.5-r0","Issue summary: An application trying to decrypt CMS messages encrypted using password based encryption can trigger an out-of-bounds read and write.  Impact summary: This out-of-bounds read may trigger a crash which leads to Denial of Service for an application. The out-of-bounds write can cause a memory corruption which can have various consequences including a Denial of Service or Execution of attacker-supplied code.  Although the consequences of a successful exploit of this vulnerability could be severe, the probability that the attacker would be able to perform it is low. Besides, password based (PWRI) encryption support in CMS messages is very rarely used. For that reason the issue was assessed as Moderate severity according to our Security Policy.  The FIPS modules in 3.5, 3.4, 3.3, 3.2, 3.1 and 3.0 are not affected by this issue, as the CMS implementation is outside the OpenSSL FIPS module boundary."
"qubership-logging-operator","trivy","docker.io/alpine:3.21.3","CVE-2025-9231","MEDIUM","libcrypto3","3.3.3-r0","3.3.5-r0","Issue summary: A timing side-channel which could potentially allow remote recovery of the private key exists in the SM2 algorithm implementation on 64 bit ARM platforms.  Impact summary: A timing side-channel in SM2 signature computations on 64 bit ARM platforms could allow recovering the private key by an attacker..  While remote key recovery over a network was not attempted by the reporter, timing measurements revealed a timing signal which may allow such an attack.  OpenSSL does not directly support certificates with SM2 keys in TLS, and so this CVE is not relevant in most TLS contexts.  However, given that it is possible to add support for such certificates via a custom provider, coupled with the fact that in such a custom provider context the private key may be recoverable via remote timing measurements, we consider this to be a Moderate severity issue.  The FIPS modules in 3.5, 3.4, 3.3, 3.2, 3.1 and 3.0 are not affected by this issue, as SM2 is not an approved algorithm."
"qubership-logging-operator","trivy","docker.io/alpine:3.21.3","CVE-2026-22795","MEDIUM","libcrypto3","3.3.3-r0","3.3.6-r0","Issue summary: An invalid or NULL pointer dereference can happen in an application processing a malformed PKCS#12 file.  Impact summary: An application processing a malformed PKCS#12 file can be caused to dereference an invalid or NULL pointer on memory read, resulting in a Denial of Service.  A type confusion vulnerability exists in PKCS#12 parsing code where an ASN1_TYPE union member is accessed without first validating the type, causing an invalid pointer read.  The location is constrained to a 1-byte address space, meaning any attempted pointer manipulation can only target addresses between 0x00 and 0xFF. This range corresponds to the zero page, which is unmapped on most modern operating systems and will reliably result in a crash, leading only to a Denial of Service. Exploiting this issue also requires a user or application to process a maliciously crafted PKCS#12 file. It is uncommon to accept untrusted PKCS#12 files in applications as they are usually used to store private keys which are trusted by definition. For these reasons, the issue was assessed as Low severity.  The FIPS modules in 3.5, 3.4, 3.3 and 3.0 are not affected by this issue, as the PKCS12 implementation is outside the OpenSSL FIPS module boundary.  OpenSSL 3.6, 3.5, 3.4, 3.3, 3.0 and 1.1.1 are vulnerable to this issue.  OpenSSL 1.0.2 is not affected by this issue."
"qubership-logging-operator","trivy","docker.io/alpine:3.21.3","CVE-2026-22796","MEDIUM","libcrypto3","3.3.3-r0","3.3.6-r0","Issue summary: A type confusion vulnerability exists in the signature verification of signed PKCS#7 data where an ASN1_TYPE union member is accessed without first validating the type, causing an invalid or NULL pointer dereference when processing malformed PKCS#7 data.  Impact summary: An application performing signature verification of PKCS#7 data or calling directly the PKCS7_digest_from_attributes() function can be caused to dereference an invalid or NULL pointer when reading, resulting in a Denial of Service.  The function PKCS7_digest_from_attributes() accesses the message digest attribute value without validating its type. When the type is not V_ASN1_OCTET_STRING, this results in accessing invalid memory through the ASN1_TYPE union, causing a crash.  Exploiting this vulnerability requires an attacker to provide a malformed signed PKCS#7 to an application that verifies it. The impact of the exploit is just a Denial of Service, the PKCS7 API is legacy and applications should be using the CMS API instead. For these reasons the issue was assessed as Low severity.  The FIPS modules in 3.5, 3.4, 3.3 and 3.0 are not affected by this issue, as the PKCS#7 parsing implementation is outside the OpenSSL FIPS module boundary.  OpenSSL 3.6, 3.5, 3.4, 3.3, 3.0, 1.1.1 and 1.0.2 are vulnerable to this issue."
"qubership-logging-operator","trivy","docker.io/alpine:3.21.3","CVE-2025-9232","LOW","libcrypto3","3.3.3-r0","3.3.5-r0","Issue summary: An application using the OpenSSL HTTP client API functions may trigger an out-of-bounds read if the 'no_proxy' environment variable is set and the host portion of the authority component of the HTTP URL is an IPv6 address.  Impact summary: An out-of-bounds read can trigger a crash which leads to Denial of Service for an application.  The OpenSSL HTTP client API functions can be used directly by applications but they are also used by the OCSP client functions and CMP (Certificate Management Protocol) client implementation in OpenSSL. However the URLs used by these implementations are unlikely to be controlled by an attacker.  In this vulnerable code the out of bounds read can only trigger a crash. Furthermore the vulnerability requires an attacker-controlled URL to be passed from an application to the OpenSSL function and the user has to have a 'no_proxy' environment variable set. For the aforementioned reasons the issue was assessed as Low severity.  The vulnerable code was introduced in the following patch releases: 3.0.16, 3.1.8, 3.2.4, 3.3.3, 3.4.0 and 3.5.0.  The FIPS modules in 3.5, 3.4, 3.3, 3.2, 3.1 and 3.0 are not affected by this issue, as the HTTP client implementation is outside the OpenSSL FIPS module boundary."
"qubership-logging-operator","trivy","docker.io/alpine:3.21.3","CVE-2025-15467","CRITICAL","libssl3","3.3.3-r0","3.3.6-r0","Issue summary: Parsing CMS AuthEnvelopedData message with maliciously crafted AEAD parameters can trigger a stack buffer overflow.  Impact summary: A stack buffer overflow may lead to a crash, causing Denial of Service, or potentially remote code execution.  When parsing CMS AuthEnvelopedData structures that use AEAD ciphers such as AES-GCM, the IV (Initialization Vector) encoded in the ASN.1 parameters is copied into a fixed-size stack buffer without verifying that its length fits the destination. An attacker can supply a crafted CMS message with an oversized IV, causing a stack-based out-of-bounds write before any authentication or tag verification occurs.  Applications and services that parse untrusted CMS or PKCS#7 content using AEAD ciphers (e.g., S/MIME AuthEnvelopedData with AES-GCM) are vulnerable. Because the overflow occurs prior to authentication, no valid key material is required to trigger it. While exploitability to remote code execution depends on platform and toolchain mitigations, the stack-based write primitive represents a severe risk.  The FIPS modules in 3.6, 3.5, 3.4, 3.3 and 3.0 are not affected by this issue, as the CMS implementation is outside the OpenSSL FIPS module boundary.  OpenSSL 3.6, 3.5, 3.4, 3.3 and 3.0 are vulnerable to this issue.  OpenSSL 1.1.1 and 1.0.2 are not affected by this issue."
"qubership-logging-operator","trivy","docker.io/alpine:3.21.3","CVE-2025-69419","HIGH","libssl3","3.3.3-r0","3.3.6-r0","Issue summary: Calling PKCS12_get_friendlyname() function on a maliciously crafted PKCS#12 file with a BMPString (UTF-16BE) friendly name containing non-ASCII BMP code point can trigger a one byte write before the allocated buffer.  Impact summary: The out-of-bounds write can cause a memory corruption which can have various consequences including a Denial of Service.  The OPENSSL_uni2utf8() function performs a two-pass conversion of a PKCS#12 BMPString (UTF-16BE) to UTF-8. In the second pass, when emitting UTF-8 bytes, the helper function bmp_to_utf8() incorrectly forwards the remaining UTF-16 source byte count as the destination buffer capacity to UTF8_putc(). For BMP code points above U+07FF, UTF-8 requires three bytes, but the forwarded capacity can be just two bytes. UTF8_putc() then returns -1, and this negative value is added to the output length without validation, causing the length to become negative. The subsequent trailing NUL byte is then written at a negative offset, causing write outside of heap allocated buffer.  The vulnerability is reachable via the public PKCS12_get_friendlyname() API when parsing attacker-controlled PKCS#12 files. While PKCS12_parse() uses a different code path that avoids this issue, PKCS12_get_friendlyname() directly invokes the vulnerable function. Exploitation requires an attacker to provide a malicious PKCS#12 file to be parsed by the application and the attacker can just trigger a one zero byte write before the allocated buffer. For that reason the issue was assessed as Low severity according to our Security Policy.  The FIPS modules in 3.6, 3.5, 3.4, 3.3 and 3.0 are not affected by this issue, as the PKCS#12 implementation is outside the OpenSSL FIPS module boundary.  OpenSSL 3.6, 3.5, 3.4, 3.3, 3.0 and 1.1.1 are vulnerable to this issue.  OpenSSL 1.0.2 is not affected by this issue."
"qubership-logging-operator","trivy","docker.io/alpine:3.21.3","CVE-2025-15468","MEDIUM","libssl3","3.3.3-r0","3.3.6-r0","Issue summary: If an application using the SSL_CIPHER_find() function in a QUIC protocol client or server receives an unknown cipher suite from the peer, a NULL dereference occurs.  Impact summary: A NULL pointer dereference leads to abnormal termination of the running process causing Denial of Service.  Some applications call SSL_CIPHER_find() from the client_hello_cb callback on the cipher ID received from the peer. If this is done with an SSL object implementing the QUIC protocol, NULL pointer dereference will happen if the examined cipher ID is unknown or unsupported.  As it is not very common to call this function in applications using the QUIC  protocol and the worst outcome is Denial of Service, the issue was assessed as Low severity.  The vulnerable code was introduced in the 3.2 version with the addition of the QUIC protocol support.  The FIPS modules in 3.6, 3.5, 3.4 and 3.3 are not affected by this issue, as the QUIC implementation is outside the OpenSSL FIPS module boundary.  OpenSSL 3.6, 3.5, 3.4 and 3.3 are vulnerable to this issue.  OpenSSL 3.0, 1.1.1 and 1.0.2 are not affected by this issue."
"qubership-logging-operator","trivy","docker.io/alpine:3.21.3","CVE-2025-66199","MEDIUM","libssl3","3.3.3-r0","3.3.6-r0","Issue summary: A TLS 1.3 connection using certificate compression can be forced to allocate a large buffer before decompression without checking against the configured certificate size limit.  Impact summary: An attacker can cause per-connection memory allocations of up to approximately 22 MiB and extra CPU work, potentially leading to service degradation or resource exhaustion (Denial of Service).  In affected configurations, the peer-supplied uncompressed certificate length from a CompressedCertificate message is used to grow a heap buffer prior to decompression. This length is not bounded by the max_cert_list setting, which otherwise constrains certificate message sizes. An attacker can exploit this to cause large per-connection allocations followed by handshake failure. No memory corruption or information disclosure occurs.  This issue only affects builds where TLS 1.3 certificate compression is compiled in (i.e., not OPENSSL_NO_COMP_ALG) and at least one compression algorithm (brotli, zlib, or zstd) is available, and where the compression extension is negotiated. Both clients receiving a server CompressedCertificate and servers in mutual TLS scenarios receiving a client CompressedCertificate are affected. Servers that do not request client certificates are not vulnerable to client-initiated attacks.  Users can mitigate this issue by setting SSL_OP_NO_RX_CERTIFICATE_COMPRESSION to disable receiving compressed certificates.  The FIPS modules in 3.6, 3.5, 3.4 and 3.3 are not affected by this issue, as the TLS implementation is outside the OpenSSL FIPS module boundary.  OpenSSL 3.6, 3.5, 3.4 and 3.3 are vulnerable to this issue.  OpenSSL 3.0, 1.1.1 and 1.0.2 are not affected by this issue."
"qubership-logging-operator","trivy","docker.io/alpine:3.21.3","CVE-2025-68160","MEDIUM","libssl3","3.3.3-r0","3.3.6-r0","Issue summary: Writing large, newline-free data into a BIO chain using the line-buffering filter where the next BIO performs short writes can trigger a heap-based out-of-bounds write.  Impact summary: This out-of-bounds write can cause memory corruption which typically results in a crash, leading to Denial of Service for an application.  The line-buffering BIO filter (BIO_f_linebuffer) is not used by default in TLS/SSL data paths. In OpenSSL command-line applications, it is typically only pushed onto stdout/stderr on VMS systems. Third-party applications that explicitly use this filter with a BIO chain that can short-write and that write large, newline-free data influenced by an attacker would be affected. However, the circumstances where this could happen are unlikely to be under attacker control, and BIO_f_linebuffer is unlikely to be handling non-curated data controlled by an attacker. For that reason the issue was assessed as Low severity.  The FIPS modules in 3.6, 3.5, 3.4, 3.3 and 3.0 are not affected by this issue, as the BIO implementation is outside the OpenSSL FIPS module boundary.  OpenSSL 3.6, 3.5, 3.4, 3.3, 3.0, 1.1.1 and 1.0.2 are vulnerable to this issue."
"qubership-logging-operator","trivy","docker.io/alpine:3.21.3","CVE-2025-69418","MEDIUM","libssl3","3.3.3-r0","3.3.6-r0","Issue summary: When using the low-level OCB API directly with AES-NI or<br>other hardware-accelerated code paths, inputs whose length is not a multiple<br>of 16 bytes can leave the final partial block unencrypted and unauthenticated.<br><br>Impact summary: The trailing 1-15 bytes of a message may be exposed in<br>cleartext on encryption and are not covered by the authentication tag,<br>allowing an attacker to read or tamper with those bytes without detection.<br><br>The low-level OCB encrypt and decrypt routines in the hardware-accelerated<br>stream path process full 16-byte blocks but do not advance the input/output<br>pointers. The subsequent tail-handling code then operates on the original<br>base pointers, effectively reprocessing the beginning of the buffer while<br>leaving the actual trailing bytes unprocessed. The authentication checksum<br>also excludes the true tail bytes.<br><br>However, typical OpenSSL consumers using EVP are not affected because the<br>higher-level EVP and provider OCB implementations split inputs so that full<br>blocks and trailing partial blocks are processed in separate calls, avoiding<br>the problematic code path. Additionally, TLS does not use OCB ciphersuites.<br>The vulnerability only affects applications that call the low-level<br>CRYPTO_ocb128_encrypt() or CRYPTO_ocb128_decrypt() functions directly with<br>non-block-aligned lengths in a single call on hardware-accelerated builds.<br>For these reasons the issue was assessed as Low severity.<br><br>The FIPS modules in 3.6, 3.5, 3.4, 3.3, 3.2, 3.1 and 3.0 are not affected<br>by this issue, as OCB mode is not a FIPS-approved algorithm.<br><br>OpenSSL 3.6, 3.5, 3.4, 3.3, 3.0 and 1.1.1 are vulnerable to this issue.<br><br>OpenSSL 1.0.2 is not affected by this issue."
"qubership-logging-operator","trivy","docker.io/alpine:3.21.3","CVE-2025-69420","MEDIUM","libssl3","3.3.3-r0","3.3.6-r0","Issue summary: A type confusion vulnerability exists in the TimeStamp Response verification code where an ASN1_TYPE union member is accessed without first validating the type, causing an invalid or NULL pointer dereference when processing a malformed TimeStamp Response file.  Impact summary: An application calling TS_RESP_verify_response() with a malformed TimeStamp Response can be caused to dereference an invalid or NULL pointer when reading, resulting in a Denial of Service.  The functions ossl_ess_get_signing_cert() and ossl_ess_get_signing_cert_v2() access the signing cert attribute value without validating its type. When the type is not V_ASN1_SEQUENCE, this results in accessing invalid memory through the ASN1_TYPE union, causing a crash.  Exploiting this vulnerability requires an attacker to provide a malformed TimeStamp Response to an application that verifies timestamp responses. The TimeStamp protocol (RFC 3161) is not widely used and the impact of the exploit is just a Denial of Service. For these reasons the issue was assessed as Low severity.  The FIPS modules in 3.5, 3.4, 3.3 and 3.0 are not affected by this issue, as the TimeStamp Response implementation is outside the OpenSSL FIPS module boundary.  OpenSSL 3.6, 3.5, 3.4, 3.3, 3.0 and 1.1.1 are vulnerable to this issue.  OpenSSL 1.0.2 is not affected by this issue."
"qubership-logging-operator","trivy","docker.io/alpine:3.21.3","CVE-2025-69421","MEDIUM","libssl3","3.3.3-r0","3.3.6-r0","Issue summary: Processing a malformed PKCS#12 file can trigger a NULL pointer dereference in the PKCS12_item_decrypt_d2i_ex() function.  Impact summary: A NULL pointer dereference can trigger a crash which leads to Denial of Service for an application processing PKCS#12 files.  The PKCS12_item_decrypt_d2i_ex() function does not check whether the oct parameter is NULL before dereferencing it. When called from PKCS12_unpack_p7encdata() with a malformed PKCS#12 file, this parameter can be NULL, causing a crash. The vulnerability is limited to Denial of Service and cannot be escalated to achieve code execution or memory disclosure.  Exploiting this issue requires an attacker to provide a malformed PKCS#12 file to an application that processes it. For that reason the issue was assessed as Low severity according to our Security Policy.  The FIPS modules in 3.6, 3.5, 3.4, 3.3 and 3.0 are not affected by this issue, as the PKCS#12 implementation is outside the OpenSSL FIPS module boundary.  OpenSSL 3.6, 3.5, 3.4, 3.3, 3.0, 1.1.1 and 1.0.2 are vulnerable to this issue."
"qubership-logging-operator","trivy","docker.io/alpine:3.21.3","CVE-2025-9230","MEDIUM","libssl3","3.3.3-r0","3.3.5-r0","Issue summary: An application trying to decrypt CMS messages encrypted using password based encryption can trigger an out-of-bounds read and write.  Impact summary: This out-of-bounds read may trigger a crash which leads to Denial of Service for an application. The out-of-bounds write can cause a memory corruption which can have various consequences including a Denial of Service or Execution of attacker-supplied code.  Although the consequences of a successful exploit of this vulnerability could be severe, the probability that the attacker would be able to perform it is low. Besides, password based (PWRI) encryption support in CMS messages is very rarely used. For that reason the issue was assessed as Moderate severity according to our Security Policy.  The FIPS modules in 3.5, 3.4, 3.3, 3.2, 3.1 and 3.0 are not affected by this issue, as the CMS implementation is outside the OpenSSL FIPS module boundary."
"qubership-logging-operator","trivy","docker.io/alpine:3.21.3","CVE-2025-9231","MEDIUM","libssl3","3.3.3-r0","3.3.5-r0","Issue summary: A timing side-channel which could potentially allow remote recovery of the private key exists in the SM2 algorithm implementation on 64 bit ARM platforms.  Impact summary: A timing side-channel in SM2 signature computations on 64 bit ARM platforms could allow recovering the private key by an attacker..  While remote key recovery over a network was not attempted by the reporter, timing measurements revealed a timing signal which may allow such an attack.  OpenSSL does not directly support certificates with SM2 keys in TLS, and so this CVE is not relevant in most TLS contexts.  However, given that it is possible to add support for such certificates via a custom provider, coupled with the fact that in such a custom provider context the private key may be recoverable via remote timing measurements, we consider this to be a Moderate severity issue.  The FIPS modules in 3.5, 3.4, 3.3, 3.2, 3.1 and 3.0 are not affected by this issue, as SM2 is not an approved algorithm."
"qubership-logging-operator","trivy","docker.io/alpine:3.21.3","CVE-2026-22795","MEDIUM","libssl3","3.3.3-r0","3.3.6-r0","Issue summary: An invalid or NULL pointer dereference can happen in an application processing a malformed PKCS#12 file.  Impact summary: An application processing a malformed PKCS#12 file can be caused to dereference an invalid or NULL pointer on memory read, resulting in a Denial of Service.  A type confusion vulnerability exists in PKCS#12 parsing code where an ASN1_TYPE union member is accessed without first validating the type, causing an invalid pointer read.  The location is constrained to a 1-byte address space, meaning any attempted pointer manipulation can only target addresses between 0x00 and 0xFF. This range corresponds to the zero page, which is unmapped on most modern operating systems and will reliably result in a crash, leading only to a Denial of Service. Exploiting this issue also requires a user or application to process a maliciously crafted PKCS#12 file. It is uncommon to accept untrusted PKCS#12 files in applications as they are usually used to store private keys which are trusted by definition. For these reasons, the issue was assessed as Low severity.  The FIPS modules in 3.5, 3.4, 3.3 and 3.0 are not affected by this issue, as the PKCS12 implementation is outside the OpenSSL FIPS module boundary.  OpenSSL 3.6, 3.5, 3.4, 3.3, 3.0 and 1.1.1 are vulnerable to this issue.  OpenSSL 1.0.2 is not affected by this issue."
"qubership-logging-operator","trivy","docker.io/alpine:3.21.3","CVE-2026-22796","MEDIUM","libssl3","3.3.3-r0","3.3.6-r0","Issue summary: A type confusion vulnerability exists in the signature verification of signed PKCS#7 data where an ASN1_TYPE union member is accessed without first validating the type, causing an invalid or NULL pointer dereference when processing malformed PKCS#7 data.  Impact summary: An application performing signature verification of PKCS#7 data or calling directly the PKCS7_digest_from_attributes() function can be caused to dereference an invalid or NULL pointer when reading, resulting in a Denial of Service.  The function PKCS7_digest_from_attributes() accesses the message digest attribute value without validating its type. When the type is not V_ASN1_OCTET_STRING, this results in accessing invalid memory through the ASN1_TYPE union, causing a crash.  Exploiting this vulnerability requires an attacker to provide a malformed signed PKCS#7 to an application that verifies it. The impact of the exploit is just a Denial of Service, the PKCS7 API is legacy and applications should be using the CMS API instead. For these reasons the issue was assessed as Low severity.  The FIPS modules in 3.5, 3.4, 3.3 and 3.0 are not affected by this issue, as the PKCS#7 parsing implementation is outside the OpenSSL FIPS module boundary.  OpenSSL 3.6, 3.5, 3.4, 3.3, 3.0, 1.1.1 and 1.0.2 are vulnerable to this issue."
"qubership-logging-operator","trivy","docker.io/alpine:3.21.3","CVE-2025-9232","LOW","libssl3","3.3.3-r0","3.3.5-r0","Issue summary: An application using the OpenSSL HTTP client API functions may trigger an out-of-bounds read if the 'no_proxy' environment variable is set and the host portion of the authority component of the HTTP URL is an IPv6 address.  Impact summary: An out-of-bounds read can trigger a crash which leads to Denial of Service for an application.  The OpenSSL HTTP client API functions can be used directly by applications but they are also used by the OCSP client functions and CMP (Certificate Management Protocol) client implementation in OpenSSL. However the URLs used by these implementations are unlikely to be controlled by an attacker.  In this vulnerable code the out of bounds read can only trigger a crash. Furthermore the vulnerability requires an attacker-controlled URL to be passed from an application to the OpenSSL function and the user has to have a 'no_proxy' environment variable set. For the aforementioned reasons the issue was assessed as Low severity.  The vulnerable code was introduced in the following patch releases: 3.0.16, 3.1.8, 3.2.4, 3.3.3, 3.4.0 and 3.5.0.  The FIPS modules in 3.5, 3.4, 3.3, 3.2, 3.1 and 3.0 are not affected by this issue, as the HTTP client implementation is outside the OpenSSL FIPS module boundary."
"qubership-logging-operator","trivy","docker.io/alpine:3.21.3","CVE-2024-58251","MEDIUM","ssl_client","1.37.0-r12","1.37.0-r14","In netstat in BusyBox through 1.37.0, local users can launch of network application with an argv[0] containing an ANSI terminal escape sequence, leading to a denial of service (terminal locked up) when netstat is used by a victim."
"qubership-logging-operator","trivy","docker.io/alpine:3.21.3","CVE-2025-46394","LOW","ssl_client","1.37.0-r12","1.37.0-r14","In tar in BusyBox through 1.37.0, a TAR archive can have filenames hidden from a listing through the use of terminal escape sequences."
"qubership-jaeger","trivy","envoyproxy/envoy:v1.35.2","CVE-2016-2781","LOW","coreutils","8.32-4.1ubuntu1.2","","chroot in GNU coreutils, when used with --userspec, allows local users to escape to the parent session via a crafted TIOCSTI ioctl call, which pushes characters to the terminal's input buffer."
"qubership-jaeger","trivy","envoyproxy/envoy:v1.35.2","CVE-2025-6297","LOW","dpkg","1.21.1ubuntu2.3","1.21.1ubuntu2.6","It was discovered that dpkg-deb does not properly sanitize directory permissions when extracting a control member into a temporary directory, which is documented as being a safe operation even on untrusted data. This may result in leaving temporary files behind on cleanup. Given automated and repeated execution of dpkg-deb commands on adversarial .deb packages or with well compressible files, placed inside a directory with permissions not allowing removal by a non-root user, this can end up in a DoS scenario due to causing disk quota exhaustion or disk full conditions."
"qubership-jaeger","trivy","envoyproxy/envoy:v1.35.2","CVE-2022-27943","LOW","gcc-12-base","12.3.0-1ubuntu1~22.04.2","","libiberty/rust-demangle.c in GNU GCC 11.2 allows stack consumption in demangle_const, as demonstrated by nm-new."
"qubership-jaeger","trivy","envoyproxy/envoy:v1.35.2","CVE-2025-68973","HIGH","gpgv","2.2.27-3ubuntu2.4","2.2.27-3ubuntu2.5","In GnuPG before 2.4.9, armor_filter in g10/armor.c has two increments of an index variable where one is intended, leading to an out-of-bounds write for crafted input. (For ExtendedLTS, 2.2.51 and later are fixed versions.)"
"qubership-jaeger","trivy","envoyproxy/envoy:v1.35.2","CVE-2025-68972","MEDIUM","gpgv","2.2.27-3ubuntu2.4","","In GnuPG through 2.4.8, if a signed message has \f at the end of a plaintext line, an adversary can construct a modified message that places additional text after the signed material, such that signature verification of the modified message succeeds (although an ""invalid armor"" message is printed during verification). This is related to use of \f as a marker to denote truncation of a long plaintext line."
"qubership-jaeger","trivy","envoyproxy/envoy:v1.35.2","CVE-2022-3219","LOW","gpgv","2.2.27-3ubuntu2.4","","GnuPG can be made to spin on a relatively small input by (for example) crafting a public key with thousands of signatures attached, compressed down to just a few KB."
"qubership-jaeger","trivy","envoyproxy/envoy:v1.35.2","CVE-2025-8058","MEDIUM","libc-bin","2.35-0ubuntu3.10","2.35-0ubuntu3.11","The regcomp function in the GNU C library version from 2.4 to 2.41 is  subject to a double free if some previous allocation fails. It can be  accomplished either by a malloc failure or by using an interposed malloc  that injects random malloc failures. The double free can allow buffer  manipulation depending of how the regex is constructed. This issue  affects all architectures and ABIs supported by the GNU C library."
"qubership-jaeger","trivy","envoyproxy/envoy:v1.35.2","CVE-2026-0861","MEDIUM","libc-bin","2.35-0ubuntu3.10","","Passing too large an alignment to the memalign suite of functions (memalign, posix_memalign, aligned_alloc) in the GNU C Library version 2.30 to 2.42 may result in an integer overflow, which could consequently result in a heap corruption.  Note that the attacker must have control over both, the size as well as the alignment arguments of the memalign function to be able to exploit this.  The size parameter must be close enough to PTRDIFF_MAX so as to overflow size_t along with the large alignment argument.  This limits the malicious inputs for the alignment for memalign to the range [1<<62+ 1, 1<<63] and exactly 1<<63 for posix_memalign and aligned_alloc.  Typically the alignment argument passed to such functions is a known constrained quantity (e.g. page size, block size, struct sizes) and is not attacker controlled, because of which this may not be easily exploitable in practice.  An application bug could potentially result in the input alignment being too large, e.g. due to a different buffer overflow or integer overflow in the application or its dependent libraries, but that is again an uncommon usage pattern given typical sources of alignments."
"qubership-jaeger","trivy","envoyproxy/envoy:v1.35.2","CVE-2025-8058","MEDIUM","libc6","2.35-0ubuntu3.10","2.35-0ubuntu3.11","The regcomp function in the GNU C library version from 2.4 to 2.41 is  subject to a double free if some previous allocation fails. It can be  accomplished either by a malloc failure or by using an interposed malloc  that injects random malloc failures. The double free can allow buffer  manipulation depending of how the regex is constructed. This issue  affects all architectures and ABIs supported by the GNU C library."
"qubership-jaeger","trivy","envoyproxy/envoy:v1.35.2","CVE-2026-0861","MEDIUM","libc6","2.35-0ubuntu3.10","","Passing too large an alignment to the memalign suite of functions (memalign, posix_memalign, aligned_alloc) in the GNU C Library version 2.30 to 2.42 may result in an integer overflow, which could consequently result in a heap corruption.  Note that the attacker must have control over both, the size as well as the alignment arguments of the memalign function to be able to exploit this.  The size parameter must be close enough to PTRDIFF_MAX so as to overflow size_t along with the large alignment argument.  This limits the malicious inputs for the alignment for memalign to the range [1<<62+ 1, 1<<63] and exactly 1<<63 for posix_memalign and aligned_alloc.  Typically the alignment argument passed to such functions is a known constrained quantity (e.g. page size, block size, struct sizes) and is not attacker controlled, because of which this may not be easily exploitable in practice.  An application bug could potentially result in the input alignment being too large, e.g. due to a different buffer overflow or integer overflow in the application or its dependent libraries, but that is again an uncommon usage pattern given typical sources of alignments."
"qubership-jaeger","trivy","envoyproxy/envoy:v1.35.2","CVE-2022-27943","LOW","libgcc-s1","12.3.0-1ubuntu1~22.04.2","","libiberty/rust-demangle.c in GNU GCC 11.2 allows stack consumption in demangle_const, as demonstrated by nm-new."
"qubership-jaeger","trivy","envoyproxy/envoy:v1.35.2","CVE-2024-2236","LOW","libgcrypt20","1.9.4-3ubuntu3","","A timing-based side-channel flaw was found in libgcrypt's RSA implementation. This issue may allow a remote attacker to initiate a Bleichenbacher-style attack, which can lead to the decryption of RSA ciphertexts."
"qubership-jaeger","trivy","envoyproxy/envoy:v1.35.2","CVE-2023-50495","LOW","libncurses6","6.3-2ubuntu0.1","","NCurse v6.4-20230418 was discovered to contain a segmentation fault via the component _nc_wrap_entry()."
"qubership-jaeger","trivy","envoyproxy/envoy:v1.35.2","CVE-2023-50495","LOW","libncursesw6","6.3-2ubuntu0.1","","NCurse v6.4-20230418 was discovered to contain a segmentation fault via the component _nc_wrap_entry()."
"qubership-jaeger","trivy","envoyproxy/envoy:v1.35.2","CVE-2025-8941","MEDIUM","libpam-modules","1.4.0-11ubuntu2.6","","A flaw was found in linux-pam. The pam_namespace module may improperly handle user-controlled paths, allowing local users to exploit symlink attacks and race conditions to elevate their privileges to root. This CVE provides a ""complete"" fix for CVE-2025-6020."
"qubership-jaeger","trivy","envoyproxy/envoy:v1.35.2","CVE-2025-8941","MEDIUM","libpam-modules-bin","1.4.0-11ubuntu2.6","","A flaw was found in linux-pam. The pam_namespace module may improperly handle user-controlled paths, allowing local users to exploit symlink attacks and race conditions to elevate their privileges to root. This CVE provides a ""complete"" fix for CVE-2025-6020."
"qubership-jaeger","trivy","envoyproxy/envoy:v1.35.2","CVE-2025-8941","MEDIUM","libpam-runtime","1.4.0-11ubuntu2.6","","A flaw was found in linux-pam. The pam_namespace module may improperly handle user-controlled paths, allowing local users to exploit symlink attacks and race conditions to elevate their privileges to root. This CVE provides a ""complete"" fix for CVE-2025-6020."
"qubership-jaeger","trivy","envoyproxy/envoy:v1.35.2","CVE-2025-8941","MEDIUM","libpam0g","1.4.0-11ubuntu2.6","","A flaw was found in linux-pam. The pam_namespace module may improperly handle user-controlled paths, allowing local users to exploit symlink attacks and race conditions to elevate their privileges to root. This CVE provides a ""complete"" fix for CVE-2025-6020."
"qubership-jaeger","trivy","envoyproxy/envoy:v1.35.2","CVE-2022-41409","LOW","libpcre2-8-0","10.39-3ubuntu0.1","","Integer overflow vulnerability in pcre2test before 10.41 allows attackers to cause a denial of service or other unspecified impacts via negative input."
"qubership-jaeger","trivy","envoyproxy/envoy:v1.35.2","CVE-2017-11164","LOW","libpcre3","2:8.39-13ubuntu0.22.04.1","","In PCRE 8.41, the OP_KETRMAX feature in the match function in pcre_exec.c allows stack exhaustion (uncontrolled recursion) when processing a crafted regular expression."
"qubership-jaeger","trivy","envoyproxy/envoy:v1.35.2","CVE-2025-15467","MEDIUM","libssl3","3.0.2-0ubuntu1.19","3.0.2-0ubuntu1.21","Issue summary: Parsing CMS AuthEnvelopedData message with maliciously crafted AEAD parameters can trigger a stack buffer overflow.  Impact summary: A stack buffer overflow may lead to a crash, causing Denial of Service, or potentially remote code execution.  When parsing CMS AuthEnvelopedData structures that use AEAD ciphers such as AES-GCM, the IV (Initialization Vector) encoded in the ASN.1 parameters is copied into a fixed-size stack buffer without verifying that its length fits the destination. An attacker can supply a crafted CMS message with an oversized IV, causing a stack-based out-of-bounds write before any authentication or tag verification occurs.  Applications and services that parse untrusted CMS or PKCS#7 content using AEAD ciphers (e.g., S/MIME AuthEnvelopedData with AES-GCM) are vulnerable. Because the overflow occurs prior to authentication, no valid key material is required to trigger it. While exploitability to remote code execution depends on platform and toolchain mitigations, the stack-based write primitive represents a severe risk.  The FIPS modules in 3.6, 3.5, 3.4, 3.3 and 3.0 are not affected by this issue, as the CMS implementation is outside the OpenSSL FIPS module boundary.  OpenSSL 3.6, 3.5, 3.4, 3.3 and 3.0 are vulnerable to this issue.  OpenSSL 1.1.1 and 1.0.2 are not affected by this issue."
"qubership-jaeger","trivy","envoyproxy/envoy:v1.35.2","CVE-2025-9230","MEDIUM","libssl3","3.0.2-0ubuntu1.19","3.0.2-0ubuntu1.20","Issue summary: An application trying to decrypt CMS messages encrypted using password based encryption can trigger an out-of-bounds read and write.  Impact summary: This out-of-bounds read may trigger a crash which leads to Denial of Service for an application. The out-of-bounds write can cause a memory corruption which can have various consequences including a Denial of Service or Execution of attacker-supplied code.  Although the consequences of a successful exploit of this vulnerability could be severe, the probability that the attacker would be able to perform it is low. Besides, password based (PWRI) encryption support in CMS messages is very rarely used. For that reason the issue was assessed as Moderate severity according to our Security Policy.  The FIPS modules in 3.5, 3.4, 3.3, 3.2, 3.1 and 3.0 are not affected by this issue, as the CMS implementation is outside the OpenSSL FIPS module boundary."
"qubership-jaeger","trivy","envoyproxy/envoy:v1.35.2","CVE-2025-68160","LOW","libssl3","3.0.2-0ubuntu1.19","3.0.2-0ubuntu1.21","Issue summary: Writing large, newline-free data into a BIO chain using the line-buffering filter where the next BIO performs short writes can trigger a heap-based out-of-bounds write.  Impact summary: This out-of-bounds write can cause memory corruption which typically results in a crash, leading to Denial of Service for an application.  The line-buffering BIO filter (BIO_f_linebuffer) is not used by default in TLS/SSL data paths. In OpenSSL command-line applications, it is typically only pushed onto stdout/stderr on VMS systems. Third-party applications that explicitly use this filter with a BIO chain that can short-write and that write large, newline-free data influenced by an attacker would be affected. However, the circumstances where this could happen are unlikely to be under attacker control, and BIO_f_linebuffer is unlikely to be handling non-curated data controlled by an attacker. For that reason the issue was assessed as Low severity.  The FIPS modules in 3.6, 3.5, 3.4, 3.3 and 3.0 are not affected by this issue, as the BIO implementation is outside the OpenSSL FIPS module boundary.  OpenSSL 3.6, 3.5, 3.4, 3.3, 3.0, 1.1.1 and 1.0.2 are vulnerable to this issue."
"qubership-jaeger","trivy","envoyproxy/envoy:v1.35.2","CVE-2025-69418","LOW","libssl3","3.0.2-0ubuntu1.19","3.0.2-0ubuntu1.21","Issue summary: When using the low-level OCB API directly with AES-NI or<br>other hardware-accelerated code paths, inputs whose length is not a multiple<br>of 16 bytes can leave the final partial block unencrypted and unauthenticated.<br><br>Impact summary: The trailing 1-15 bytes of a message may be exposed in<br>cleartext on encryption and are not covered by the authentication tag,<br>allowing an attacker to read or tamper with those bytes without detection.<br><br>The low-level OCB encrypt and decrypt routines in the hardware-accelerated<br>stream path process full 16-byte blocks but do not advance the input/output<br>pointers. The subsequent tail-handling code then operates on the original<br>base pointers, effectively reprocessing the beginning of the buffer while<br>leaving the actual trailing bytes unprocessed. The authentication checksum<br>also excludes the true tail bytes.<br><br>However, typical OpenSSL consumers using EVP are not affected because the<br>higher-level EVP and provider OCB implementations split inputs so that full<br>blocks and trailing partial blocks are processed in separate calls, avoiding<br>the problematic code path. Additionally, TLS does not use OCB ciphersuites.<br>The vulnerability only affects applications that call the low-level<br>CRYPTO_ocb128_encrypt() or CRYPTO_ocb128_decrypt() functions directly with<br>non-block-aligned lengths in a single call on hardware-accelerated builds.<br>For these reasons the issue was assessed as Low severity.<br><br>The FIPS modules in 3.6, 3.5, 3.4, 3.3, 3.2, 3.1 and 3.0 are not affected<br>by this issue, as OCB mode is not a FIPS-approved algorithm.<br><br>OpenSSL 3.6, 3.5, 3.4, 3.3, 3.0 and 1.1.1 are vulnerable to this issue.<br><br>OpenSSL 1.0.2 is not affected by this issue."
"qubership-jaeger","trivy","envoyproxy/envoy:v1.35.2","CVE-2025-69419","LOW","libssl3","3.0.2-0ubuntu1.19","3.0.2-0ubuntu1.21","Issue summary: Calling PKCS12_get_friendlyname() function on a maliciously crafted PKCS#12 file with a BMPString (UTF-16BE) friendly name containing non-ASCII BMP code point can trigger a one byte write before the allocated buffer.  Impact summary: The out-of-bounds write can cause a memory corruption which can have various consequences including a Denial of Service.  The OPENSSL_uni2utf8() function performs a two-pass conversion of a PKCS#12 BMPString (UTF-16BE) to UTF-8. In the second pass, when emitting UTF-8 bytes, the helper function bmp_to_utf8() incorrectly forwards the remaining UTF-16 source byte count as the destination buffer capacity to UTF8_putc(). For BMP code points above U+07FF, UTF-8 requires three bytes, but the forwarded capacity can be just two bytes. UTF8_putc() then returns -1, and this negative value is added to the output length without validation, causing the length to become negative. The subsequent trailing NUL byte is then written at a negative offset, causing write outside of heap allocated buffer.  The vulnerability is reachable via the public PKCS12_get_friendlyname() API when parsing attacker-controlled PKCS#12 files. While PKCS12_parse() uses a different code path that avoids this issue, PKCS12_get_friendlyname() directly invokes the vulnerable function. Exploitation requires an attacker to provide a malicious PKCS#12 file to be parsed by the application and the attacker can just trigger a one zero byte write before the allocated buffer. For that reason the issue was assessed as Low severity according to our Security Policy.  The FIPS modules in 3.6, 3.5, 3.4, 3.3 and 3.0 are not affected by this issue, as the PKCS#12 implementation is outside the OpenSSL FIPS module boundary.  OpenSSL 3.6, 3.5, 3.4, 3.3, 3.0 and 1.1.1 are vulnerable to this issue.  OpenSSL 1.0.2 is not affected by this issue."
"qubership-jaeger","trivy","envoyproxy/envoy:v1.35.2","CVE-2025-69420","LOW","libssl3","3.0.2-0ubuntu1.19","3.0.2-0ubuntu1.21","Issue summary: A type confusion vulnerability exists in the TimeStamp Response verification code where an ASN1_TYPE union member is accessed without first validating the type, causing an invalid or NULL pointer dereference when processing a malformed TimeStamp Response file.  Impact summary: An application calling TS_RESP_verify_response() with a malformed TimeStamp Response can be caused to dereference an invalid or NULL pointer when reading, resulting in a Denial of Service.  The functions ossl_ess_get_signing_cert() and ossl_ess_get_signing_cert_v2() access the signing cert attribute value without validating its type. When the type is not V_ASN1_SEQUENCE, this results in accessing invalid memory through the ASN1_TYPE union, causing a crash.  Exploiting this vulnerability requires an attacker to provide a malformed TimeStamp Response to an application that verifies timestamp responses. The TimeStamp protocol (RFC 3161) is not widely used and the impact of the exploit is just a Denial of Service. For these reasons the issue was assessed as Low severity.  The FIPS modules in 3.5, 3.4, 3.3 and 3.0 are not affected by this issue, as the TimeStamp Response implementation is outside the OpenSSL FIPS module boundary.  OpenSSL 3.6, 3.5, 3.4, 3.3, 3.0 and 1.1.1 are vulnerable to this issue.  OpenSSL 1.0.2 is not affected by this issue."
"qubership-jaeger","trivy","envoyproxy/envoy:v1.35.2","CVE-2025-69421","LOW","libssl3","3.0.2-0ubuntu1.19","3.0.2-0ubuntu1.21","Issue summary: Processing a malformed PKCS#12 file can trigger a NULL pointer dereference in the PKCS12_item_decrypt_d2i_ex() function.  Impact summary: A NULL pointer dereference can trigger a crash which leads to Denial of Service for an application processing PKCS#12 files.  The PKCS12_item_decrypt_d2i_ex() function does not check whether the oct parameter is NULL before dereferencing it. When called from PKCS12_unpack_p7encdata() with a malformed PKCS#12 file, this parameter can be NULL, causing a crash. The vulnerability is limited to Denial of Service and cannot be escalated to achieve code execution or memory disclosure.  Exploiting this issue requires an attacker to provide a malformed PKCS#12 file to an application that processes it. For that reason the issue was assessed as Low severity according to our Security Policy.  The FIPS modules in 3.6, 3.5, 3.4, 3.3 and 3.0 are not affected by this issue, as the PKCS#12 implementation is outside the OpenSSL FIPS module boundary.  OpenSSL 3.6, 3.5, 3.4, 3.3, 3.0, 1.1.1 and 1.0.2 are vulnerable to this issue."
"qubership-jaeger","trivy","envoyproxy/envoy:v1.35.2","CVE-2026-22795","LOW","libssl3","3.0.2-0ubuntu1.19","3.0.2-0ubuntu1.21","Issue summary: An invalid or NULL pointer dereference can happen in an application processing a malformed PKCS#12 file.  Impact summary: An application processing a malformed PKCS#12 file can be caused to dereference an invalid or NULL pointer on memory read, resulting in a Denial of Service.  A type confusion vulnerability exists in PKCS#12 parsing code where an ASN1_TYPE union member is accessed without first validating the type, causing an invalid pointer read.  The location is constrained to a 1-byte address space, meaning any attempted pointer manipulation can only target addresses between 0x00 and 0xFF. This range corresponds to the zero page, which is unmapped on most modern operating systems and will reliably result in a crash, leading only to a Denial of Service. Exploiting this issue also requires a user or application to process a maliciously crafted PKCS#12 file. It is uncommon to accept untrusted PKCS#12 files in applications as they are usually used to store private keys which are trusted by definition. For these reasons, the issue was assessed as Low severity.  The FIPS modules in 3.5, 3.4, 3.3 and 3.0 are not affected by this issue, as the PKCS12 implementation is outside the OpenSSL FIPS module boundary.  OpenSSL 3.6, 3.5, 3.4, 3.3, 3.0 and 1.1.1 are vulnerable to this issue.  OpenSSL 1.0.2 is not affected by this issue."
"qubership-jaeger","trivy","envoyproxy/envoy:v1.35.2","CVE-2026-22796","LOW","libssl3","3.0.2-0ubuntu1.19","3.0.2-0ubuntu1.21","Issue summary: A type confusion vulnerability exists in the signature verification of signed PKCS#7 data where an ASN1_TYPE union member is accessed without first validating the type, causing an invalid or NULL pointer dereference when processing malformed PKCS#7 data.  Impact summary: An application performing signature verification of PKCS#7 data or calling directly the PKCS7_digest_from_attributes() function can be caused to dereference an invalid or NULL pointer when reading, resulting in a Denial of Service.  The function PKCS7_digest_from_attributes() accesses the message digest attribute value without validating its type. When the type is not V_ASN1_OCTET_STRING, this results in accessing invalid memory through the ASN1_TYPE union, causing a crash.  Exploiting this vulnerability requires an attacker to provide a malformed signed PKCS#7 to an application that verifies it. The impact of the exploit is just a Denial of Service, the PKCS7 API is legacy and applications should be using the CMS API instead. For these reasons the issue was assessed as Low severity.  The FIPS modules in 3.5, 3.4, 3.3 and 3.0 are not affected by this issue, as the PKCS#7 parsing implementation is outside the OpenSSL FIPS module boundary.  OpenSSL 3.6, 3.5, 3.4, 3.3, 3.0, 1.1.1 and 1.0.2 are vulnerable to this issue."
"qubership-jaeger","trivy","envoyproxy/envoy:v1.35.2","CVE-2022-27943","LOW","libstdc++6","12.3.0-1ubuntu1~22.04.2","","libiberty/rust-demangle.c in GNU GCC 11.2 allows stack consumption in demangle_const, as demonstrated by nm-new."
"qubership-jaeger","trivy","envoyproxy/envoy:v1.35.2","CVE-2023-7008","LOW","libsystemd0","249.11-0ubuntu3.16","","A vulnerability was found in systemd-resolved. This issue may allow systemd-resolved to accept records of DNSSEC-signed domains even when they have no signature, allowing man-in-the-middles (or the upstream DNS resolver) to manipulate records."
"qubership-jaeger","trivy","envoyproxy/envoy:v1.35.2","CVE-2025-13151","MEDIUM","libtasn1-6","4.18.0-4ubuntu0.1","4.18.0-4ubuntu0.2","Stack-based buffer overflow in libtasn1 version: v4.20.0. The function fails to validate the size of input data resulting in a buffer overflow in asn1_expend_octet_string."
"qubership-jaeger","trivy","envoyproxy/envoy:v1.35.2","CVE-2021-46848","LOW","libtasn1-6","4.18.0-4ubuntu0.1","4.18.0-4ubuntu0.2","GNU Libtasn1 before 4.19.0 has an ETYPE_OK off-by-one array size check that affects asn1_encode_simple_der."
"qubership-jaeger","trivy","envoyproxy/envoy:v1.35.2","CVE-2023-50495","LOW","libtinfo6","6.3-2ubuntu0.1","","NCurse v6.4-20230418 was discovered to contain a segmentation fault via the component _nc_wrap_entry()."
"qubership-jaeger","trivy","envoyproxy/envoy:v1.35.2","CVE-2023-7008","LOW","libudev1","249.11-0ubuntu3.16","","A vulnerability was found in systemd-resolved. This issue may allow systemd-resolved to accept records of DNSSEC-signed domains even when they have no signature, allowing man-in-the-middles (or the upstream DNS resolver) to manipulate records."
"qubership-jaeger","trivy","envoyproxy/envoy:v1.35.2","CVE-2022-4899","LOW","libzstd1","1.4.8+dfsg-3build1","","A vulnerability was found in zstd v1.4.10, where an attacker can supply empty string as an argument to the command line tool to cause buffer overrun."
"qubership-jaeger","trivy","envoyproxy/envoy:v1.35.2","CVE-2023-29383","LOW","login","1:4.8.1-2ubuntu2.2","","In Shadow 4.13, it is possible to inject control characters into fields provided to the SUID program chfn (change finger). Although it is not possible to exploit this directly (e.g., adding a new user fails because \n is in the block list), it is possible to misrepresent the /etc/passwd file when viewed. Use of \r manipulations and Unicode characters to work around blocking of the : character make it possible to give the impression that a new user has been added. In other words, an adversary may be able to convince a system administrator to take the system offline (an indirect, social-engineered denial of service) by demonstrating that ""cat /etc/passwd"" shows a rogue user account."
"qubership-jaeger","trivy","envoyproxy/envoy:v1.35.2","CVE-2024-56433","LOW","login","1:4.8.1-2ubuntu2.2","","shadow-utils (aka shadow) 4.4 through 4.17.0 establishes a default /etc/subuid behavior (e.g., uid 100000 through 165535 for the first user account) that can realistically conflict with the uids of users defined on locally administered networks, potentially leading to account takeover, e.g., by leveraging newuidmap for access to an NFS home directory (or same-host resources in the case of remote logins by these local network users). NOTE: it may also be argued that system administrators should not have assigned uids, within local networks, that are within the range that can occur in /etc/subuid."
"qubership-jaeger","trivy","envoyproxy/envoy:v1.35.2","CVE-2023-50495","LOW","ncurses-base","6.3-2ubuntu0.1","","NCurse v6.4-20230418 was discovered to contain a segmentation fault via the component _nc_wrap_entry()."
"qubership-jaeger","trivy","envoyproxy/envoy:v1.35.2","CVE-2023-50495","LOW","ncurses-bin","6.3-2ubuntu0.1","","NCurse v6.4-20230418 was discovered to contain a segmentation fault via the component _nc_wrap_entry()."
"qubership-jaeger","trivy","envoyproxy/envoy:v1.35.2","CVE-2025-15467","MEDIUM","openssl","3.0.2-0ubuntu1.19","3.0.2-0ubuntu1.21","Issue summary: Parsing CMS AuthEnvelopedData message with maliciously crafted AEAD parameters can trigger a stack buffer overflow.  Impact summary: A stack buffer overflow may lead to a crash, causing Denial of Service, or potentially remote code execution.  When parsing CMS AuthEnvelopedData structures that use AEAD ciphers such as AES-GCM, the IV (Initialization Vector) encoded in the ASN.1 parameters is copied into a fixed-size stack buffer without verifying that its length fits the destination. An attacker can supply a crafted CMS message with an oversized IV, causing a stack-based out-of-bounds write before any authentication or tag verification occurs.  Applications and services that parse untrusted CMS or PKCS#7 content using AEAD ciphers (e.g., S/MIME AuthEnvelopedData with AES-GCM) are vulnerable. Because the overflow occurs prior to authentication, no valid key material is required to trigger it. While exploitability to remote code execution depends on platform and toolchain mitigations, the stack-based write primitive represents a severe risk.  The FIPS modules in 3.6, 3.5, 3.4, 3.3 and 3.0 are not affected by this issue, as the CMS implementation is outside the OpenSSL FIPS module boundary.  OpenSSL 3.6, 3.5, 3.4, 3.3 and 3.0 are vulnerable to this issue.  OpenSSL 1.1.1 and 1.0.2 are not affected by this issue."
"qubership-jaeger","trivy","envoyproxy/envoy:v1.35.2","CVE-2025-9230","MEDIUM","openssl","3.0.2-0ubuntu1.19","3.0.2-0ubuntu1.20","Issue summary: An application trying to decrypt CMS messages encrypted using password based encryption can trigger an out-of-bounds read and write.  Impact summary: This out-of-bounds read may trigger a crash which leads to Denial of Service for an application. The out-of-bounds write can cause a memory corruption which can have various consequences including a Denial of Service or Execution of attacker-supplied code.  Although the consequences of a successful exploit of this vulnerability could be severe, the probability that the attacker would be able to perform it is low. Besides, password based (PWRI) encryption support in CMS messages is very rarely used. For that reason the issue was assessed as Moderate severity according to our Security Policy.  The FIPS modules in 3.5, 3.4, 3.3, 3.2, 3.1 and 3.0 are not affected by this issue, as the CMS implementation is outside the OpenSSL FIPS module boundary."
"qubership-jaeger","trivy","envoyproxy/envoy:v1.35.2","CVE-2025-68160","LOW","openssl","3.0.2-0ubuntu1.19","3.0.2-0ubuntu1.21","Issue summary: Writing large, newline-free data into a BIO chain using the line-buffering filter where the next BIO performs short writes can trigger a heap-based out-of-bounds write.  Impact summary: This out-of-bounds write can cause memory corruption which typically results in a crash, leading to Denial of Service for an application.  The line-buffering BIO filter (BIO_f_linebuffer) is not used by default in TLS/SSL data paths. In OpenSSL command-line applications, it is typically only pushed onto stdout/stderr on VMS systems. Third-party applications that explicitly use this filter with a BIO chain that can short-write and that write large, newline-free data influenced by an attacker would be affected. However, the circumstances where this could happen are unlikely to be under attacker control, and BIO_f_linebuffer is unlikely to be handling non-curated data controlled by an attacker. For that reason the issue was assessed as Low severity.  The FIPS modules in 3.6, 3.5, 3.4, 3.3 and 3.0 are not affected by this issue, as the BIO implementation is outside the OpenSSL FIPS module boundary.  OpenSSL 3.6, 3.5, 3.4, 3.3, 3.0, 1.1.1 and 1.0.2 are vulnerable to this issue."
"qubership-jaeger","trivy","envoyproxy/envoy:v1.35.2","CVE-2025-69418","LOW","openssl","3.0.2-0ubuntu1.19","3.0.2-0ubuntu1.21","Issue summary: When using the low-level OCB API directly with AES-NI or<br>other hardware-accelerated code paths, inputs whose length is not a multiple<br>of 16 bytes can leave the final partial block unencrypted and unauthenticated.<br><br>Impact summary: The trailing 1-15 bytes of a message may be exposed in<br>cleartext on encryption and are not covered by the authentication tag,<br>allowing an attacker to read or tamper with those bytes without detection.<br><br>The low-level OCB encrypt and decrypt routines in the hardware-accelerated<br>stream path process full 16-byte blocks but do not advance the input/output<br>pointers. The subsequent tail-handling code then operates on the original<br>base pointers, effectively reprocessing the beginning of the buffer while<br>leaving the actual trailing bytes unprocessed. The authentication checksum<br>also excludes the true tail bytes.<br><br>However, typical OpenSSL consumers using EVP are not affected because the<br>higher-level EVP and provider OCB implementations split inputs so that full<br>blocks and trailing partial blocks are processed in separate calls, avoiding<br>the problematic code path. Additionally, TLS does not use OCB ciphersuites.<br>The vulnerability only affects applications that call the low-level<br>CRYPTO_ocb128_encrypt() or CRYPTO_ocb128_decrypt() functions directly with<br>non-block-aligned lengths in a single call on hardware-accelerated builds.<br>For these reasons the issue was assessed as Low severity.<br><br>The FIPS modules in 3.6, 3.5, 3.4, 3.3, 3.2, 3.1 and 3.0 are not affected<br>by this issue, as OCB mode is not a FIPS-approved algorithm.<br><br>OpenSSL 3.6, 3.5, 3.4, 3.3, 3.0 and 1.1.1 are vulnerable to this issue.<br><br>OpenSSL 1.0.2 is not affected by this issue."
"qubership-jaeger","trivy","envoyproxy/envoy:v1.35.2","CVE-2025-69419","LOW","openssl","3.0.2-0ubuntu1.19","3.0.2-0ubuntu1.21","Issue summary: Calling PKCS12_get_friendlyname() function on a maliciously crafted PKCS#12 file with a BMPString (UTF-16BE) friendly name containing non-ASCII BMP code point can trigger a one byte write before the allocated buffer.  Impact summary: The out-of-bounds write can cause a memory corruption which can have various consequences including a Denial of Service.  The OPENSSL_uni2utf8() function performs a two-pass conversion of a PKCS#12 BMPString (UTF-16BE) to UTF-8. In the second pass, when emitting UTF-8 bytes, the helper function bmp_to_utf8() incorrectly forwards the remaining UTF-16 source byte count as the destination buffer capacity to UTF8_putc(). For BMP code points above U+07FF, UTF-8 requires three bytes, but the forwarded capacity can be just two bytes. UTF8_putc() then returns -1, and this negative value is added to the output length without validation, causing the length to become negative. The subsequent trailing NUL byte is then written at a negative offset, causing write outside of heap allocated buffer.  The vulnerability is reachable via the public PKCS12_get_friendlyname() API when parsing attacker-controlled PKCS#12 files. While PKCS12_parse() uses a different code path that avoids this issue, PKCS12_get_friendlyname() directly invokes the vulnerable function. Exploitation requires an attacker to provide a malicious PKCS#12 file to be parsed by the application and the attacker can just trigger a one zero byte write before the allocated buffer. For that reason the issue was assessed as Low severity according to our Security Policy.  The FIPS modules in 3.6, 3.5, 3.4, 3.3 and 3.0 are not affected by this issue, as the PKCS#12 implementation is outside the OpenSSL FIPS module boundary.  OpenSSL 3.6, 3.5, 3.4, 3.3, 3.0 and 1.1.1 are vulnerable to this issue.  OpenSSL 1.0.2 is not affected by this issue."
"qubership-jaeger","trivy","envoyproxy/envoy:v1.35.2","CVE-2025-69420","LOW","openssl","3.0.2-0ubuntu1.19","3.0.2-0ubuntu1.21","Issue summary: A type confusion vulnerability exists in the TimeStamp Response verification code where an ASN1_TYPE union member is accessed without first validating the type, causing an invalid or NULL pointer dereference when processing a malformed TimeStamp Response file.  Impact summary: An application calling TS_RESP_verify_response() with a malformed TimeStamp Response can be caused to dereference an invalid or NULL pointer when reading, resulting in a Denial of Service.  The functions ossl_ess_get_signing_cert() and ossl_ess_get_signing_cert_v2() access the signing cert attribute value without validating its type. When the type is not V_ASN1_SEQUENCE, this results in accessing invalid memory through the ASN1_TYPE union, causing a crash.  Exploiting this vulnerability requires an attacker to provide a malformed TimeStamp Response to an application that verifies timestamp responses. The TimeStamp protocol (RFC 3161) is not widely used and the impact of the exploit is just a Denial of Service. For these reasons the issue was assessed as Low severity.  The FIPS modules in 3.5, 3.4, 3.3 and 3.0 are not affected by this issue, as the TimeStamp Response implementation is outside the OpenSSL FIPS module boundary.  OpenSSL 3.6, 3.5, 3.4, 3.3, 3.0 and 1.1.1 are vulnerable to this issue.  OpenSSL 1.0.2 is not affected by this issue."
"qubership-jaeger","trivy","envoyproxy/envoy:v1.35.2","CVE-2025-69421","LOW","openssl","3.0.2-0ubuntu1.19","3.0.2-0ubuntu1.21","Issue summary: Processing a malformed PKCS#12 file can trigger a NULL pointer dereference in the PKCS12_item_decrypt_d2i_ex() function.  Impact summary: A NULL pointer dereference can trigger a crash which leads to Denial of Service for an application processing PKCS#12 files.  The PKCS12_item_decrypt_d2i_ex() function does not check whether the oct parameter is NULL before dereferencing it. When called from PKCS12_unpack_p7encdata() with a malformed PKCS#12 file, this parameter can be NULL, causing a crash. The vulnerability is limited to Denial of Service and cannot be escalated to achieve code execution or memory disclosure.  Exploiting this issue requires an attacker to provide a malformed PKCS#12 file to an application that processes it. For that reason the issue was assessed as Low severity according to our Security Policy.  The FIPS modules in 3.6, 3.5, 3.4, 3.3 and 3.0 are not affected by this issue, as the PKCS#12 implementation is outside the OpenSSL FIPS module boundary.  OpenSSL 3.6, 3.5, 3.4, 3.3, 3.0, 1.1.1 and 1.0.2 are vulnerable to this issue."
"qubership-jaeger","trivy","envoyproxy/envoy:v1.35.2","CVE-2026-22795","LOW","openssl","3.0.2-0ubuntu1.19","3.0.2-0ubuntu1.21","Issue summary: An invalid or NULL pointer dereference can happen in an application processing a malformed PKCS#12 file.  Impact summary: An application processing a malformed PKCS#12 file can be caused to dereference an invalid or NULL pointer on memory read, resulting in a Denial of Service.  A type confusion vulnerability exists in PKCS#12 parsing code where an ASN1_TYPE union member is accessed without first validating the type, causing an invalid pointer read.  The location is constrained to a 1-byte address space, meaning any attempted pointer manipulation can only target addresses between 0x00 and 0xFF. This range corresponds to the zero page, which is unmapped on most modern operating systems and will reliably result in a crash, leading only to a Denial of Service. Exploiting this issue also requires a user or application to process a maliciously crafted PKCS#12 file. It is uncommon to accept untrusted PKCS#12 files in applications as they are usually used to store private keys which are trusted by definition. For these reasons, the issue was assessed as Low severity.  The FIPS modules in 3.5, 3.4, 3.3 and 3.0 are not affected by this issue, as the PKCS12 implementation is outside the OpenSSL FIPS module boundary.  OpenSSL 3.6, 3.5, 3.4, 3.3, 3.0 and 1.1.1 are vulnerable to this issue.  OpenSSL 1.0.2 is not affected by this issue."
"qubership-jaeger","trivy","envoyproxy/envoy:v1.35.2","CVE-2026-22796","LOW","openssl","3.0.2-0ubuntu1.19","3.0.2-0ubuntu1.21","Issue summary: A type confusion vulnerability exists in the signature verification of signed PKCS#7 data where an ASN1_TYPE union member is accessed without first validating the type, causing an invalid or NULL pointer dereference when processing malformed PKCS#7 data.  Impact summary: An application performing signature verification of PKCS#7 data or calling directly the PKCS7_digest_from_attributes() function can be caused to dereference an invalid or NULL pointer when reading, resulting in a Denial of Service.  The function PKCS7_digest_from_attributes() accesses the message digest attribute value without validating its type. When the type is not V_ASN1_OCTET_STRING, this results in accessing invalid memory through the ASN1_TYPE union, causing a crash.  Exploiting this vulnerability requires an attacker to provide a malformed signed PKCS#7 to an application that verifies it. The impact of the exploit is just a Denial of Service, the PKCS7 API is legacy and applications should be using the CMS API instead. For these reasons the issue was assessed as Low severity.  The FIPS modules in 3.5, 3.4, 3.3 and 3.0 are not affected by this issue, as the PKCS#7 parsing implementation is outside the OpenSSL FIPS module boundary.  OpenSSL 3.6, 3.5, 3.4, 3.3, 3.0, 1.1.1 and 1.0.2 are vulnerable to this issue."
"qubership-jaeger","trivy","envoyproxy/envoy:v1.35.2","CVE-2023-29383","LOW","passwd","1:4.8.1-2ubuntu2.2","","In Shadow 4.13, it is possible to inject control characters into fields provided to the SUID program chfn (change finger). Although it is not possible to exploit this directly (e.g., adding a new user fails because \n is in the block list), it is possible to misrepresent the /etc/passwd file when viewed. Use of \r manipulations and Unicode characters to work around blocking of the : character make it possible to give the impression that a new user has been added. In other words, an adversary may be able to convince a system administrator to take the system offline (an indirect, social-engineered denial of service) by demonstrating that ""cat /etc/passwd"" shows a rogue user account."
"qubership-jaeger","trivy","envoyproxy/envoy:v1.35.2","CVE-2024-56433","LOW","passwd","1:4.8.1-2ubuntu2.2","","shadow-utils (aka shadow) 4.4 through 4.17.0 establishes a default /etc/subuid behavior (e.g., uid 100000 through 165535 for the first user account) that can realistically conflict with the uids of users defined on locally administered networks, potentially leading to account takeover, e.g., by leveraging newuidmap for access to an NFS home directory (or same-host resources in the case of remote logins by these local network users). NOTE: it may also be argued that system administrators should not have assigned uids, within local networks, that are within the range that can occur in /etc/subuid."
"qubership-jaeger","trivy","envoyproxy/envoy:v1.35.2","CVE-2025-45582","MEDIUM","tar","1.34+dfsg-1ubuntu0.1.22.04.2","","GNU Tar through 1.35 allows file overwrite via directory traversal in crafted TAR archives, with a certain two-step process. First, the victim must extract an archive that contains a ../ symlink to a critical directory. Second, the victim must extract an archive that contains a critical file, specified via a relative pathname that begins with the symlink name and ends with that critical file's name. Here, the extraction follows the symlink and overwrites the critical file. This bypasses the protection mechanism of ""Member name contains '..'"" that would occur for a single TAR archive that attempted to specify the critical file via a ../ approach. For example, the first archive can contain ""x -> ../../../../../home/victim/.ssh"" and the second archive can contain x/authorized_keys. This can affect server applications that automatically extract any number of user-supplied TAR archives, and were relying on the blocking of traversal. This can also affect software installation processes in which ""tar xf"" is run more than once (e.g., when installing a package can automatically install two dependencies that are set up as untrusted tarballs instead of official packages). NOTE: the official GNU Tar manual has an otherwise-empty directory for each ""tar xf"" in its Security Rules of Thumb; however, third-party advice leads users to run ""tar xf"" more than once into the same directory."
"qubership-jaeger","trivy","jaegertracing/example-hotrod:1.74.0","CVE-2025-58183","HIGH","stdlib","v1.25.1","1.24.8, 1.25.2","tar.Reader does not set a maximum size on the number of sparse region data blocks in GNU tar pax 1.0 sparse files. A maliciously-crafted archive containing a large number of sparse regions can cause a Reader to read an unbounded amount of data from the archive into memory. When reading from a compressed source, a small compressed input can result in large allocations."
"qubership-jaeger","trivy","jaegertracing/example-hotrod:1.74.0","CVE-2025-61729","HIGH","stdlib","v1.25.1","1.24.11, 1.25.5","Within HostnameError.Error(), when constructing an error string, there is no limit to the number of hosts that will be printed out. Furthermore, the error string is constructed by repeated string concatenation, leading to quadratic runtime. Therefore, a certificate provided by a malicious actor can result in excessive resource consumption."
"qubership-jaeger","trivy","jaegertracing/example-hotrod:1.74.0","CVE-2025-47912","MEDIUM","stdlib","v1.25.1","1.24.8, 1.25.2","The Parse function permits values other than IPv6 addresses to be included in square brackets within the host component of a URL. RFC 3986 permits IPv6 addresses to be included within the host component, enclosed within square brackets. For example: ""http://[::1]/"". IPv4 addresses and hostnames must not appear within square brackets. Parse did not enforce this requirement."
"qubership-jaeger","trivy","jaegertracing/example-hotrod:1.74.0","CVE-2025-58185","MEDIUM","stdlib","v1.25.1","1.24.8, 1.25.2","Parsing a maliciously crafted DER payload could allocate large amounts of memory, causing memory exhaustion."
"qubership-jaeger","trivy","jaegertracing/example-hotrod:1.74.0","CVE-2025-58186","MEDIUM","stdlib","v1.25.1","1.24.8, 1.25.2","Despite HTTP headers having a default limit of 1MB, the number of cookies that can be parsed does not have a limit. By sending a lot of very small cookies such as ""a=;"", an attacker can make an HTTP server allocate a large amount of structs, causing large memory consumption."
"qubership-jaeger","trivy","jaegertracing/example-hotrod:1.74.0","CVE-2025-58187","MEDIUM","stdlib","v1.25.1","1.24.9, 1.25.3","Due to the design of the name constraint checking algorithm, the processing time of some inputs scale non-linearly with respect to the size of the certificate. This affects programs which validate arbitrary certificate chains."
"qubership-jaeger","trivy","jaegertracing/example-hotrod:1.74.0","CVE-2025-58188","MEDIUM","stdlib","v1.25.1","1.24.8, 1.25.2","Validating certificate chains which contain DSA public keys can cause programs to panic, due to a interface cast that assumes they implement the Equal method. This affects programs which validate arbitrary certificate chains."
"qubership-jaeger","trivy","jaegertracing/example-hotrod:1.74.0","CVE-2025-58189","MEDIUM","stdlib","v1.25.1","1.24.8, 1.25.2","When Conn.Handshake fails during ALPN negotiation the error contains attacker controlled information (the ALPN protocols sent by the client) which is not escaped."
"qubership-jaeger","trivy","jaegertracing/example-hotrod:1.74.0","CVE-2025-61723","MEDIUM","stdlib","v1.25.1","1.24.8, 1.25.2","The processing time for parsing some invalid inputs scales non-linearly with respect to the size of the input. This affects programs which parse untrusted PEM inputs."
"qubership-jaeger","trivy","jaegertracing/example-hotrod:1.74.0","CVE-2025-61724","MEDIUM","stdlib","v1.25.1","1.24.8, 1.25.2","The Reader.ReadResponse function constructs a response string through repeated string concatenation of lines. When the number of lines in a response is large, this can cause excessive CPU consumption."
"qubership-jaeger","trivy","jaegertracing/example-hotrod:1.74.0","CVE-2025-61725","MEDIUM","stdlib","v1.25.1","1.24.8, 1.25.2","The ParseAddress function constructs domain-literal address components through repeated string concatenation. When parsing large domain-literal components, this can cause excessive CPU consumption."
"qubership-jaeger","trivy","jaegertracing/example-hotrod:1.74.0","CVE-2025-61727","MEDIUM","stdlib","v1.25.1","1.24.11, 1.25.5","An excluded subdomain constraint in a certificate chain does not restrict the usage of wildcard SANs in the leaf certificate. For example a constraint that excludes the subdomain test.example.com does not prevent a leaf certificate from claiming the SAN *.example.com."
"qubership-jaeger","trivy","jaegertracing/example-hotrod:1.74.0","CVE-2025-61726","UNKNOWN","stdlib","v1.25.1","1.24.12, 1.25.6","The net/url package does not set a limit on the number of query parameters in a query. While the maximum size of query parameters in URLs is generally limited by the maximum request header size, the net/http.Request.ParseForm method can parse large URL-encoded forms. Parsing a large form containing many unique query parameters can cause excessive memory consumption."
"qubership-jaeger","trivy","jaegertracing/example-hotrod:1.74.0","CVE-2025-61728","UNKNOWN","stdlib","v1.25.1","1.24.12, 1.25.6","archive/zip uses a super-linear file name indexing algorithm that is invoked the first time a file in an archive is opened. This can lead to a denial of service when consuming a maliciously constructed ZIP archive."
"qubership-jaeger","trivy","jaegertracing/example-hotrod:1.74.0","CVE-2025-61730","UNKNOWN","stdlib","v1.25.1","1.24.12, 1.25.6","During the TLS 1.3 handshake if multiple messages are sent in records that span encryption level boundaries (for instance the Client Hello and Encrypted Extensions messages), the subsequent messages may be processed before the encryption level changes. This can cause some minor information disclosure if a network-local attacker can inject messages during the handshake."
"qubership-logging-operator","trivy","docker.io/fluent/fluent-bit:4.0.1","CVE-2022-27943","LOW","gcc-12-base","12.2.0-14","","libiberty/rust-demangle.c in GNU GCC 11.2 allows stack consumption in demangle_const, as demonstrated by nm-new."
"qubership-logging-operator","trivy","docker.io/fluent/fluent-bit:4.0.1","CVE-2023-4039","LOW","gcc-12-base","12.2.0-14","12.2.0-14+deb12u1","**DISPUTED**A failure in the -fstack-protector feature in GCC-based toolchains  that target AArch64 allows an attacker to exploit an existing buffer  overflow in dynamically-sized local variables in your application  without this being detected. This stack-protector failure only applies  to C99-style dynamically-sized local variables or those created using  alloca(). The stack-protector operates as intended for statically-sized  local variables.  The default behavior when the stack-protector  detects an overflow is to terminate your application, resulting in  controlled loss of availability. An attacker who can exploit a buffer  overflow without triggering the stack-protector might be able to change  program flow control to cause an uncontrolled loss of availability or to  go further and affect confidentiality or integrity. NOTE: The GCC project argues that this is a missed hardening bug and not a vulnerability by itself."
"qubership-logging-operator","trivy","docker.io/fluent/fluent-bit:4.0.1","CVE-2022-27943","LOW","libatomic1","12.2.0-14","","libiberty/rust-demangle.c in GNU GCC 11.2 allows stack consumption in demangle_const, as demonstrated by nm-new."
"qubership-logging-operator","trivy","docker.io/fluent/fluent-bit:4.0.1","CVE-2023-4039","LOW","libatomic1","12.2.0-14","12.2.0-14+deb12u1","**DISPUTED**A failure in the -fstack-protector feature in GCC-based toolchains  that target AArch64 allows an attacker to exploit an existing buffer  overflow in dynamically-sized local variables in your application  without this being detected. This stack-protector failure only applies  to C99-style dynamically-sized local variables or those created using  alloca(). The stack-protector operates as intended for statically-sized  local variables.  The default behavior when the stack-protector  detects an overflow is to terminate your application, resulting in  controlled loss of availability. An attacker who can exploit a buffer  overflow without triggering the stack-protector might be able to change  program flow control to cause an uncontrolled loss of availability or to  go further and affect confidentiality or integrity. NOTE: The GCC project argues that this is a missed hardening bug and not a vulnerability by itself."
"qubership-logging-operator","trivy","docker.io/fluent/fluent-bit:4.0.1","CVE-2025-4802","HIGH","libc6","2.36-9+deb12u10","2.36-9+deb12u11","Untrusted LD_LIBRARY_PATH environment variable vulnerability in the GNU C Library version 2.27 to 2.38 allows attacker controlled loading of dynamically shared library in statically compiled setuid binaries that call dlopen (including internal dlopen calls after setlocale or calls to NSS functions such as getaddrinfo)."
"qubership-logging-operator","trivy","docker.io/fluent/fluent-bit:4.0.1","CVE-2026-0861","HIGH","libc6","2.36-9+deb12u10","","Passing too large an alignment to the memalign suite of functions (memalign, posix_memalign, aligned_alloc) in the GNU C Library version 2.30 to 2.42 may result in an integer overflow, which could consequently result in a heap corruption.  Note that the attacker must have control over both, the size as well as the alignment arguments of the memalign function to be able to exploit this.  The size parameter must be close enough to PTRDIFF_MAX so as to overflow size_t along with the large alignment argument.  This limits the malicious inputs for the alignment for memalign to the range [1<<62+ 1, 1<<63] and exactly 1<<63 for posix_memalign and aligned_alloc.  Typically the alignment argument passed to such functions is a known constrained quantity (e.g. page size, block size, struct sizes) and is not attacker controlled, because of which this may not be easily exploitable in practice.  An application bug could potentially result in the input alignment being too large, e.g. due to a different buffer overflow or integer overflow in the application or its dependent libraries, but that is again an uncommon usage pattern given typical sources of alignments."
"qubership-logging-operator","trivy","docker.io/fluent/fluent-bit:4.0.1","CVE-2025-15281","MEDIUM","libc6","2.36-9+deb12u10","","Calling wordexp with WRDE_REUSE in conjunction with WRDE_APPEND in the GNU C Library version 2.0 to version 2.42 may cause the interface to return uninitialized memory in the we_wordv member, which on subsequent calls to wordfree may abort the process."
"qubership-logging-operator","trivy","docker.io/fluent/fluent-bit:4.0.1","CVE-2025-8058","MEDIUM","libc6","2.36-9+deb12u10","2.36-9+deb12u13","The regcomp function in the GNU C library version from 2.4 to 2.41 is  subject to a double free if some previous allocation fails. It can be  accomplished either by a malloc failure or by using an interposed malloc  that injects random malloc failures. The double free can allow buffer  manipulation depending of how the regex is constructed. This issue  affects all architectures and ABIs supported by the GNU C library."
"qubership-logging-operator","trivy","docker.io/fluent/fluent-bit:4.0.1","CVE-2026-0915","MEDIUM","libc6","2.36-9+deb12u10","","Calling getnetbyaddr or getnetbyaddr_r with a configured nsswitch.conf that specifies the library's DNS backend for networks and queries for a zero-valued network in the GNU C Library version 2.0 to version 2.42 can leak stack contents to the configured DNS resolver."
"qubership-logging-operator","trivy","docker.io/fluent/fluent-bit:4.0.1","CVE-2010-4756","LOW","libc6","2.36-9+deb12u10","","The glob implementation in the GNU C Library (aka glibc or libc6) allows remote authenticated users to cause a denial of service (CPU and memory consumption) via crafted glob expressions that do not match any pathnames, as demonstrated by glob expressions in STAT commands to an FTP daemon, a different vulnerability than CVE-2010-2632."
"qubership-logging-operator","trivy","docker.io/fluent/fluent-bit:4.0.1","CVE-2018-20796","LOW","libc6","2.36-9+deb12u10","","In the GNU C Library (aka glibc or libc6) through 2.29, check_dst_limits_calc_pos_1 in posix/regexec.c has Uncontrolled Recursion, as demonstrated by '(\227|)(\\1\\1|t1|\\\2537)+' in grep."
"qubership-logging-operator","trivy","docker.io/fluent/fluent-bit:4.0.1","CVE-2019-1010022","LOW","libc6","2.36-9+deb12u10","","GNU Libc current is affected by: Mitigation bypass. The impact is: Attacker may bypass stack guard protection. The component is: nptl. The attack vector is: Exploit stack buffer overflow vulnerability and use this bypass vulnerability to bypass stack guard. NOTE: Upstream comments indicate ""this is being treated as a non-security bug and no real threat."
"qubership-logging-operator","trivy","docker.io/fluent/fluent-bit:4.0.1","CVE-2019-1010023","LOW","libc6","2.36-9+deb12u10","","GNU Libc current is affected by: Re-mapping current loaded library with malicious ELF file. The impact is: In worst case attacker may evaluate privileges. The component is: libld. The attack vector is: Attacker sends 2 ELF files to victim and asks to run ldd on it. ldd execute code. NOTE: Upstream comments indicate ""this is being treated as a non-security bug and no real threat."
"qubership-logging-operator","trivy","docker.io/fluent/fluent-bit:4.0.1","CVE-2019-1010024","LOW","libc6","2.36-9+deb12u10","","GNU Libc current is affected by: Mitigation bypass. The impact is: Attacker may bypass ASLR using cache of thread stack and heap. The component is: glibc. NOTE: Upstream comments indicate ""this is being treated as a non-security bug and no real threat."
"qubership-logging-operator","trivy","docker.io/fluent/fluent-bit:4.0.1","CVE-2019-1010025","LOW","libc6","2.36-9+deb12u10","","GNU Libc current is affected by: Mitigation bypass. The impact is: Attacker may guess the heap addresses of pthread_created thread. The component is: glibc. NOTE: the vendor's position is ""ASLR bypass itself is not a vulnerability."
"qubership-logging-operator","trivy","docker.io/fluent/fluent-bit:4.0.1","CVE-2019-9192","LOW","libc6","2.36-9+deb12u10","","In the GNU C Library (aka glibc or libc6) through 2.29, check_dst_limits_calc_pos_1 in posix/regexec.c has Uncontrolled Recursion, as demonstrated by '(|)(\\1\\1)*' in grep, a different issue than CVE-2018-20796. NOTE: the software maintainer disputes that this is a vulnerability because the behavior occurs only with a crafted pattern"
"qubership-logging-operator","trivy","docker.io/fluent/fluent-bit:4.0.1","CVE-2025-1390","MEDIUM","libcap2","1:2.66-4","1:2.66-4+deb12u1","The PAM module pam_cap.so of libcap configuration supports group names starting with “@”, during actual parsing, configurations not starting with “@” are incorrectly recognized as group names. This may result in nonintended users being granted an inherited capability set, potentially leading to security risks. Attackers can exploit this vulnerability to achieve local privilege escalation on systems where /etc/security/capability.conf is used to configure user inherited privileges by constructing specific usernames."
"qubership-logging-operator","trivy","docker.io/fluent/fluent-bit:4.0.1","CVE-2025-10148","MEDIUM","libcurl4","7.88.1-10+deb12u12","","curl's websocket code did not update the 32 bit mask pattern for each new  outgoing frame as the specification says. Instead it used a fixed mask that persisted and was used throughout the entire connection.  A predictable mask pattern allows for a malicious server to induce traffic between the two communicating parties that could be interpreted by an involved proxy (configured or transparent) as genuine, real, HTTP traffic with content and thereby poison its cache. That cached poisoned content could then be served to all users of that proxy."
"qubership-logging-operator","trivy","docker.io/fluent/fluent-bit:4.0.1","CVE-2024-2379","LOW","libcurl4","7.88.1-10+deb12u12","","libcurl skips the certificate verification for a QUIC connection under certain conditions, when built to use wolfSSL. If told to use an unknown/bad cipher or curve, the error path accidentally skips the verification and returns OK, thus ignoring any certificate problems."
"qubership-logging-operator","trivy","docker.io/fluent/fluent-bit:4.0.1","CVE-2025-0725","LOW","libcurl4","7.88.1-10+deb12u12","","When libcurl is asked to perform automatic gzip decompression of content-encoded HTTP responses with the `CURLOPT_ACCEPT_ENCODING` option, **using zlib 1.2.0.3 or older**, an attacker-controlled integer overflow would make libcurl perform a buffer overflow."
"qubership-logging-operator","trivy","docker.io/fluent/fluent-bit:4.0.1","CVE-2025-10966","LOW","libcurl4","7.88.1-10+deb12u12","","curl's code for managing SSH connections when SFTP was done using the wolfSSH powered backend was flawed and missed host verification mechanisms.  This prevents curl from detecting MITM attackers and more."
"qubership-logging-operator","trivy","docker.io/fluent/fluent-bit:4.0.1","CVE-2025-14017","LOW","libcurl4","7.88.1-10+deb12u12","","When doing multi-threaded LDAPS transfers (LDAP over TLS) with libcurl, changing TLS options in one thread would inadvertently change them globally and therefore possibly also affect other concurrently setup transfers.  Disabling certificate verification for a specific transfer could unintentionally disable the feature for other threads as well."
"qubership-logging-operator","trivy","docker.io/fluent/fluent-bit:4.0.1","CVE-2025-14524","LOW","libcurl4","7.88.1-10+deb12u12","","When an OAuth2 bearer token is used for an HTTP(S) transfer, and that transfer performs a cross-protocol redirect to a second URL that uses an IMAP, LDAP, POP3 or SMTP scheme, curl might wrongly pass on the bearer token to the new target host."
"qubership-logging-operator","trivy","docker.io/fluent/fluent-bit:4.0.1","CVE-2025-14819","LOW","libcurl4","7.88.1-10+deb12u12","","When doing TLS related transfers with reused easy or multi handles and altering the  `CURLSSLOPT_NO_PARTIALCHAIN` option, libcurl could accidentally reuse a CA store cached in memory for which the partial chain option was reversed. Contrary to the user's wishes and expectations. This could make libcurl find and accept a trust chain that it otherwise would not."
"qubership-logging-operator","trivy","docker.io/fluent/fluent-bit:4.0.1","CVE-2025-15079","LOW","libcurl4","7.88.1-10+deb12u12","","When doing SSH-based transfers using either SCP or SFTP, and setting the known_hosts file, libcurl could still mistakenly accept connecting to hosts *not present* in the specified file if they were added as recognized in the libssh *global* known_hosts file."
"qubership-logging-operator","trivy","docker.io/fluent/fluent-bit:4.0.1","CVE-2025-15224","LOW","libcurl4","7.88.1-10+deb12u12","","When doing SSH-based transfers using either SCP or SFTP, and asked to do public key authentication, curl would wrongly still ask and authenticate using a locally running SSH agent."
"qubership-logging-operator","trivy","docker.io/fluent/fluent-bit:4.0.1","CVE-2022-27943","LOW","libgcc-s1","12.2.0-14","","libiberty/rust-demangle.c in GNU GCC 11.2 allows stack consumption in demangle_const, as demonstrated by nm-new."
"qubership-logging-operator","trivy","docker.io/fluent/fluent-bit:4.0.1","CVE-2023-4039","LOW","libgcc-s1","12.2.0-14","12.2.0-14+deb12u1","**DISPUTED**A failure in the -fstack-protector feature in GCC-based toolchains  that target AArch64 allows an attacker to exploit an existing buffer  overflow in dynamically-sized local variables in your application  without this being detected. This stack-protector failure only applies  to C99-style dynamically-sized local variables or those created using  alloca(). The stack-protector operates as intended for statically-sized  local variables.  The default behavior when the stack-protector  detects an overflow is to terminate your application, resulting in  controlled loss of availability. An attacker who can exploit a buffer  overflow without triggering the stack-protector might be able to change  program flow control to cause an uncontrolled loss of availability or to  go further and affect confidentiality or integrity. NOTE: The GCC project argues that this is a missed hardening bug and not a vulnerability by itself."
"qubership-logging-operator","trivy","docker.io/fluent/fluent-bit:4.0.1","CVE-2018-6829","LOW","libgcrypt20","1.10.1-3","","cipher/elgamal.c in Libgcrypt through 1.8.2, when used to encrypt messages directly, improperly encodes plaintexts, which allows attackers to obtain sensitive information by reading ciphertext data (i.e., it does not have semantic security in face of a ciphertext-only attack). The Decisional Diffie-Hellman (DDH) assumption does not hold for Libgcrypt's ElGamal implementation."
"qubership-logging-operator","trivy","docker.io/fluent/fluent-bit:4.0.1","CVE-2024-2236","LOW","libgcrypt20","1.10.1-3","","A timing-based side-channel flaw was found in libgcrypt's RSA implementation. This issue may allow a remote attacker to initiate a Bleichenbacher-style attack, which can lead to the decryption of RSA ciphertexts."
"qubership-logging-operator","trivy","docker.io/fluent/fluent-bit:4.0.1","CVE-2025-32988","HIGH","libgnutls30","3.7.9-2+deb12u4","3.7.9-2+deb12u5","A flaw was found in GnuTLS. A double-free vulnerability exists in GnuTLS due to incorrect ownership handling in the export logic of Subject Alternative Name (SAN) entries containing an otherName. If the type-id OID is invalid or malformed, GnuTLS will call asn1_delete_structure() on an ASN.1 node it does not own, leading to a double-free condition when the parent function or caller later attempts to free the same structure.  This vulnerability can be triggered using only public GnuTLS APIs and may result in denial of service or memory corruption, depending on allocator behavior."
"qubership-logging-operator","trivy","docker.io/fluent/fluent-bit:4.0.1","CVE-2025-32990","HIGH","libgnutls30","3.7.9-2+deb12u4","3.7.9-2+deb12u5","A heap-buffer-overflow (off-by-one) flaw was found in the GnuTLS software in the template parsing logic within the certtool utility. When it reads certain settings from a template file, it allows an attacker to cause an out-of-bounds (OOB) NULL pointer write, resulting in memory corruption and a denial-of-service (DoS) that could potentially crash the system."
"qubership-logging-operator","trivy","docker.io/fluent/fluent-bit:4.0.1","CVE-2025-32989","MEDIUM","libgnutls30","3.7.9-2+deb12u4","3.7.9-2+deb12u5","A heap-buffer-overread vulnerability was found in GnuTLS in how it handles the Certificate Transparency (CT) Signed Certificate Timestamp (SCT) extension during X.509 certificate parsing. This flaw allows a malicious user to create a certificate containing a malformed SCT extension (OID 1.3.6.1.4.1.11129.2.4.2) that contains sensitive data. This issue leads to the exposure of confidential information when GnuTLS verifies certificates from certain websites when the certificate (SCT) is not checked correctly."
"qubership-logging-operator","trivy","docker.io/fluent/fluent-bit:4.0.1","CVE-2025-6395","MEDIUM","libgnutls30","3.7.9-2+deb12u4","3.7.9-2+deb12u5","A NULL pointer dereference flaw was found in the GnuTLS software in _gnutls_figure_common_ciphersuite()."
"qubership-logging-operator","trivy","docker.io/fluent/fluent-bit:4.0.1","CVE-2025-9820","MEDIUM","libgnutls30","3.7.9-2+deb12u4","","A flaw was found in the GnuTLS library, specifically in the gnutls_pkcs11_token_init() function that handles PKCS#11 token initialization. When a token label longer than expected is processed, the function writes past the end of a fixed-size stack buffer. This programming error can cause the application using GnuTLS to crash or, in certain conditions, be exploited for code execution. As a result, systems or applications relying on GnuTLS may be vulnerable to a denial of service or local privilege escalation attacks."
"qubership-logging-operator","trivy","docker.io/fluent/fluent-bit:4.0.1","CVE-2011-3389","LOW","libgnutls30","3.7.9-2+deb12u4","","The SSL protocol, as used in certain configurations in Microsoft Windows and Microsoft Internet Explorer, Mozilla Firefox, Google Chrome, Opera, and other products, encrypts data by using CBC mode with chained initialization vectors, which allows man-in-the-middle attackers to obtain plaintext HTTP headers via a blockwise chosen-boundary attack (BCBA) on an HTTPS session, in conjunction with JavaScript code that uses (1) the HTML5 WebSocket API, (2) the Java URLConnection API, or (3) the Silverlight WebClient API, aka a ""BEAST"" attack."
"qubership-logging-operator","trivy","docker.io/fluent/fluent-bit:4.0.1","CVE-2022-27943","LOW","libgomp1","12.2.0-14","","libiberty/rust-demangle.c in GNU GCC 11.2 allows stack consumption in demangle_const, as demonstrated by nm-new."
"qubership-logging-operator","trivy","docker.io/fluent/fluent-bit:4.0.1","CVE-2023-4039","LOW","libgomp1","12.2.0-14","12.2.0-14+deb12u1","**DISPUTED**A failure in the -fstack-protector feature in GCC-based toolchains  that target AArch64 allows an attacker to exploit an existing buffer  overflow in dynamically-sized local variables in your application  without this being detected. This stack-protector failure only applies  to C99-style dynamically-sized local variables or those created using  alloca(). The stack-protector operates as intended for statically-sized  local variables.  The default behavior when the stack-protector  detects an overflow is to terminate your application, resulting in  controlled loss of availability. An attacker who can exploit a buffer  overflow without triggering the stack-protector might be able to change  program flow control to cause an uncontrolled loss of availability or to  go further and affect confidentiality or integrity. NOTE: The GCC project argues that this is a missed hardening bug and not a vulnerability by itself."
"qubership-logging-operator","trivy","docker.io/fluent/fluent-bit:4.0.1","CVE-2024-26462","MEDIUM","libgssapi-krb5-2","1.20.1-2+deb12u2","1.20.1-2+deb12u3","Kerberos 5 (aka krb5) 1.21.2 contains a memory leak vulnerability in /krb5/src/kdc/ndr.c."
"qubership-logging-operator","trivy","docker.io/fluent/fluent-bit:4.0.1","CVE-2025-24528","MEDIUM","libgssapi-krb5-2","1.20.1-2+deb12u2","1.20.1-2+deb12u3","In MIT Kerberos 5 (aka krb5) before 1.22 (with incremental propagation), there is an integer overflow for a large update size to resize() in kdb_log.c. An authenticated attacker can cause an out-of-bounds write and kadmind daemon crash."
"qubership-logging-operator","trivy","docker.io/fluent/fluent-bit:4.0.1","CVE-2025-3576","MEDIUM","libgssapi-krb5-2","1.20.1-2+deb12u2","1.20.1-2+deb12u4","A vulnerability in the MIT Kerberos implementation allows GSSAPI-protected messages using RC4-HMAC-MD5 to be spoofed due to weaknesses in the MD5 checksum design. If RC4 is preferred over stronger encryption types, an attacker could exploit MD5 collisions to forge message integrity codes. This may lead to unauthorized message tampering."
"qubership-logging-operator","trivy","docker.io/fluent/fluent-bit:4.0.1","CVE-2018-5709","LOW","libgssapi-krb5-2","1.20.1-2+deb12u2","","An issue was discovered in MIT Kerberos 5 (aka krb5) through 1.16. There is a variable ""dbentry->n_key_data"" in kadmin/dbutil/dump.c that can store 16-bit data but unknowingly the developer has assigned a ""u4"" variable to it, which is for 32-bit data. An attacker can use this vulnerability to affect other artifacts of the database as we know that a Kerberos database dump file contains trusted data."
"qubership-logging-operator","trivy","docker.io/fluent/fluent-bit:4.0.1","CVE-2024-26458","LOW","libgssapi-krb5-2","1.20.1-2+deb12u2","","Kerberos 5 (aka krb5) 1.21.2 contains a memory leak in /krb5/src/lib/rpc/pmap_rmt.c."
"qubership-logging-operator","trivy","docker.io/fluent/fluent-bit:4.0.1","CVE-2024-26461","LOW","libgssapi-krb5-2","1.20.1-2+deb12u2","","Kerberos 5 (aka krb5) 1.21.2 contains a memory leak vulnerability in /krb5/src/lib/gssapi/krb5/k5sealv3.c."
"qubership-logging-operator","trivy","docker.io/fluent/fluent-bit:4.0.1","CVE-2024-26462","MEDIUM","libk5crypto3","1.20.1-2+deb12u2","1.20.1-2+deb12u3","Kerberos 5 (aka krb5) 1.21.2 contains a memory leak vulnerability in /krb5/src/kdc/ndr.c."
"qubership-logging-operator","trivy","docker.io/fluent/fluent-bit:4.0.1","CVE-2025-24528","MEDIUM","libk5crypto3","1.20.1-2+deb12u2","1.20.1-2+deb12u3","In MIT Kerberos 5 (aka krb5) before 1.22 (with incremental propagation), there is an integer overflow for a large update size to resize() in kdb_log.c. An authenticated attacker can cause an out-of-bounds write and kadmind daemon crash."
"qubership-logging-operator","trivy","docker.io/fluent/fluent-bit:4.0.1","CVE-2025-3576","MEDIUM","libk5crypto3","1.20.1-2+deb12u2","1.20.1-2+deb12u4","A vulnerability in the MIT Kerberos implementation allows GSSAPI-protected messages using RC4-HMAC-MD5 to be spoofed due to weaknesses in the MD5 checksum design. If RC4 is preferred over stronger encryption types, an attacker could exploit MD5 collisions to forge message integrity codes. This may lead to unauthorized message tampering."
"qubership-logging-operator","trivy","docker.io/fluent/fluent-bit:4.0.1","CVE-2018-5709","LOW","libk5crypto3","1.20.1-2+deb12u2","","An issue was discovered in MIT Kerberos 5 (aka krb5) through 1.16. There is a variable ""dbentry->n_key_data"" in kadmin/dbutil/dump.c that can store 16-bit data but unknowingly the developer has assigned a ""u4"" variable to it, which is for 32-bit data. An attacker can use this vulnerability to affect other artifacts of the database as we know that a Kerberos database dump file contains trusted data."
"qubership-logging-operator","trivy","docker.io/fluent/fluent-bit:4.0.1","CVE-2024-26458","LOW","libk5crypto3","1.20.1-2+deb12u2","","Kerberos 5 (aka krb5) 1.21.2 contains a memory leak in /krb5/src/lib/rpc/pmap_rmt.c."
"qubership-logging-operator","trivy","docker.io/fluent/fluent-bit:4.0.1","CVE-2024-26461","LOW","libk5crypto3","1.20.1-2+deb12u2","","Kerberos 5 (aka krb5) 1.21.2 contains a memory leak vulnerability in /krb5/src/lib/gssapi/krb5/k5sealv3.c."
"qubership-logging-operator","trivy","docker.io/fluent/fluent-bit:4.0.1","CVE-2024-26462","MEDIUM","libkrb5-3","1.20.1-2+deb12u2","1.20.1-2+deb12u3","Kerberos 5 (aka krb5) 1.21.2 contains a memory leak vulnerability in /krb5/src/kdc/ndr.c."
"qubership-logging-operator","trivy","docker.io/fluent/fluent-bit:4.0.1","CVE-2025-24528","MEDIUM","libkrb5-3","1.20.1-2+deb12u2","1.20.1-2+deb12u3","In MIT Kerberos 5 (aka krb5) before 1.22 (with incremental propagation), there is an integer overflow for a large update size to resize() in kdb_log.c. An authenticated attacker can cause an out-of-bounds write and kadmind daemon crash."
"qubership-logging-operator","trivy","docker.io/fluent/fluent-bit:4.0.1","CVE-2025-3576","MEDIUM","libkrb5-3","1.20.1-2+deb12u2","1.20.1-2+deb12u4","A vulnerability in the MIT Kerberos implementation allows GSSAPI-protected messages using RC4-HMAC-MD5 to be spoofed due to weaknesses in the MD5 checksum design. If RC4 is preferred over stronger encryption types, an attacker could exploit MD5 collisions to forge message integrity codes. This may lead to unauthorized message tampering."
"qubership-logging-operator","trivy","docker.io/fluent/fluent-bit:4.0.1","CVE-2018-5709","LOW","libkrb5-3","1.20.1-2+deb12u2","","An issue was discovered in MIT Kerberos 5 (aka krb5) through 1.16. There is a variable ""dbentry->n_key_data"" in kadmin/dbutil/dump.c that can store 16-bit data but unknowingly the developer has assigned a ""u4"" variable to it, which is for 32-bit data. An attacker can use this vulnerability to affect other artifacts of the database as we know that a Kerberos database dump file contains trusted data."
"qubership-logging-operator","trivy","docker.io/fluent/fluent-bit:4.0.1","CVE-2024-26458","LOW","libkrb5-3","1.20.1-2+deb12u2","","Kerberos 5 (aka krb5) 1.21.2 contains a memory leak in /krb5/src/lib/rpc/pmap_rmt.c."
"qubership-logging-operator","trivy","docker.io/fluent/fluent-bit:4.0.1","CVE-2024-26461","LOW","libkrb5-3","1.20.1-2+deb12u2","","Kerberos 5 (aka krb5) 1.21.2 contains a memory leak vulnerability in /krb5/src/lib/gssapi/krb5/k5sealv3.c."
"qubership-logging-operator","trivy","docker.io/fluent/fluent-bit:4.0.1","CVE-2024-26462","MEDIUM","libkrb5support0","1.20.1-2+deb12u2","1.20.1-2+deb12u3","Kerberos 5 (aka krb5) 1.21.2 contains a memory leak vulnerability in /krb5/src/kdc/ndr.c."
"qubership-logging-operator","trivy","docker.io/fluent/fluent-bit:4.0.1","CVE-2025-24528","MEDIUM","libkrb5support0","1.20.1-2+deb12u2","1.20.1-2+deb12u3","In MIT Kerberos 5 (aka krb5) before 1.22 (with incremental propagation), there is an integer overflow for a large update size to resize() in kdb_log.c. An authenticated attacker can cause an out-of-bounds write and kadmind daemon crash."
"qubership-logging-operator","trivy","docker.io/fluent/fluent-bit:4.0.1","CVE-2025-3576","MEDIUM","libkrb5support0","1.20.1-2+deb12u2","1.20.1-2+deb12u4","A vulnerability in the MIT Kerberos implementation allows GSSAPI-protected messages using RC4-HMAC-MD5 to be spoofed due to weaknesses in the MD5 checksum design. If RC4 is preferred over stronger encryption types, an attacker could exploit MD5 collisions to forge message integrity codes. This may lead to unauthorized message tampering."
"qubership-logging-operator","trivy","docker.io/fluent/fluent-bit:4.0.1","CVE-2018-5709","LOW","libkrb5support0","1.20.1-2+deb12u2","","An issue was discovered in MIT Kerberos 5 (aka krb5) through 1.16. There is a variable ""dbentry->n_key_data"" in kadmin/dbutil/dump.c that can store 16-bit data but unknowingly the developer has assigned a ""u4"" variable to it, which is for 32-bit data. An attacker can use this vulnerability to affect other artifacts of the database as we know that a Kerberos database dump file contains trusted data."
"qubership-logging-operator","trivy","docker.io/fluent/fluent-bit:4.0.1","CVE-2024-26458","LOW","libkrb5support0","1.20.1-2+deb12u2","","Kerberos 5 (aka krb5) 1.21.2 contains a memory leak in /krb5/src/lib/rpc/pmap_rmt.c."
"qubership-logging-operator","trivy","docker.io/fluent/fluent-bit:4.0.1","CVE-2024-26461","LOW","libkrb5support0","1.20.1-2+deb12u2","","Kerberos 5 (aka krb5) 1.21.2 contains a memory leak vulnerability in /krb5/src/lib/gssapi/krb5/k5sealv3.c."
"qubership-logging-operator","trivy","docker.io/fluent/fluent-bit:4.0.1","CVE-2023-2953","HIGH","libldap-2.5-0","2.5.13+dfsg-5","","A vulnerability was found in openldap. This security flaw causes a null pointer dereference in ber_memalloc_x() function."
"qubership-logging-operator","trivy","docker.io/fluent/fluent-bit:4.0.1","CVE-2015-3276","LOW","libldap-2.5-0","2.5.13+dfsg-5","","The nss_parse_ciphers function in libraries/libldap/tls_m.c in OpenLDAP does not properly parse OpenSSL-style multi-keyword mode cipher strings, which might cause a weaker than intended cipher to be used and allow remote attackers to have unspecified impact via unknown vectors."
"qubership-logging-operator","trivy","docker.io/fluent/fluent-bit:4.0.1","CVE-2017-14159","LOW","libldap-2.5-0","2.5.13+dfsg-5","","slapd in OpenLDAP 2.4.45 and earlier creates a PID file after dropping privileges to a non-root account, which might allow local users to kill arbitrary processes by leveraging access to this non-root account for PID file modification before a root script executes a ""kill `cat /pathname`"" command, as demonstrated by openldap-initscript."
"qubership-logging-operator","trivy","docker.io/fluent/fluent-bit:4.0.1","CVE-2017-17740","LOW","libldap-2.5-0","2.5.13+dfsg-5","","contrib/slapd-modules/nops/nops.c in OpenLDAP through 2.4.45, when both the nops module and the memberof overlay are enabled, attempts to free a buffer that was allocated on the stack, which allows remote attackers to cause a denial of service (slapd crash) via a member MODDN operation."
"qubership-logging-operator","trivy","docker.io/fluent/fluent-bit:4.0.1","CVE-2020-15719","LOW","libldap-2.5-0","2.5.13+dfsg-5","","libldap in certain third-party OpenLDAP packages has a certificate-validation flaw when the third-party package is asserting RFC6125 support. It considers CN even when there is a non-matching subjectAltName (SAN). This is fixed in, for example, openldap-2.4.46-10.el8 in Red Hat Enterprise Linux."
"qubership-logging-operator","trivy","docker.io/fluent/fluent-bit:4.0.1","CVE-2026-22185","LOW","libldap-2.5-0","2.5.13+dfsg-5","","OpenLDAP Lightning Memory-Mapped Database (LMDB) versions up to and including 0.9.14, prior to commit 8e1fda8, contain a heap buffer underflow in the readline() function of mdb_load. When processing malformed input containing an embedded NUL byte, an unsigned offset calculation can underflow and cause an out-of-bounds read of one byte before the allocated heap buffer. This can cause mdb_load to crash, leading to a limited denial-of-service condition."
"qubership-logging-operator","trivy","docker.io/fluent/fluent-bit:4.0.1","CVE-2025-12818","HIGH","libpq5","15.12-0+deb12u2","15.15-0+deb12u1","Integer wraparound in multiple PostgreSQL libpq client library functions allows an application input provider or network peer to cause libpq to undersize an allocation and write out-of-bounds by hundreds of megabytes.  This results in a segmentation fault for the application using libpq.  Versions before PostgreSQL 18.1, 17.7, 16.11, 15.15, 14.20, and 13.23 are affected."
"qubership-logging-operator","trivy","docker.io/fluent/fluent-bit:4.0.1","CVE-2025-8714","HIGH","libpq5","15.12-0+deb12u2","15.14-0+deb12u1","Untrusted data inclusion in pg_dump in PostgreSQL allows a malicious superuser of the origin server to inject arbitrary code for restore-time execution as the client operating system account running psql to restore the dump, via psql meta-commands.  pg_dumpall is also affected.  pg_restore is affected when used to generate a plain-format dump.  This is similar to MySQL CVE-2024-21096.  Versions before PostgreSQL 17.6, 16.10, 15.14, 14.19, and 13.22 are affected."
"qubership-logging-operator","trivy","docker.io/fluent/fluent-bit:4.0.1","CVE-2025-8715","HIGH","libpq5","15.12-0+deb12u2","15.14-0+deb12u1","Improper neutralization of newlines in pg_dump in PostgreSQL allows a user of the origin server to inject arbitrary code for restore-time execution as the client operating system account running psql to restore the dump, via psql meta-commands inside a purpose-crafted object name.  The same attacks can achieve SQL injection as a superuser of the restore target server.  pg_dumpall, pg_restore, and pg_upgrade are also affected.  Versions before PostgreSQL 17.6, 16.10, 15.14, 14.19, and 13.22 are affected.  Versions before 11.20 are unaffected.  CVE-2012-0868 had fixed this class of problem, but version 11.20 reintroduced it."
"qubership-logging-operator","trivy","docker.io/fluent/fluent-bit:4.0.1","CVE-2025-12817","MEDIUM","libpq5","15.12-0+deb12u2","15.15-0+deb12u1","Missing authorization in PostgreSQL CREATE STATISTICS command allows a table owner to achieve denial of service against other CREATE STATISTICS users by creating in any schema.  A later CREATE STATISTICS for the same name, from a user having the CREATE privilege, would then fail.  Versions before PostgreSQL 18.1, 17.7, 16.11, 15.15, 14.20, and 13.23 are affected."
"qubership-logging-operator","trivy","docker.io/fluent/fluent-bit:4.0.1","CVE-2025-4207","MEDIUM","libpq5","15.12-0+deb12u2","15.13-0+deb12u1","Buffer over-read in PostgreSQL GB18030 encoding validation allows a database input provider to achieve temporary denial of service on platforms where a 1-byte over-read can elicit process termination.  This affects the database server and also libpq.  Versions before PostgreSQL 17.5, 16.9, 15.13, 14.18, and 13.21 are affected."
"qubership-logging-operator","trivy","docker.io/fluent/fluent-bit:4.0.1","CVE-2025-8713","LOW","libpq5","15.12-0+deb12u2","15.14-0+deb12u1","PostgreSQL optimizer statistics allow a user to read sampled data within a view that the user cannot access.  Separately, statistics allow a user to read sampled data that a row security policy intended to hide.  PostgreSQL maintains statistics for tables by sampling data available in columns; this data is consulted during the query planning process.  Prior to this release, a user could craft a leaky operator that bypassed view access control lists (ACLs) and bypassed row security policies in partitioning or table inheritance hierarchies.  Reachable statistics data notably included histograms and most-common-values lists.  CVE-2017-7484 and CVE-2019-10130 intended to close this class of vulnerability, but this gap remained.  Versions before PostgreSQL 17.6, 16.10, 15.14, 14.19, and 13.22 are affected."
"qubership-logging-operator","trivy","docker.io/fluent/fluent-bit:4.0.1","CVE-2025-15467","CRITICAL","libssl3","3.0.15-1~deb12u1","3.0.18-1~deb12u2","Issue summary: Parsing CMS AuthEnvelopedData message with maliciously crafted AEAD parameters can trigger a stack buffer overflow.  Impact summary: A stack buffer overflow may lead to a crash, causing Denial of Service, or potentially remote code execution.  When parsing CMS AuthEnvelopedData structures that use AEAD ciphers such as AES-GCM, the IV (Initialization Vector) encoded in the ASN.1 parameters is copied into a fixed-size stack buffer without verifying that its length fits the destination. An attacker can supply a crafted CMS message with an oversized IV, causing a stack-based out-of-bounds write before any authentication or tag verification occurs.  Applications and services that parse untrusted CMS or PKCS#7 content using AEAD ciphers (e.g., S/MIME AuthEnvelopedData with AES-GCM) are vulnerable. Because the overflow occurs prior to authentication, no valid key material is required to trigger it. While exploitability to remote code execution depends on platform and toolchain mitigations, the stack-based write primitive represents a severe risk.  The FIPS modules in 3.6, 3.5, 3.4, 3.3 and 3.0 are not affected by this issue, as the CMS implementation is outside the OpenSSL FIPS module boundary.  OpenSSL 3.6, 3.5, 3.4, 3.3 and 3.0 are vulnerable to this issue.  OpenSSL 1.1.1 and 1.0.2 are not affected by this issue."
"qubership-logging-operator","trivy","docker.io/fluent/fluent-bit:4.0.1","CVE-2025-69419","HIGH","libssl3","3.0.15-1~deb12u1","3.0.18-1~deb12u2","Issue summary: Calling PKCS12_get_friendlyname() function on a maliciously crafted PKCS#12 file with a BMPString (UTF-16BE) friendly name containing non-ASCII BMP code point can trigger a one byte write before the allocated buffer.  Impact summary: The out-of-bounds write can cause a memory corruption which can have various consequences including a Denial of Service.  The OPENSSL_uni2utf8() function performs a two-pass conversion of a PKCS#12 BMPString (UTF-16BE) to UTF-8. In the second pass, when emitting UTF-8 bytes, the helper function bmp_to_utf8() incorrectly forwards the remaining UTF-16 source byte count as the destination buffer capacity to UTF8_putc(). For BMP code points above U+07FF, UTF-8 requires three bytes, but the forwarded capacity can be just two bytes. UTF8_putc() then returns -1, and this negative value is added to the output length without validation, causing the length to become negative. The subsequent trailing NUL byte is then written at a negative offset, causing write outside of heap allocated buffer.  The vulnerability is reachable via the public PKCS12_get_friendlyname() API when parsing attacker-controlled PKCS#12 files. While PKCS12_parse() uses a different code path that avoids this issue, PKCS12_get_friendlyname() directly invokes the vulnerable function. Exploitation requires an attacker to provide a malicious PKCS#12 file to be parsed by the application and the attacker can just trigger a one zero byte write before the allocated buffer. For that reason the issue was assessed as Low severity according to our Security Policy.  The FIPS modules in 3.6, 3.5, 3.4, 3.3 and 3.0 are not affected by this issue, as the PKCS#12 implementation is outside the OpenSSL FIPS module boundary.  OpenSSL 3.6, 3.5, 3.4, 3.3, 3.0 and 1.1.1 are vulnerable to this issue.  OpenSSL 1.0.2 is not affected by this issue."
"qubership-logging-operator","trivy","docker.io/fluent/fluent-bit:4.0.1","CVE-2024-13176","MEDIUM","libssl3","3.0.15-1~deb12u1","3.0.16-1~deb12u1","Issue summary: A timing side-channel which could potentially allow recovering the private key exists in the ECDSA signature computation.  Impact summary: A timing side-channel in ECDSA signature computations could allow recovering the private key by an attacker. However, measuring the timing would require either local access to the signing application or a very fast network connection with low latency.  There is a timing signal of around 300 nanoseconds when the top word of the inverted ECDSA nonce value is zero. This can happen with significant probability only for some of the supported elliptic curves. In particular the NIST P-521 curve is affected. To be able to measure this leak, the attacker process must either be located in the same physical computer or must have a very fast network connection with low latency. For that reason the severity of this vulnerability is Low.  The FIPS modules in 3.4, 3.3, 3.2, 3.1 and 3.0 are affected by this issue."
"qubership-logging-operator","trivy","docker.io/fluent/fluent-bit:4.0.1","CVE-2025-68160","MEDIUM","libssl3","3.0.15-1~deb12u1","3.0.18-1~deb12u2","Issue summary: Writing large, newline-free data into a BIO chain using the line-buffering filter where the next BIO performs short writes can trigger a heap-based out-of-bounds write.  Impact summary: This out-of-bounds write can cause memory corruption which typically results in a crash, leading to Denial of Service for an application.  The line-buffering BIO filter (BIO_f_linebuffer) is not used by default in TLS/SSL data paths. In OpenSSL command-line applications, it is typically only pushed onto stdout/stderr on VMS systems. Third-party applications that explicitly use this filter with a BIO chain that can short-write and that write large, newline-free data influenced by an attacker would be affected. However, the circumstances where this could happen are unlikely to be under attacker control, and BIO_f_linebuffer is unlikely to be handling non-curated data controlled by an attacker. For that reason the issue was assessed as Low severity.  The FIPS modules in 3.6, 3.5, 3.4, 3.3 and 3.0 are not affected by this issue, as the BIO implementation is outside the OpenSSL FIPS module boundary.  OpenSSL 3.6, 3.5, 3.4, 3.3, 3.0, 1.1.1 and 1.0.2 are vulnerable to this issue."
"qubership-logging-operator","trivy","docker.io/fluent/fluent-bit:4.0.1","CVE-2025-69418","MEDIUM","libssl3","3.0.15-1~deb12u1","3.0.18-1~deb12u2","Issue summary: When using the low-level OCB API directly with AES-NI or<br>other hardware-accelerated code paths, inputs whose length is not a multiple<br>of 16 bytes can leave the final partial block unencrypted and unauthenticated.<br><br>Impact summary: The trailing 1-15 bytes of a message may be exposed in<br>cleartext on encryption and are not covered by the authentication tag,<br>allowing an attacker to read or tamper with those bytes without detection.<br><br>The low-level OCB encrypt and decrypt routines in the hardware-accelerated<br>stream path process full 16-byte blocks but do not advance the input/output<br>pointers. The subsequent tail-handling code then operates on the original<br>base pointers, effectively reprocessing the beginning of the buffer while<br>leaving the actual trailing bytes unprocessed. The authentication checksum<br>also excludes the true tail bytes.<br><br>However, typical OpenSSL consumers using EVP are not affected because the<br>higher-level EVP and provider OCB implementations split inputs so that full<br>blocks and trailing partial blocks are processed in separate calls, avoiding<br>the problematic code path. Additionally, TLS does not use OCB ciphersuites.<br>The vulnerability only affects applications that call the low-level<br>CRYPTO_ocb128_encrypt() or CRYPTO_ocb128_decrypt() functions directly with<br>non-block-aligned lengths in a single call on hardware-accelerated builds.<br>For these reasons the issue was assessed as Low severity.<br><br>The FIPS modules in 3.6, 3.5, 3.4, 3.3, 3.2, 3.1 and 3.0 are not affected<br>by this issue, as OCB mode is not a FIPS-approved algorithm.<br><br>OpenSSL 3.6, 3.5, 3.4, 3.3, 3.0 and 1.1.1 are vulnerable to this issue.<br><br>OpenSSL 1.0.2 is not affected by this issue."
"qubership-logging-operator","trivy","docker.io/fluent/fluent-bit:4.0.1","CVE-2025-69420","MEDIUM","libssl3","3.0.15-1~deb12u1","3.0.18-1~deb12u2","Issue summary: A type confusion vulnerability exists in the TimeStamp Response verification code where an ASN1_TYPE union member is accessed without first validating the type, causing an invalid or NULL pointer dereference when processing a malformed TimeStamp Response file.  Impact summary: An application calling TS_RESP_verify_response() with a malformed TimeStamp Response can be caused to dereference an invalid or NULL pointer when reading, resulting in a Denial of Service.  The functions ossl_ess_get_signing_cert() and ossl_ess_get_signing_cert_v2() access the signing cert attribute value without validating its type. When the type is not V_ASN1_SEQUENCE, this results in accessing invalid memory through the ASN1_TYPE union, causing a crash.  Exploiting this vulnerability requires an attacker to provide a malformed TimeStamp Response to an application that verifies timestamp responses. The TimeStamp protocol (RFC 3161) is not widely used and the impact of the exploit is just a Denial of Service. For these reasons the issue was assessed as Low severity.  The FIPS modules in 3.5, 3.4, 3.3 and 3.0 are not affected by this issue, as the TimeStamp Response implementation is outside the OpenSSL FIPS module boundary.  OpenSSL 3.6, 3.5, 3.4, 3.3, 3.0 and 1.1.1 are vulnerable to this issue.  OpenSSL 1.0.2 is not affected by this issue."
"qubership-logging-operator","trivy","docker.io/fluent/fluent-bit:4.0.1","CVE-2025-69421","MEDIUM","libssl3","3.0.15-1~deb12u1","3.0.18-1~deb12u2","Issue summary: Processing a malformed PKCS#12 file can trigger a NULL pointer dereference in the PKCS12_item_decrypt_d2i_ex() function.  Impact summary: A NULL pointer dereference can trigger a crash which leads to Denial of Service for an application processing PKCS#12 files.  The PKCS12_item_decrypt_d2i_ex() function does not check whether the oct parameter is NULL before dereferencing it. When called from PKCS12_unpack_p7encdata() with a malformed PKCS#12 file, this parameter can be NULL, causing a crash. The vulnerability is limited to Denial of Service and cannot be escalated to achieve code execution or memory disclosure.  Exploiting this issue requires an attacker to provide a malformed PKCS#12 file to an application that processes it. For that reason the issue was assessed as Low severity according to our Security Policy.  The FIPS modules in 3.6, 3.5, 3.4, 3.3 and 3.0 are not affected by this issue, as the PKCS#12 implementation is outside the OpenSSL FIPS module boundary.  OpenSSL 3.6, 3.5, 3.4, 3.3, 3.0, 1.1.1 and 1.0.2 are vulnerable to this issue."
"qubership-logging-operator","trivy","docker.io/fluent/fluent-bit:4.0.1","CVE-2025-9230","MEDIUM","libssl3","3.0.15-1~deb12u1","3.0.17-1~deb12u3","Issue summary: An application trying to decrypt CMS messages encrypted using password based encryption can trigger an out-of-bounds read and write.  Impact summary: This out-of-bounds read may trigger a crash which leads to Denial of Service for an application. The out-of-bounds write can cause a memory corruption which can have various consequences including a Denial of Service or Execution of attacker-supplied code.  Although the consequences of a successful exploit of this vulnerability could be severe, the probability that the attacker would be able to perform it is low. Besides, password based (PWRI) encryption support in CMS messages is very rarely used. For that reason the issue was assessed as Moderate severity according to our Security Policy.  The FIPS modules in 3.5, 3.4, 3.3, 3.2, 3.1 and 3.0 are not affected by this issue, as the CMS implementation is outside the OpenSSL FIPS module boundary."
"qubership-logging-operator","trivy","docker.io/fluent/fluent-bit:4.0.1","CVE-2026-22795","MEDIUM","libssl3","3.0.15-1~deb12u1","3.0.18-1~deb12u2","Issue summary: An invalid or NULL pointer dereference can happen in an application processing a malformed PKCS#12 file.  Impact summary: An application processing a malformed PKCS#12 file can be caused to dereference an invalid or NULL pointer on memory read, resulting in a Denial of Service.  A type confusion vulnerability exists in PKCS#12 parsing code where an ASN1_TYPE union member is accessed without first validating the type, causing an invalid pointer read.  The location is constrained to a 1-byte address space, meaning any attempted pointer manipulation can only target addresses between 0x00 and 0xFF. This range corresponds to the zero page, which is unmapped on most modern operating systems and will reliably result in a crash, leading only to a Denial of Service. Exploiting this issue also requires a user or application to process a maliciously crafted PKCS#12 file. It is uncommon to accept untrusted PKCS#12 files in applications as they are usually used to store private keys which are trusted by definition. For these reasons, the issue was assessed as Low severity.  The FIPS modules in 3.5, 3.4, 3.3 and 3.0 are not affected by this issue, as the PKCS12 implementation is outside the OpenSSL FIPS module boundary.  OpenSSL 3.6, 3.5, 3.4, 3.3, 3.0 and 1.1.1 are vulnerable to this issue.  OpenSSL 1.0.2 is not affected by this issue."
"qubership-logging-operator","trivy","docker.io/fluent/fluent-bit:4.0.1","CVE-2026-22796","MEDIUM","libssl3","3.0.15-1~deb12u1","3.0.18-1~deb12u2","Issue summary: A type confusion vulnerability exists in the signature verification of signed PKCS#7 data where an ASN1_TYPE union member is accessed without first validating the type, causing an invalid or NULL pointer dereference when processing malformed PKCS#7 data.  Impact summary: An application performing signature verification of PKCS#7 data or calling directly the PKCS7_digest_from_attributes() function can be caused to dereference an invalid or NULL pointer when reading, resulting in a Denial of Service.  The function PKCS7_digest_from_attributes() accesses the message digest attribute value without validating its type. When the type is not V_ASN1_OCTET_STRING, this results in accessing invalid memory through the ASN1_TYPE union, causing a crash.  Exploiting this vulnerability requires an attacker to provide a malformed signed PKCS#7 to an application that verifies it. The impact of the exploit is just a Denial of Service, the PKCS7 API is legacy and applications should be using the CMS API instead. For these reasons the issue was assessed as Low severity.  The FIPS modules in 3.5, 3.4, 3.3 and 3.0 are not affected by this issue, as the PKCS#7 parsing implementation is outside the OpenSSL FIPS module boundary.  OpenSSL 3.6, 3.5, 3.4, 3.3, 3.0, 1.1.1 and 1.0.2 are vulnerable to this issue."
"qubership-logging-operator","trivy","docker.io/fluent/fluent-bit:4.0.1","CVE-2025-27587","LOW","libssl3","3.0.15-1~deb12u1","","OpenSSL 3.0.0 through 3.3.2 on the PowerPC architecture is vulnerable to a Minerva attack, exploitable by measuring the time of signing of random messages using the EVP_DigestSign API, and then using the private key to extract the K value (nonce) from the signatures. Next, based on the bit size of the extracted nonce, one can compare the signing time of full-sized nonces to signatures that used smaller nonces, via statistical tests. There is a side-channel in the P-364 curve that allows private key extraction (also, there is a dependency between the bit size of K and the size of the side channel). NOTE: This CVE is disputed because the OpenSSL security policy explicitly notes that any side channels which require same physical system to be detected are outside of the threat model for the software. The timing signal is so small that it is infeasible to be detected without having the attacking process running on the same physical system."
"qubership-logging-operator","trivy","docker.io/fluent/fluent-bit:4.0.1","CVE-2025-9232","LOW","libssl3","3.0.15-1~deb12u1","3.0.17-1~deb12u3","Issue summary: An application using the OpenSSL HTTP client API functions may trigger an out-of-bounds read if the 'no_proxy' environment variable is set and the host portion of the authority component of the HTTP URL is an IPv6 address.  Impact summary: An out-of-bounds read can trigger a crash which leads to Denial of Service for an application.  The OpenSSL HTTP client API functions can be used directly by applications but they are also used by the OCSP client functions and CMP (Certificate Management Protocol) client implementation in OpenSSL. However the URLs used by these implementations are unlikely to be controlled by an attacker.  In this vulnerable code the out of bounds read can only trigger a crash. Furthermore the vulnerability requires an attacker-controlled URL to be passed from an application to the OpenSSL function and the user has to have a 'no_proxy' environment variable set. For the aforementioned reasons the issue was assessed as Low severity.  The vulnerable code was introduced in the following patch releases: 3.0.16, 3.1.8, 3.2.4, 3.3.3, 3.4.0 and 3.5.0.  The FIPS modules in 3.5, 3.4, 3.3, 3.2, 3.1 and 3.0 are not affected by this issue, as the HTTP client implementation is outside the OpenSSL FIPS module boundary."
"qubership-logging-operator","trivy","docker.io/fluent/fluent-bit:4.0.1","CVE-2022-27943","LOW","libstdc++6","12.2.0-14","","libiberty/rust-demangle.c in GNU GCC 11.2 allows stack consumption in demangle_const, as demonstrated by nm-new."
"qubership-logging-operator","trivy","docker.io/fluent/fluent-bit:4.0.1","CVE-2023-4039","LOW","libstdc++6","12.2.0-14","12.2.0-14+deb12u1","**DISPUTED**A failure in the -fstack-protector feature in GCC-based toolchains  that target AArch64 allows an attacker to exploit an existing buffer  overflow in dynamically-sized local variables in your application  without this being detected. This stack-protector failure only applies  to C99-style dynamically-sized local variables or those created using  alloca(). The stack-protector operates as intended for statically-sized  local variables.  The default behavior when the stack-protector  detects an overflow is to terminate your application, resulting in  controlled loss of availability. An attacker who can exploit a buffer  overflow without triggering the stack-protector might be able to change  program flow control to cause an uncontrolled loss of availability or to  go further and affect confidentiality or integrity. NOTE: The GCC project argues that this is a missed hardening bug and not a vulnerability by itself."
"qubership-logging-operator","trivy","docker.io/fluent/fluent-bit:4.0.1","CVE-2013-4392","LOW","libsystemd0","254.22-1~bpo12+1","","systemd, when updating file permissions, allows local users to change the permissions and SELinux security contexts for arbitrary files via a symlink attack on unspecified files."
"qubership-logging-operator","trivy","docker.io/fluent/fluent-bit:4.0.1","CVE-2023-31437","LOW","libsystemd0","254.22-1~bpo12+1","","An issue was discovered in systemd 253. An attacker can modify a sealed log file such that, in some views, not all existing and sealed log messages are displayed. NOTE: the vendor reportedly sent ""a reply denying that any of the finding was a security vulnerability."""
"qubership-logging-operator","trivy","docker.io/fluent/fluent-bit:4.0.1","CVE-2023-31438","LOW","libsystemd0","254.22-1~bpo12+1","","An issue was discovered in systemd 253. An attacker can truncate a sealed log file and then resume log sealing such that checking the integrity shows no error, despite modifications. NOTE: the vendor reportedly sent ""a reply denying that any of the finding was a security vulnerability."""
"qubership-logging-operator","trivy","docker.io/fluent/fluent-bit:4.0.1","CVE-2023-31439","LOW","libsystemd0","254.22-1~bpo12+1","","An issue was discovered in systemd 253. An attacker can modify the contents of past events in a sealed log file and then adjust the file such that checking the integrity shows no error, despite modifications. NOTE: the vendor reportedly sent ""a reply denying that any of the finding was a security vulnerability."""
"qubership-logging-operator","trivy","docker.io/fluent/fluent-bit:4.0.1","CVE-2025-13151","MEDIUM","libtasn1-6","4.19.0-2+deb12u1","","Stack-based buffer overflow in libtasn1 version: v4.20.0. The function fails to validate the size of input data resulting in a buffer overflow in asn1_expend_octet_string."
"qubership-logging-operator","trivy","docker.io/fluent/fluent-bit:4.0.1","CVE-2023-45853","CRITICAL","zlib1g","1:1.2.13.dfsg-1","","MiniZip in zlib through 1.3 has an integer overflow and resultant heap-based buffer overflow in zipOpenNewFileInZip4_64 via a long filename, comment, or extra field. NOTE: MiniZip is not a supported part of the zlib product. NOTE: pyminizip through 0.2.6 is also vulnerable because it bundles an affected zlib version, and exposes the applicable MiniZip code through its compress API."
"qubership-monitoring-operator","trivy","docker.io/bloomberg/goldpinger:3.10.2","CVE-2025-22870","MEDIUM","golang.org/x/net","v0.24.0","0.36.0","Matching of hosts against proxy patterns can improperly treat an IPv6 zone ID as a hostname component. For example, when the NO_PROXY environment variable is set to ""*.example.com"", a request to ""[::1%25.example.com]:80` will incorrectly match and not be proxied."
"qubership-monitoring-operator","trivy","docker.io/bloomberg/goldpinger:3.10.2","CVE-2025-22872","MEDIUM","golang.org/x/net","v0.24.0","0.38.0","The tokenizer incorrectly interprets tags with unquoted attribute values that end with a solidus character (/) as self-closing. When directly using Tokenizer, this can result in such tags incorrectly being marked as self-closing, and when using the Parse functions, this can result in content following such tags as being placed in the wrong scope during DOM construction, but only when tags are in foreign content (e.g. <math>, <svg>, etc contexts)."
"qubership-monitoring-operator","trivy","docker.io/bloomberg/goldpinger:3.10.2","CVE-2025-22868","HIGH","golang.org/x/oauth2","v0.19.0","0.27.0","An attacker can pass a malicious malformed token which causes unexpected memory to be consumed during parsing."
"qubership-monitoring-operator","trivy","docker.io/bloomberg/goldpinger:3.10.2","CVE-2025-47907","HIGH","stdlib","v1.23.3","1.23.12, 1.24.6","Cancelling a query (e.g. by cancelling the context passed to one of the query methods) during a call to the Scan method of the returned Rows can result in unexpected results if other queries are being made in parallel. This can result in a race condition that may overwrite the expected results with those of another query, causing the call to Scan to return either unexpected results from the other query or an error."
"qubership-monitoring-operator","trivy","docker.io/bloomberg/goldpinger:3.10.2","CVE-2025-58183","HIGH","stdlib","v1.23.3","1.24.8, 1.25.2","tar.Reader does not set a maximum size on the number of sparse region data blocks in GNU tar pax 1.0 sparse files. A maliciously-crafted archive containing a large number of sparse regions can cause a Reader to read an unbounded amount of data from the archive into memory. When reading from a compressed source, a small compressed input can result in large allocations."
"qubership-monitoring-operator","trivy","docker.io/bloomberg/goldpinger:3.10.2","CVE-2025-61729","HIGH","stdlib","v1.23.3","1.24.11, 1.25.5","Within HostnameError.Error(), when constructing an error string, there is no limit to the number of hosts that will be printed out. Furthermore, the error string is constructed by repeated string concatenation, leading to quadratic runtime. Therefore, a certificate provided by a malicious actor can result in excessive resource consumption."
"qubership-monitoring-operator","trivy","docker.io/bloomberg/goldpinger:3.10.2","CVE-2024-45336","MEDIUM","stdlib","v1.23.3","1.22.11, 1.23.5, 1.24.0-rc.2","The HTTP client drops sensitive headers after following a cross-domain redirect. For example, a request to a.com/ containing an Authorization header which is redirected to b.com/ will not send that header to b.com. In the event that the client received a subsequent same-domain redirect, however, the sensitive headers would be restored. For example, a chain of redirects from a.com/, to b.com/1, and finally to b.com/2 would incorrectly send the Authorization header to b.com/2."
"qubership-monitoring-operator","trivy","docker.io/bloomberg/goldpinger:3.10.2","CVE-2024-45341","MEDIUM","stdlib","v1.23.3","1.22.11, 1.23.5, 1.24.0-rc.2","A certificate with a URI which has a IPv6 address with a zone ID may incorrectly satisfy a URI name constraint that applies to the certificate chain. Certificates containing URIs are not permitted in the web PKI, so this only affects users of private PKIs which make use of URIs."
"qubership-monitoring-operator","trivy","docker.io/bloomberg/goldpinger:3.10.2","CVE-2025-0913","MEDIUM","stdlib","v1.23.3","1.23.10, 1.24.4","os.OpenFile(path, os.O_CREATE|O_EXCL) behaved differently on Unix and Windows systems when the target path was a dangling symlink. On Unix systems, OpenFile with O_CREATE and O_EXCL flags never follows symlinks. On Windows, when the target path was a symlink to a nonexistent location, OpenFile would create a file in that location. OpenFile now always returns an error when the O_CREATE and O_EXCL flags are both set and the target path is a symlink."
"qubership-monitoring-operator","trivy","docker.io/bloomberg/goldpinger:3.10.2","CVE-2025-22866","MEDIUM","stdlib","v1.23.3","1.22.12, 1.23.6, 1.24.0-rc.3","Due to the usage of a variable time instruction in the assembly implementation of an internal function, a small number of bits of secret scalars are leaked on the ppc64le architecture. Due to the way this function is used, we do not believe this leakage is enough to allow recovery of the private key when P-256 is used in any well known protocols."
"qubership-monitoring-operator","trivy","docker.io/bloomberg/goldpinger:3.10.2","CVE-2025-22871","MEDIUM","stdlib","v1.23.3","1.23.8, 1.24.2","The net/http package improperly accepts a bare LF as a line terminator in chunked data chunk-size lines. This can permit request smuggling if a net/http server is used in conjunction with a server that incorrectly accepts a bare LF as part of a chunk-ext."
"qubership-monitoring-operator","trivy","docker.io/bloomberg/goldpinger:3.10.2","CVE-2025-4673","MEDIUM","stdlib","v1.23.3","1.23.10, 1.24.4","Proxy-Authorization and Proxy-Authenticate headers persisted on cross-origin redirects potentially leaking sensitive information."
"qubership-monitoring-operator","trivy","docker.io/bloomberg/goldpinger:3.10.2","CVE-2025-47906","MEDIUM","stdlib","v1.23.3","1.23.12, 1.24.6","If the PATH environment variable contains paths which are executables (rather than just directories), passing certain strings to LookPath ("""", ""."", and ""..""), can result in the binaries listed in the PATH being unexpectedly returned."
"qubership-monitoring-operator","trivy","docker.io/bloomberg/goldpinger:3.10.2","CVE-2025-47912","MEDIUM","stdlib","v1.23.3","1.24.8, 1.25.2","The Parse function permits values other than IPv6 addresses to be included in square brackets within the host component of a URL. RFC 3986 permits IPv6 addresses to be included within the host component, enclosed within square brackets. For example: ""http://[::1]/"". IPv4 addresses and hostnames must not appear within square brackets. Parse did not enforce this requirement."
"qubership-monitoring-operator","trivy","docker.io/bloomberg/goldpinger:3.10.2","CVE-2025-58185","MEDIUM","stdlib","v1.23.3","1.24.8, 1.25.2","Parsing a maliciously crafted DER payload could allocate large amounts of memory, causing memory exhaustion."
"qubership-monitoring-operator","trivy","docker.io/bloomberg/goldpinger:3.10.2","CVE-2025-58186","MEDIUM","stdlib","v1.23.3","1.24.8, 1.25.2","Despite HTTP headers having a default limit of 1MB, the number of cookies that can be parsed does not have a limit. By sending a lot of very small cookies such as ""a=;"", an attacker can make an HTTP server allocate a large amount of structs, causing large memory consumption."
"qubership-monitoring-operator","trivy","docker.io/bloomberg/goldpinger:3.10.2","CVE-2025-58187","MEDIUM","stdlib","v1.23.3","1.24.9, 1.25.3","Due to the design of the name constraint checking algorithm, the processing time of some inputs scale non-linearly with respect to the size of the certificate. This affects programs which validate arbitrary certificate chains."
"qubership-monitoring-operator","trivy","docker.io/bloomberg/goldpinger:3.10.2","CVE-2025-58188","MEDIUM","stdlib","v1.23.3","1.24.8, 1.25.2","Validating certificate chains which contain DSA public keys can cause programs to panic, due to a interface cast that assumes they implement the Equal method. This affects programs which validate arbitrary certificate chains."
"qubership-monitoring-operator","trivy","docker.io/bloomberg/goldpinger:3.10.2","CVE-2025-58189","MEDIUM","stdlib","v1.23.3","1.24.8, 1.25.2","When Conn.Handshake fails during ALPN negotiation the error contains attacker controlled information (the ALPN protocols sent by the client) which is not escaped."
"qubership-monitoring-operator","trivy","docker.io/bloomberg/goldpinger:3.10.2","CVE-2025-61723","MEDIUM","stdlib","v1.23.3","1.24.8, 1.25.2","The processing time for parsing some invalid inputs scales non-linearly with respect to the size of the input. This affects programs which parse untrusted PEM inputs."
"qubership-monitoring-operator","trivy","docker.io/bloomberg/goldpinger:3.10.2","CVE-2025-61724","MEDIUM","stdlib","v1.23.3","1.24.8, 1.25.2","The Reader.ReadResponse function constructs a response string through repeated string concatenation of lines. When the number of lines in a response is large, this can cause excessive CPU consumption."
"qubership-monitoring-operator","trivy","docker.io/bloomberg/goldpinger:3.10.2","CVE-2025-61725","MEDIUM","stdlib","v1.23.3","1.24.8, 1.25.2","The ParseAddress function constructs domain-literal address components through repeated string concatenation. When parsing large domain-literal components, this can cause excessive CPU consumption."
"qubership-monitoring-operator","trivy","docker.io/bloomberg/goldpinger:3.10.2","CVE-2025-61727","MEDIUM","stdlib","v1.23.3","1.24.11, 1.25.5","An excluded subdomain constraint in a certificate chain does not restrict the usage of wildcard SANs in the leaf certificate. For example a constraint that excludes the subdomain test.example.com does not prevent a leaf certificate from claiming the SAN *.example.com."
"qubership-monitoring-operator","trivy","docker.io/bloomberg/goldpinger:3.10.2","CVE-2025-61726","UNKNOWN","stdlib","v1.23.3","1.24.12, 1.25.6","The net/url package does not set a limit on the number of query parameters in a query. While the maximum size of query parameters in URLs is generally limited by the maximum request header size, the net/http.Request.ParseForm method can parse large URL-encoded forms. Parsing a large form containing many unique query parameters can cause excessive memory consumption."
"qubership-monitoring-operator","trivy","docker.io/bloomberg/goldpinger:3.10.2","CVE-2025-61728","UNKNOWN","stdlib","v1.23.3","1.24.12, 1.25.6","archive/zip uses a super-linear file name indexing algorithm that is invoked the first time a file in an archive is opened. This can lead to a denial of service when consuming a maliciously constructed ZIP archive."
"qubership-monitoring-operator","trivy","docker.io/bloomberg/goldpinger:3.10.2","CVE-2025-61730","UNKNOWN","stdlib","v1.23.3","1.24.12, 1.25.6","During the TLS 1.3 handshake if multiple messages are sent in records that span encryption level boundaries (for instance the Client Hello and Encrypted Extensions messages), the subsequent messages may be processed before the encryption level changes. This can cause some minor information disclosure if a network-local attacker can inject messages during the handshake."
"qubership-monitoring-operator","trivy","docker.io/grafana/grafana:11.6.5","CVE-2024-58251","MEDIUM","busybox","1.37.0-r18","1.37.0-r20","In netstat in BusyBox through 1.37.0, local users can launch of network application with an argv[0] containing an ANSI terminal escape sequence, leading to a denial of service (terminal locked up) when netstat is used by a victim."
"qubership-monitoring-operator","trivy","docker.io/grafana/grafana:11.6.5","CVE-2025-46394","LOW","busybox","1.37.0-r18","1.37.0-r20","In tar in BusyBox through 1.37.0, a TAR archive can have filenames hidden from a listing through the use of terminal escape sequences."
"qubership-monitoring-operator","trivy","docker.io/grafana/grafana:11.6.5","CVE-2024-58251","MEDIUM","busybox-binsh","1.37.0-r18","1.37.0-r20","In netstat in BusyBox through 1.37.0, local users can launch of network application with an argv[0] containing an ANSI terminal escape sequence, leading to a denial of service (terminal locked up) when netstat is used by a victim."
"qubership-monitoring-operator","trivy","docker.io/grafana/grafana:11.6.5","CVE-2025-46394","LOW","busybox-binsh","1.37.0-r18","1.37.0-r20","In tar in BusyBox through 1.37.0, a TAR archive can have filenames hidden from a listing through the use of terminal escape sequences."
"qubership-monitoring-operator","trivy","docker.io/grafana/grafana:11.6.5","CVE-2025-62408","MEDIUM","c-ares","1.34.5-r0","1.34.6-r0","c-ares is an asynchronous resolver library. Versions 1.32.3 through 1.34.5  terminate a query after maximum attempts when using read_answer() and process_answer(), which can cause a Denial of Service. This issue is fixed in version 1.34.6."
"qubership-monitoring-operator","trivy","docker.io/grafana/grafana:11.6.5","CVE-2025-10148","MEDIUM","curl","8.14.1-r1","8.14.1-r2","curl's websocket code did not update the 32 bit mask pattern for each new  outgoing frame as the specification says. Instead it used a fixed mask that persisted and was used throughout the entire connection.  A predictable mask pattern allows for a malicious server to induce traffic between the two communicating parties that could be interpreted by an involved proxy (configured or transparent) as genuine, real, HTTP traffic with content and thereby poison its cache. That cached poisoned content could then be served to all users of that proxy."
"qubership-monitoring-operator","trivy","docker.io/grafana/grafana:11.6.5","CVE-2025-9086","MEDIUM","curl","8.14.1-r1","8.14.1-r2","1. A cookie is set using the `secure` keyword for `https://target`   2. curl is redirected to or otherwise made to speak with `http://target` (same     hostname, but using clear text HTTP) using the same cookie set   3. The same cookie name is set - but with just a slash as path (`path=\""/\"",`).    Since this site is not secure, the cookie *should* just be ignored. 4. A bug in the path comparison logic makes curl read outside a heap buffer    boundary  The bug either causes a crash or it potentially makes the comparison come to the wrong conclusion and lets the clear-text site override the contents of the secure cookie, contrary to expectations and depending on the memory contents immediately following the single-byte allocation that holds the path.  The presumed and correct behavior would be to plainly ignore the second set of the cookie since it was already set as secure on a secure host so overriding it on an insecure host should not be okay."
"qubership-monitoring-operator","trivy","docker.io/grafana/grafana:11.6.5","CVE-2025-15467","CRITICAL","libcrypto3","3.5.1-r0","3.5.5-r0","Issue summary: Parsing CMS AuthEnvelopedData message with maliciously crafted AEAD parameters can trigger a stack buffer overflow.  Impact summary: A stack buffer overflow may lead to a crash, causing Denial of Service, or potentially remote code execution.  When parsing CMS AuthEnvelopedData structures that use AEAD ciphers such as AES-GCM, the IV (Initialization Vector) encoded in the ASN.1 parameters is copied into a fixed-size stack buffer without verifying that its length fits the destination. An attacker can supply a crafted CMS message with an oversized IV, causing a stack-based out-of-bounds write before any authentication or tag verification occurs.  Applications and services that parse untrusted CMS or PKCS#7 content using AEAD ciphers (e.g., S/MIME AuthEnvelopedData with AES-GCM) are vulnerable. Because the overflow occurs prior to authentication, no valid key material is required to trigger it. While exploitability to remote code execution depends on platform and toolchain mitigations, the stack-based write primitive represents a severe risk.  The FIPS modules in 3.6, 3.5, 3.4, 3.3 and 3.0 are not affected by this issue, as the CMS implementation is outside the OpenSSL FIPS module boundary.  OpenSSL 3.6, 3.5, 3.4, 3.3 and 3.0 are vulnerable to this issue.  OpenSSL 1.1.1 and 1.0.2 are not affected by this issue."
"qubership-monitoring-operator","trivy","docker.io/grafana/grafana:11.6.5","CVE-2025-69419","HIGH","libcrypto3","3.5.1-r0","3.5.5-r0","Issue summary: Calling PKCS12_get_friendlyname() function on a maliciously crafted PKCS#12 file with a BMPString (UTF-16BE) friendly name containing non-ASCII BMP code point can trigger a one byte write before the allocated buffer.  Impact summary: The out-of-bounds write can cause a memory corruption which can have various consequences including a Denial of Service.  The OPENSSL_uni2utf8() function performs a two-pass conversion of a PKCS#12 BMPString (UTF-16BE) to UTF-8. In the second pass, when emitting UTF-8 bytes, the helper function bmp_to_utf8() incorrectly forwards the remaining UTF-16 source byte count as the destination buffer capacity to UTF8_putc(). For BMP code points above U+07FF, UTF-8 requires three bytes, but the forwarded capacity can be just two bytes. UTF8_putc() then returns -1, and this negative value is added to the output length without validation, causing the length to become negative. The subsequent trailing NUL byte is then written at a negative offset, causing write outside of heap allocated buffer.  The vulnerability is reachable via the public PKCS12_get_friendlyname() API when parsing attacker-controlled PKCS#12 files. While PKCS12_parse() uses a different code path that avoids this issue, PKCS12_get_friendlyname() directly invokes the vulnerable function. Exploitation requires an attacker to provide a malicious PKCS#12 file to be parsed by the application and the attacker can just trigger a one zero byte write before the allocated buffer. For that reason the issue was assessed as Low severity according to our Security Policy.  The FIPS modules in 3.6, 3.5, 3.4, 3.3 and 3.0 are not affected by this issue, as the PKCS#12 implementation is outside the OpenSSL FIPS module boundary.  OpenSSL 3.6, 3.5, 3.4, 3.3, 3.0 and 1.1.1 are vulnerable to this issue.  OpenSSL 1.0.2 is not affected by this issue."
"qubership-monitoring-operator","trivy","docker.io/grafana/grafana:11.6.5","CVE-2025-11187","MEDIUM","libcrypto3","3.5.1-r0","3.5.5-r0","Issue summary: PBMAC1 parameters in PKCS#12 files are missing validation which can trigger a stack-based buffer overflow, invalid pointer or NULL pointer dereference during MAC verification.  Impact summary: The stack buffer overflow or NULL pointer dereference may cause a crash leading to Denial of Service for an application that parses untrusted PKCS#12 files. The buffer overflow may also potentially enable code execution depending on platform mitigations.  When verifying a PKCS#12 file that uses PBMAC1 for the MAC, the PBKDF2 salt and keylength parameters from the file are used without validation. If the value of keylength exceeds the size of the fixed stack buffer used for the derived key (64 bytes), the key derivation will overflow the buffer. The overflow length is attacker-controlled. Also, if the salt parameter is not an OCTET STRING type this can lead to invalid or NULL pointer dereference.  Exploiting this issue requires a user or application to process a maliciously crafted PKCS#12 file. It is uncommon to accept untrusted PKCS#12 files in applications as they are usually used to store private keys which are trusted by definition. For this reason the issue was assessed as Moderate severity.  The FIPS modules in 3.6, 3.5 and 3.4 are not affected by this issue, as PKCS#12 processing is outside the OpenSSL FIPS module boundary.  OpenSSL 3.6, 3.5 and 3.4 are vulnerable to this issue.  OpenSSL 3.3, 3.0, 1.1.1 and 1.0.2 are not affected by this issue as they do not support PBMAC1 in PKCS#12."
"qubership-monitoring-operator","trivy","docker.io/grafana/grafana:11.6.5","CVE-2025-15468","MEDIUM","libcrypto3","3.5.1-r0","3.5.5-r0","Issue summary: If an application using the SSL_CIPHER_find() function in a QUIC protocol client or server receives an unknown cipher suite from the peer, a NULL dereference occurs.  Impact summary: A NULL pointer dereference leads to abnormal termination of the running process causing Denial of Service.  Some applications call SSL_CIPHER_find() from the client_hello_cb callback on the cipher ID received from the peer. If this is done with an SSL object implementing the QUIC protocol, NULL pointer dereference will happen if the examined cipher ID is unknown or unsupported.  As it is not very common to call this function in applications using the QUIC  protocol and the worst outcome is Denial of Service, the issue was assessed as Low severity.  The vulnerable code was introduced in the 3.2 version with the addition of the QUIC protocol support.  The FIPS modules in 3.6, 3.5, 3.4 and 3.3 are not affected by this issue, as the QUIC implementation is outside the OpenSSL FIPS module boundary.  OpenSSL 3.6, 3.5, 3.4 and 3.3 are vulnerable to this issue.  OpenSSL 3.0, 1.1.1 and 1.0.2 are not affected by this issue."
"qubership-monitoring-operator","trivy","docker.io/grafana/grafana:11.6.5","CVE-2025-15469","MEDIUM","libcrypto3","3.5.1-r0","3.5.5-r0","Issue summary: The 'openssl dgst' command-line tool silently truncates input data to 16MB when using one-shot signing algorithms and reports success instead of an error.  Impact summary: A user signing or verifying files larger than 16MB with one-shot algorithms (such as Ed25519, Ed448, or ML-DSA) may believe the entire file is authenticated while trailing data beyond 16MB remains unauthenticated.  When the 'openssl dgst' command is used with algorithms that only support one-shot signing (Ed25519, Ed448, ML-DSA-44, ML-DSA-65, ML-DSA-87), the input is buffered with a 16MB limit. If the input exceeds this limit, the tool silently truncates to the first 16MB and continues without signaling an error, contrary to what the documentation states. This creates an integrity gap where trailing bytes can be modified without detection if both signing and verification are performed using the same affected codepath.  The issue affects only the command-line tool behavior. Verifiers that process the full message using library APIs will reject the signature, so the risk primarily affects workflows that both sign and verify with the affected 'openssl dgst' command. Streaming digest algorithms for 'openssl dgst' and library users are unaffected.  The FIPS modules in 3.5 and 3.6 are not affected by this issue, as the command-line tools are outside the OpenSSL FIPS module boundary.  OpenSSL 3.5 and 3.6 are vulnerable to this issue.  OpenSSL 3.4, 3.3, 3.0, 1.1.1 and 1.0.2 are not affected by this issue."
"qubership-monitoring-operator","trivy","docker.io/grafana/grafana:11.6.5","CVE-2025-66199","MEDIUM","libcrypto3","3.5.1-r0","3.5.5-r0","Issue summary: A TLS 1.3 connection using certificate compression can be forced to allocate a large buffer before decompression without checking against the configured certificate size limit.  Impact summary: An attacker can cause per-connection memory allocations of up to approximately 22 MiB and extra CPU work, potentially leading to service degradation or resource exhaustion (Denial of Service).  In affected configurations, the peer-supplied uncompressed certificate length from a CompressedCertificate message is used to grow a heap buffer prior to decompression. This length is not bounded by the max_cert_list setting, which otherwise constrains certificate message sizes. An attacker can exploit this to cause large per-connection allocations followed by handshake failure. No memory corruption or information disclosure occurs.  This issue only affects builds where TLS 1.3 certificate compression is compiled in (i.e., not OPENSSL_NO_COMP_ALG) and at least one compression algorithm (brotli, zlib, or zstd) is available, and where the compression extension is negotiated. Both clients receiving a server CompressedCertificate and servers in mutual TLS scenarios receiving a client CompressedCertificate are affected. Servers that do not request client certificates are not vulnerable to client-initiated attacks.  Users can mitigate this issue by setting SSL_OP_NO_RX_CERTIFICATE_COMPRESSION to disable receiving compressed certificates.  The FIPS modules in 3.6, 3.5, 3.4 and 3.3 are not affected by this issue, as the TLS implementation is outside the OpenSSL FIPS module boundary.  OpenSSL 3.6, 3.5, 3.4 and 3.3 are vulnerable to this issue.  OpenSSL 3.0, 1.1.1 and 1.0.2 are not affected by this issue."
"qubership-monitoring-operator","trivy","docker.io/grafana/grafana:11.6.5","CVE-2025-68160","MEDIUM","libcrypto3","3.5.1-r0","3.5.5-r0","Issue summary: Writing large, newline-free data into a BIO chain using the line-buffering filter where the next BIO performs short writes can trigger a heap-based out-of-bounds write.  Impact summary: This out-of-bounds write can cause memory corruption which typically results in a crash, leading to Denial of Service for an application.  The line-buffering BIO filter (BIO_f_linebuffer) is not used by default in TLS/SSL data paths. In OpenSSL command-line applications, it is typically only pushed onto stdout/stderr on VMS systems. Third-party applications that explicitly use this filter with a BIO chain that can short-write and that write large, newline-free data influenced by an attacker would be affected. However, the circumstances where this could happen are unlikely to be under attacker control, and BIO_f_linebuffer is unlikely to be handling non-curated data controlled by an attacker. For that reason the issue was assessed as Low severity.  The FIPS modules in 3.6, 3.5, 3.4, 3.3 and 3.0 are not affected by this issue, as the BIO implementation is outside the OpenSSL FIPS module boundary.  OpenSSL 3.6, 3.5, 3.4, 3.3, 3.0, 1.1.1 and 1.0.2 are vulnerable to this issue."
"qubership-monitoring-operator","trivy","docker.io/grafana/grafana:11.6.5","CVE-2025-69418","MEDIUM","libcrypto3","3.5.1-r0","3.5.5-r0","Issue summary: When using the low-level OCB API directly with AES-NI or<br>other hardware-accelerated code paths, inputs whose length is not a multiple<br>of 16 bytes can leave the final partial block unencrypted and unauthenticated.<br><br>Impact summary: The trailing 1-15 bytes of a message may be exposed in<br>cleartext on encryption and are not covered by the authentication tag,<br>allowing an attacker to read or tamper with those bytes without detection.<br><br>The low-level OCB encrypt and decrypt routines in the hardware-accelerated<br>stream path process full 16-byte blocks but do not advance the input/output<br>pointers. The subsequent tail-handling code then operates on the original<br>base pointers, effectively reprocessing the beginning of the buffer while<br>leaving the actual trailing bytes unprocessed. The authentication checksum<br>also excludes the true tail bytes.<br><br>However, typical OpenSSL consumers using EVP are not affected because the<br>higher-level EVP and provider OCB implementations split inputs so that full<br>blocks and trailing partial blocks are processed in separate calls, avoiding<br>the problematic code path. Additionally, TLS does not use OCB ciphersuites.<br>The vulnerability only affects applications that call the low-level<br>CRYPTO_ocb128_encrypt() or CRYPTO_ocb128_decrypt() functions directly with<br>non-block-aligned lengths in a single call on hardware-accelerated builds.<br>For these reasons the issue was assessed as Low severity.<br><br>The FIPS modules in 3.6, 3.5, 3.4, 3.3, 3.2, 3.1 and 3.0 are not affected<br>by this issue, as OCB mode is not a FIPS-approved algorithm.<br><br>OpenSSL 3.6, 3.5, 3.4, 3.3, 3.0 and 1.1.1 are vulnerable to this issue.<br><br>OpenSSL 1.0.2 is not affected by this issue."
"qubership-monitoring-operator","trivy","docker.io/grafana/grafana:11.6.5","CVE-2025-69420","MEDIUM","libcrypto3","3.5.1-r0","3.5.5-r0","Issue summary: A type confusion vulnerability exists in the TimeStamp Response verification code where an ASN1_TYPE union member is accessed without first validating the type, causing an invalid or NULL pointer dereference when processing a malformed TimeStamp Response file.  Impact summary: An application calling TS_RESP_verify_response() with a malformed TimeStamp Response can be caused to dereference an invalid or NULL pointer when reading, resulting in a Denial of Service.  The functions ossl_ess_get_signing_cert() and ossl_ess_get_signing_cert_v2() access the signing cert attribute value without validating its type. When the type is not V_ASN1_SEQUENCE, this results in accessing invalid memory through the ASN1_TYPE union, causing a crash.  Exploiting this vulnerability requires an attacker to provide a malformed TimeStamp Response to an application that verifies timestamp responses. The TimeStamp protocol (RFC 3161) is not widely used and the impact of the exploit is just a Denial of Service. For these reasons the issue was assessed as Low severity.  The FIPS modules in 3.5, 3.4, 3.3 and 3.0 are not affected by this issue, as the TimeStamp Response implementation is outside the OpenSSL FIPS module boundary.  OpenSSL 3.6, 3.5, 3.4, 3.3, 3.0 and 1.1.1 are vulnerable to this issue.  OpenSSL 1.0.2 is not affected by this issue."
"qubership-monitoring-operator","trivy","docker.io/grafana/grafana:11.6.5","CVE-2025-69421","MEDIUM","libcrypto3","3.5.1-r0","3.5.5-r0","Issue summary: Processing a malformed PKCS#12 file can trigger a NULL pointer dereference in the PKCS12_item_decrypt_d2i_ex() function.  Impact summary: A NULL pointer dereference can trigger a crash which leads to Denial of Service for an application processing PKCS#12 files.  The PKCS12_item_decrypt_d2i_ex() function does not check whether the oct parameter is NULL before dereferencing it. When called from PKCS12_unpack_p7encdata() with a malformed PKCS#12 file, this parameter can be NULL, causing a crash. The vulnerability is limited to Denial of Service and cannot be escalated to achieve code execution or memory disclosure.  Exploiting this issue requires an attacker to provide a malformed PKCS#12 file to an application that processes it. For that reason the issue was assessed as Low severity according to our Security Policy.  The FIPS modules in 3.6, 3.5, 3.4, 3.3 and 3.0 are not affected by this issue, as the PKCS#12 implementation is outside the OpenSSL FIPS module boundary.  OpenSSL 3.6, 3.5, 3.4, 3.3, 3.0, 1.1.1 and 1.0.2 are vulnerable to this issue."
"qubership-monitoring-operator","trivy","docker.io/grafana/grafana:11.6.5","CVE-2025-9230","MEDIUM","libcrypto3","3.5.1-r0","3.5.4-r0","Issue summary: An application trying to decrypt CMS messages encrypted using password based encryption can trigger an out-of-bounds read and write.  Impact summary: This out-of-bounds read may trigger a crash which leads to Denial of Service for an application. The out-of-bounds write can cause a memory corruption which can have various consequences including a Denial of Service or Execution of attacker-supplied code.  Although the consequences of a successful exploit of this vulnerability could be severe, the probability that the attacker would be able to perform it is low. Besides, password based (PWRI) encryption support in CMS messages is very rarely used. For that reason the issue was assessed as Moderate severity according to our Security Policy.  The FIPS modules in 3.5, 3.4, 3.3, 3.2, 3.1 and 3.0 are not affected by this issue, as the CMS implementation is outside the OpenSSL FIPS module boundary."
"qubership-monitoring-operator","trivy","docker.io/grafana/grafana:11.6.5","CVE-2025-9231","MEDIUM","libcrypto3","3.5.1-r0","3.5.4-r0","Issue summary: A timing side-channel which could potentially allow remote recovery of the private key exists in the SM2 algorithm implementation on 64 bit ARM platforms.  Impact summary: A timing side-channel in SM2 signature computations on 64 bit ARM platforms could allow recovering the private key by an attacker..  While remote key recovery over a network was not attempted by the reporter, timing measurements revealed a timing signal which may allow such an attack.  OpenSSL does not directly support certificates with SM2 keys in TLS, and so this CVE is not relevant in most TLS contexts.  However, given that it is possible to add support for such certificates via a custom provider, coupled with the fact that in such a custom provider context the private key may be recoverable via remote timing measurements, we consider this to be a Moderate severity issue.  The FIPS modules in 3.5, 3.4, 3.3, 3.2, 3.1 and 3.0 are not affected by this issue, as SM2 is not an approved algorithm."
"qubership-monitoring-operator","trivy","docker.io/grafana/grafana:11.6.5","CVE-2026-22795","MEDIUM","libcrypto3","3.5.1-r0","3.5.5-r0","Issue summary: An invalid or NULL pointer dereference can happen in an application processing a malformed PKCS#12 file.  Impact summary: An application processing a malformed PKCS#12 file can be caused to dereference an invalid or NULL pointer on memory read, resulting in a Denial of Service.  A type confusion vulnerability exists in PKCS#12 parsing code where an ASN1_TYPE union member is accessed without first validating the type, causing an invalid pointer read.  The location is constrained to a 1-byte address space, meaning any attempted pointer manipulation can only target addresses between 0x00 and 0xFF. This range corresponds to the zero page, which is unmapped on most modern operating systems and will reliably result in a crash, leading only to a Denial of Service. Exploiting this issue also requires a user or application to process a maliciously crafted PKCS#12 file. It is uncommon to accept untrusted PKCS#12 files in applications as they are usually used to store private keys which are trusted by definition. For these reasons, the issue was assessed as Low severity.  The FIPS modules in 3.5, 3.4, 3.3 and 3.0 are not affected by this issue, as the PKCS12 implementation is outside the OpenSSL FIPS module boundary.  OpenSSL 3.6, 3.5, 3.4, 3.3, 3.0 and 1.1.1 are vulnerable to this issue.  OpenSSL 1.0.2 is not affected by this issue."
"qubership-monitoring-operator","trivy","docker.io/grafana/grafana:11.6.5","CVE-2026-22796","MEDIUM","libcrypto3","3.5.1-r0","3.5.5-r0","Issue summary: A type confusion vulnerability exists in the signature verification of signed PKCS#7 data where an ASN1_TYPE union member is accessed without first validating the type, causing an invalid or NULL pointer dereference when processing malformed PKCS#7 data.  Impact summary: An application performing signature verification of PKCS#7 data or calling directly the PKCS7_digest_from_attributes() function can be caused to dereference an invalid or NULL pointer when reading, resulting in a Denial of Service.  The function PKCS7_digest_from_attributes() accesses the message digest attribute value without validating its type. When the type is not V_ASN1_OCTET_STRING, this results in accessing invalid memory through the ASN1_TYPE union, causing a crash.  Exploiting this vulnerability requires an attacker to provide a malformed signed PKCS#7 to an application that verifies it. The impact of the exploit is just a Denial of Service, the PKCS7 API is legacy and applications should be using the CMS API instead. For these reasons the issue was assessed as Low severity.  The FIPS modules in 3.5, 3.4, 3.3 and 3.0 are not affected by this issue, as the PKCS#7 parsing implementation is outside the OpenSSL FIPS module boundary.  OpenSSL 3.6, 3.5, 3.4, 3.3, 3.0, 1.1.1 and 1.0.2 are vulnerable to this issue."
"qubership-monitoring-operator","trivy","docker.io/grafana/grafana:11.6.5","CVE-2025-9232","LOW","libcrypto3","3.5.1-r0","3.5.4-r0","Issue summary: An application using the OpenSSL HTTP client API functions may trigger an out-of-bounds read if the 'no_proxy' environment variable is set and the host portion of the authority component of the HTTP URL is an IPv6 address.  Impact summary: An out-of-bounds read can trigger a crash which leads to Denial of Service for an application.  The OpenSSL HTTP client API functions can be used directly by applications but they are also used by the OCSP client functions and CMP (Certificate Management Protocol) client implementation in OpenSSL. However the URLs used by these implementations are unlikely to be controlled by an attacker.  In this vulnerable code the out of bounds read can only trigger a crash. Furthermore the vulnerability requires an attacker-controlled URL to be passed from an application to the OpenSSL function and the user has to have a 'no_proxy' environment variable set. For the aforementioned reasons the issue was assessed as Low severity.  The vulnerable code was introduced in the following patch releases: 3.0.16, 3.1.8, 3.2.4, 3.3.3, 3.4.0 and 3.5.0.  The FIPS modules in 3.5, 3.4, 3.3, 3.2, 3.1 and 3.0 are not affected by this issue, as the HTTP client implementation is outside the OpenSSL FIPS module boundary."
"qubership-monitoring-operator","trivy","docker.io/grafana/grafana:11.6.5","CVE-2025-10148","MEDIUM","libcurl","8.14.1-r1","8.14.1-r2","curl's websocket code did not update the 32 bit mask pattern for each new  outgoing frame as the specification says. Instead it used a fixed mask that persisted and was used throughout the entire connection.  A predictable mask pattern allows for a malicious server to induce traffic between the two communicating parties that could be interpreted by an involved proxy (configured or transparent) as genuine, real, HTTP traffic with content and thereby poison its cache. That cached poisoned content could then be served to all users of that proxy."
"qubership-monitoring-operator","trivy","docker.io/grafana/grafana:11.6.5","CVE-2025-9086","MEDIUM","libcurl","8.14.1-r1","8.14.1-r2","1. A cookie is set using the `secure` keyword for `https://target`   2. curl is redirected to or otherwise made to speak with `http://target` (same     hostname, but using clear text HTTP) using the same cookie set   3. The same cookie name is set - but with just a slash as path (`path=\""/\"",`).    Since this site is not secure, the cookie *should* just be ignored. 4. A bug in the path comparison logic makes curl read outside a heap buffer    boundary  The bug either causes a crash or it potentially makes the comparison come to the wrong conclusion and lets the clear-text site override the contents of the secure cookie, contrary to expectations and depending on the memory contents immediately following the single-byte allocation that holds the path.  The presumed and correct behavior would be to plainly ignore the second set of the cookie since it was already set as secure on a secure host so overriding it on an insecure host should not be okay."
"qubership-monitoring-operator","trivy","docker.io/grafana/grafana:11.6.5","CVE-2025-15467","CRITICAL","libssl3","3.5.1-r0","3.5.5-r0","Issue summary: Parsing CMS AuthEnvelopedData message with maliciously crafted AEAD parameters can trigger a stack buffer overflow.  Impact summary: A stack buffer overflow may lead to a crash, causing Denial of Service, or potentially remote code execution.  When parsing CMS AuthEnvelopedData structures that use AEAD ciphers such as AES-GCM, the IV (Initialization Vector) encoded in the ASN.1 parameters is copied into a fixed-size stack buffer without verifying that its length fits the destination. An attacker can supply a crafted CMS message with an oversized IV, causing a stack-based out-of-bounds write before any authentication or tag verification occurs.  Applications and services that parse untrusted CMS or PKCS#7 content using AEAD ciphers (e.g., S/MIME AuthEnvelopedData with AES-GCM) are vulnerable. Because the overflow occurs prior to authentication, no valid key material is required to trigger it. While exploitability to remote code execution depends on platform and toolchain mitigations, the stack-based write primitive represents a severe risk.  The FIPS modules in 3.6, 3.5, 3.4, 3.3 and 3.0 are not affected by this issue, as the CMS implementation is outside the OpenSSL FIPS module boundary.  OpenSSL 3.6, 3.5, 3.4, 3.3 and 3.0 are vulnerable to this issue.  OpenSSL 1.1.1 and 1.0.2 are not affected by this issue."
"qubership-monitoring-operator","trivy","docker.io/grafana/grafana:11.6.5","CVE-2025-69419","HIGH","libssl3","3.5.1-r0","3.5.5-r0","Issue summary: Calling PKCS12_get_friendlyname() function on a maliciously crafted PKCS#12 file with a BMPString (UTF-16BE) friendly name containing non-ASCII BMP code point can trigger a one byte write before the allocated buffer.  Impact summary: The out-of-bounds write can cause a memory corruption which can have various consequences including a Denial of Service.  The OPENSSL_uni2utf8() function performs a two-pass conversion of a PKCS#12 BMPString (UTF-16BE) to UTF-8. In the second pass, when emitting UTF-8 bytes, the helper function bmp_to_utf8() incorrectly forwards the remaining UTF-16 source byte count as the destination buffer capacity to UTF8_putc(). For BMP code points above U+07FF, UTF-8 requires three bytes, but the forwarded capacity can be just two bytes. UTF8_putc() then returns -1, and this negative value is added to the output length without validation, causing the length to become negative. The subsequent trailing NUL byte is then written at a negative offset, causing write outside of heap allocated buffer.  The vulnerability is reachable via the public PKCS12_get_friendlyname() API when parsing attacker-controlled PKCS#12 files. While PKCS12_parse() uses a different code path that avoids this issue, PKCS12_get_friendlyname() directly invokes the vulnerable function. Exploitation requires an attacker to provide a malicious PKCS#12 file to be parsed by the application and the attacker can just trigger a one zero byte write before the allocated buffer. For that reason the issue was assessed as Low severity according to our Security Policy.  The FIPS modules in 3.6, 3.5, 3.4, 3.3 and 3.0 are not affected by this issue, as the PKCS#12 implementation is outside the OpenSSL FIPS module boundary.  OpenSSL 3.6, 3.5, 3.4, 3.3, 3.0 and 1.1.1 are vulnerable to this issue.  OpenSSL 1.0.2 is not affected by this issue."
"qubership-monitoring-operator","trivy","docker.io/grafana/grafana:11.6.5","CVE-2025-11187","MEDIUM","libssl3","3.5.1-r0","3.5.5-r0","Issue summary: PBMAC1 parameters in PKCS#12 files are missing validation which can trigger a stack-based buffer overflow, invalid pointer or NULL pointer dereference during MAC verification.  Impact summary: The stack buffer overflow or NULL pointer dereference may cause a crash leading to Denial of Service for an application that parses untrusted PKCS#12 files. The buffer overflow may also potentially enable code execution depending on platform mitigations.  When verifying a PKCS#12 file that uses PBMAC1 for the MAC, the PBKDF2 salt and keylength parameters from the file are used without validation. If the value of keylength exceeds the size of the fixed stack buffer used for the derived key (64 bytes), the key derivation will overflow the buffer. The overflow length is attacker-controlled. Also, if the salt parameter is not an OCTET STRING type this can lead to invalid or NULL pointer dereference.  Exploiting this issue requires a user or application to process a maliciously crafted PKCS#12 file. It is uncommon to accept untrusted PKCS#12 files in applications as they are usually used to store private keys which are trusted by definition. For this reason the issue was assessed as Moderate severity.  The FIPS modules in 3.6, 3.5 and 3.4 are not affected by this issue, as PKCS#12 processing is outside the OpenSSL FIPS module boundary.  OpenSSL 3.6, 3.5 and 3.4 are vulnerable to this issue.  OpenSSL 3.3, 3.0, 1.1.1 and 1.0.2 are not affected by this issue as they do not support PBMAC1 in PKCS#12."
"qubership-monitoring-operator","trivy","docker.io/grafana/grafana:11.6.5","CVE-2025-15468","MEDIUM","libssl3","3.5.1-r0","3.5.5-r0","Issue summary: If an application using the SSL_CIPHER_find() function in a QUIC protocol client or server receives an unknown cipher suite from the peer, a NULL dereference occurs.  Impact summary: A NULL pointer dereference leads to abnormal termination of the running process causing Denial of Service.  Some applications call SSL_CIPHER_find() from the client_hello_cb callback on the cipher ID received from the peer. If this is done with an SSL object implementing the QUIC protocol, NULL pointer dereference will happen if the examined cipher ID is unknown or unsupported.  As it is not very common to call this function in applications using the QUIC  protocol and the worst outcome is Denial of Service, the issue was assessed as Low severity.  The vulnerable code was introduced in the 3.2 version with the addition of the QUIC protocol support.  The FIPS modules in 3.6, 3.5, 3.4 and 3.3 are not affected by this issue, as the QUIC implementation is outside the OpenSSL FIPS module boundary.  OpenSSL 3.6, 3.5, 3.4 and 3.3 are vulnerable to this issue.  OpenSSL 3.0, 1.1.1 and 1.0.2 are not affected by this issue."
"qubership-monitoring-operator","trivy","docker.io/grafana/grafana:11.6.5","CVE-2025-15469","MEDIUM","libssl3","3.5.1-r0","3.5.5-r0","Issue summary: The 'openssl dgst' command-line tool silently truncates input data to 16MB when using one-shot signing algorithms and reports success instead of an error.  Impact summary: A user signing or verifying files larger than 16MB with one-shot algorithms (such as Ed25519, Ed448, or ML-DSA) may believe the entire file is authenticated while trailing data beyond 16MB remains unauthenticated.  When the 'openssl dgst' command is used with algorithms that only support one-shot signing (Ed25519, Ed448, ML-DSA-44, ML-DSA-65, ML-DSA-87), the input is buffered with a 16MB limit. If the input exceeds this limit, the tool silently truncates to the first 16MB and continues without signaling an error, contrary to what the documentation states. This creates an integrity gap where trailing bytes can be modified without detection if both signing and verification are performed using the same affected codepath.  The issue affects only the command-line tool behavior. Verifiers that process the full message using library APIs will reject the signature, so the risk primarily affects workflows that both sign and verify with the affected 'openssl dgst' command. Streaming digest algorithms for 'openssl dgst' and library users are unaffected.  The FIPS modules in 3.5 and 3.6 are not affected by this issue, as the command-line tools are outside the OpenSSL FIPS module boundary.  OpenSSL 3.5 and 3.6 are vulnerable to this issue.  OpenSSL 3.4, 3.3, 3.0, 1.1.1 and 1.0.2 are not affected by this issue."
"qubership-monitoring-operator","trivy","docker.io/grafana/grafana:11.6.5","CVE-2025-66199","MEDIUM","libssl3","3.5.1-r0","3.5.5-r0","Issue summary: A TLS 1.3 connection using certificate compression can be forced to allocate a large buffer before decompression without checking against the configured certificate size limit.  Impact summary: An attacker can cause per-connection memory allocations of up to approximately 22 MiB and extra CPU work, potentially leading to service degradation or resource exhaustion (Denial of Service).  In affected configurations, the peer-supplied uncompressed certificate length from a CompressedCertificate message is used to grow a heap buffer prior to decompression. This length is not bounded by the max_cert_list setting, which otherwise constrains certificate message sizes. An attacker can exploit this to cause large per-connection allocations followed by handshake failure. No memory corruption or information disclosure occurs.  This issue only affects builds where TLS 1.3 certificate compression is compiled in (i.e., not OPENSSL_NO_COMP_ALG) and at least one compression algorithm (brotli, zlib, or zstd) is available, and where the compression extension is negotiated. Both clients receiving a server CompressedCertificate and servers in mutual TLS scenarios receiving a client CompressedCertificate are affected. Servers that do not request client certificates are not vulnerable to client-initiated attacks.  Users can mitigate this issue by setting SSL_OP_NO_RX_CERTIFICATE_COMPRESSION to disable receiving compressed certificates.  The FIPS modules in 3.6, 3.5, 3.4 and 3.3 are not affected by this issue, as the TLS implementation is outside the OpenSSL FIPS module boundary.  OpenSSL 3.6, 3.5, 3.4 and 3.3 are vulnerable to this issue.  OpenSSL 3.0, 1.1.1 and 1.0.2 are not affected by this issue."
"qubership-monitoring-operator","trivy","docker.io/grafana/grafana:11.6.5","CVE-2025-68160","MEDIUM","libssl3","3.5.1-r0","3.5.5-r0","Issue summary: Writing large, newline-free data into a BIO chain using the line-buffering filter where the next BIO performs short writes can trigger a heap-based out-of-bounds write.  Impact summary: This out-of-bounds write can cause memory corruption which typically results in a crash, leading to Denial of Service for an application.  The line-buffering BIO filter (BIO_f_linebuffer) is not used by default in TLS/SSL data paths. In OpenSSL command-line applications, it is typically only pushed onto stdout/stderr on VMS systems. Third-party applications that explicitly use this filter with a BIO chain that can short-write and that write large, newline-free data influenced by an attacker would be affected. However, the circumstances where this could happen are unlikely to be under attacker control, and BIO_f_linebuffer is unlikely to be handling non-curated data controlled by an attacker. For that reason the issue was assessed as Low severity.  The FIPS modules in 3.6, 3.5, 3.4, 3.3 and 3.0 are not affected by this issue, as the BIO implementation is outside the OpenSSL FIPS module boundary.  OpenSSL 3.6, 3.5, 3.4, 3.3, 3.0, 1.1.1 and 1.0.2 are vulnerable to this issue."
"qubership-monitoring-operator","trivy","docker.io/grafana/grafana:11.6.5","CVE-2025-69418","MEDIUM","libssl3","3.5.1-r0","3.5.5-r0","Issue summary: When using the low-level OCB API directly with AES-NI or<br>other hardware-accelerated code paths, inputs whose length is not a multiple<br>of 16 bytes can leave the final partial block unencrypted and unauthenticated.<br><br>Impact summary: The trailing 1-15 bytes of a message may be exposed in<br>cleartext on encryption and are not covered by the authentication tag,<br>allowing an attacker to read or tamper with those bytes without detection.<br><br>The low-level OCB encrypt and decrypt routines in the hardware-accelerated<br>stream path process full 16-byte blocks but do not advance the input/output<br>pointers. The subsequent tail-handling code then operates on the original<br>base pointers, effectively reprocessing the beginning of the buffer while<br>leaving the actual trailing bytes unprocessed. The authentication checksum<br>also excludes the true tail bytes.<br><br>However, typical OpenSSL consumers using EVP are not affected because the<br>higher-level EVP and provider OCB implementations split inputs so that full<br>blocks and trailing partial blocks are processed in separate calls, avoiding<br>the problematic code path. Additionally, TLS does not use OCB ciphersuites.<br>The vulnerability only affects applications that call the low-level<br>CRYPTO_ocb128_encrypt() or CRYPTO_ocb128_decrypt() functions directly with<br>non-block-aligned lengths in a single call on hardware-accelerated builds.<br>For these reasons the issue was assessed as Low severity.<br><br>The FIPS modules in 3.6, 3.5, 3.4, 3.3, 3.2, 3.1 and 3.0 are not affected<br>by this issue, as OCB mode is not a FIPS-approved algorithm.<br><br>OpenSSL 3.6, 3.5, 3.4, 3.3, 3.0 and 1.1.1 are vulnerable to this issue.<br><br>OpenSSL 1.0.2 is not affected by this issue."
"qubership-monitoring-operator","trivy","docker.io/grafana/grafana:11.6.5","CVE-2025-69420","MEDIUM","libssl3","3.5.1-r0","3.5.5-r0","Issue summary: A type confusion vulnerability exists in the TimeStamp Response verification code where an ASN1_TYPE union member is accessed without first validating the type, causing an invalid or NULL pointer dereference when processing a malformed TimeStamp Response file.  Impact summary: An application calling TS_RESP_verify_response() with a malformed TimeStamp Response can be caused to dereference an invalid or NULL pointer when reading, resulting in a Denial of Service.  The functions ossl_ess_get_signing_cert() and ossl_ess_get_signing_cert_v2() access the signing cert attribute value without validating its type. When the type is not V_ASN1_SEQUENCE, this results in accessing invalid memory through the ASN1_TYPE union, causing a crash.  Exploiting this vulnerability requires an attacker to provide a malformed TimeStamp Response to an application that verifies timestamp responses. The TimeStamp protocol (RFC 3161) is not widely used and the impact of the exploit is just a Denial of Service. For these reasons the issue was assessed as Low severity.  The FIPS modules in 3.5, 3.4, 3.3 and 3.0 are not affected by this issue, as the TimeStamp Response implementation is outside the OpenSSL FIPS module boundary.  OpenSSL 3.6, 3.5, 3.4, 3.3, 3.0 and 1.1.1 are vulnerable to this issue.  OpenSSL 1.0.2 is not affected by this issue."
"qubership-monitoring-operator","trivy","docker.io/grafana/grafana:11.6.5","CVE-2025-69421","MEDIUM","libssl3","3.5.1-r0","3.5.5-r0","Issue summary: Processing a malformed PKCS#12 file can trigger a NULL pointer dereference in the PKCS12_item_decrypt_d2i_ex() function.  Impact summary: A NULL pointer dereference can trigger a crash which leads to Denial of Service for an application processing PKCS#12 files.  The PKCS12_item_decrypt_d2i_ex() function does not check whether the oct parameter is NULL before dereferencing it. When called from PKCS12_unpack_p7encdata() with a malformed PKCS#12 file, this parameter can be NULL, causing a crash. The vulnerability is limited to Denial of Service and cannot be escalated to achieve code execution or memory disclosure.  Exploiting this issue requires an attacker to provide a malformed PKCS#12 file to an application that processes it. For that reason the issue was assessed as Low severity according to our Security Policy.  The FIPS modules in 3.6, 3.5, 3.4, 3.3 and 3.0 are not affected by this issue, as the PKCS#12 implementation is outside the OpenSSL FIPS module boundary.  OpenSSL 3.6, 3.5, 3.4, 3.3, 3.0, 1.1.1 and 1.0.2 are vulnerable to this issue."
"qubership-monitoring-operator","trivy","docker.io/grafana/grafana:11.6.5","CVE-2025-9230","MEDIUM","libssl3","3.5.1-r0","3.5.4-r0","Issue summary: An application trying to decrypt CMS messages encrypted using password based encryption can trigger an out-of-bounds read and write.  Impact summary: This out-of-bounds read may trigger a crash which leads to Denial of Service for an application. The out-of-bounds write can cause a memory corruption which can have various consequences including a Denial of Service or Execution of attacker-supplied code.  Although the consequences of a successful exploit of this vulnerability could be severe, the probability that the attacker would be able to perform it is low. Besides, password based (PWRI) encryption support in CMS messages is very rarely used. For that reason the issue was assessed as Moderate severity according to our Security Policy.  The FIPS modules in 3.5, 3.4, 3.3, 3.2, 3.1 and 3.0 are not affected by this issue, as the CMS implementation is outside the OpenSSL FIPS module boundary."
"qubership-monitoring-operator","trivy","docker.io/grafana/grafana:11.6.5","CVE-2025-9231","MEDIUM","libssl3","3.5.1-r0","3.5.4-r0","Issue summary: A timing side-channel which could potentially allow remote recovery of the private key exists in the SM2 algorithm implementation on 64 bit ARM platforms.  Impact summary: A timing side-channel in SM2 signature computations on 64 bit ARM platforms could allow recovering the private key by an attacker..  While remote key recovery over a network was not attempted by the reporter, timing measurements revealed a timing signal which may allow such an attack.  OpenSSL does not directly support certificates with SM2 keys in TLS, and so this CVE is not relevant in most TLS contexts.  However, given that it is possible to add support for such certificates via a custom provider, coupled with the fact that in such a custom provider context the private key may be recoverable via remote timing measurements, we consider this to be a Moderate severity issue.  The FIPS modules in 3.5, 3.4, 3.3, 3.2, 3.1 and 3.0 are not affected by this issue, as SM2 is not an approved algorithm."
"qubership-monitoring-operator","trivy","docker.io/grafana/grafana:11.6.5","CVE-2026-22795","MEDIUM","libssl3","3.5.1-r0","3.5.5-r0","Issue summary: An invalid or NULL pointer dereference can happen in an application processing a malformed PKCS#12 file.  Impact summary: An application processing a malformed PKCS#12 file can be caused to dereference an invalid or NULL pointer on memory read, resulting in a Denial of Service.  A type confusion vulnerability exists in PKCS#12 parsing code where an ASN1_TYPE union member is accessed without first validating the type, causing an invalid pointer read.  The location is constrained to a 1-byte address space, meaning any attempted pointer manipulation can only target addresses between 0x00 and 0xFF. This range corresponds to the zero page, which is unmapped on most modern operating systems and will reliably result in a crash, leading only to a Denial of Service. Exploiting this issue also requires a user or application to process a maliciously crafted PKCS#12 file. It is uncommon to accept untrusted PKCS#12 files in applications as they are usually used to store private keys which are trusted by definition. For these reasons, the issue was assessed as Low severity.  The FIPS modules in 3.5, 3.4, 3.3 and 3.0 are not affected by this issue, as the PKCS12 implementation is outside the OpenSSL FIPS module boundary.  OpenSSL 3.6, 3.5, 3.4, 3.3, 3.0 and 1.1.1 are vulnerable to this issue.  OpenSSL 1.0.2 is not affected by this issue."
"qubership-monitoring-operator","trivy","docker.io/grafana/grafana:11.6.5","CVE-2026-22796","MEDIUM","libssl3","3.5.1-r0","3.5.5-r0","Issue summary: A type confusion vulnerability exists in the signature verification of signed PKCS#7 data where an ASN1_TYPE union member is accessed without first validating the type, causing an invalid or NULL pointer dereference when processing malformed PKCS#7 data.  Impact summary: An application performing signature verification of PKCS#7 data or calling directly the PKCS7_digest_from_attributes() function can be caused to dereference an invalid or NULL pointer when reading, resulting in a Denial of Service.  The function PKCS7_digest_from_attributes() accesses the message digest attribute value without validating its type. When the type is not V_ASN1_OCTET_STRING, this results in accessing invalid memory through the ASN1_TYPE union, causing a crash.  Exploiting this vulnerability requires an attacker to provide a malformed signed PKCS#7 to an application that verifies it. The impact of the exploit is just a Denial of Service, the PKCS7 API is legacy and applications should be using the CMS API instead. For these reasons the issue was assessed as Low severity.  The FIPS modules in 3.5, 3.4, 3.3 and 3.0 are not affected by this issue, as the PKCS#7 parsing implementation is outside the OpenSSL FIPS module boundary.  OpenSSL 3.6, 3.5, 3.4, 3.3, 3.0, 1.1.1 and 1.0.2 are vulnerable to this issue."
"qubership-monitoring-operator","trivy","docker.io/grafana/grafana:11.6.5","CVE-2025-9232","LOW","libssl3","3.5.1-r0","3.5.4-r0","Issue summary: An application using the OpenSSL HTTP client API functions may trigger an out-of-bounds read if the 'no_proxy' environment variable is set and the host portion of the authority component of the HTTP URL is an IPv6 address.  Impact summary: An out-of-bounds read can trigger a crash which leads to Denial of Service for an application.  The OpenSSL HTTP client API functions can be used directly by applications but they are also used by the OCSP client functions and CMP (Certificate Management Protocol) client implementation in OpenSSL. However the URLs used by these implementations are unlikely to be controlled by an attacker.  In this vulnerable code the out of bounds read can only trigger a crash. Furthermore the vulnerability requires an attacker-controlled URL to be passed from an application to the OpenSSL function and the user has to have a 'no_proxy' environment variable set. For the aforementioned reasons the issue was assessed as Low severity.  The vulnerable code was introduced in the following patch releases: 3.0.16, 3.1.8, 3.2.4, 3.3.3, 3.4.0 and 3.5.0.  The FIPS modules in 3.5, 3.4, 3.3, 3.2, 3.1 and 3.0 are not affected by this issue, as the HTTP client implementation is outside the OpenSSL FIPS module boundary."
"qubership-monitoring-operator","trivy","docker.io/grafana/grafana:11.6.5","CVE-2024-58251","MEDIUM","ssl_client","1.37.0-r18","1.37.0-r20","In netstat in BusyBox through 1.37.0, local users can launch of network application with an argv[0] containing an ANSI terminal escape sequence, leading to a denial of service (terminal locked up) when netstat is used by a victim."
"qubership-monitoring-operator","trivy","docker.io/grafana/grafana:11.6.5","CVE-2025-46394","LOW","ssl_client","1.37.0-r18","1.37.0-r20","In tar in BusyBox through 1.37.0, a TAR archive can have filenames hidden from a listing through the use of terminal escape sequences."
"qubership-monitoring-operator","trivy","docker.io/grafana/grafana:11.6.5","CVE-2025-8556","LOW","github.com/cloudflare/circl","v1.3.7","1.6.1","A flaw was found in CIRCL's implementation of the FourQ elliptic curve. This vulnerability allows an attacker to compromise session security via low-order point injection and incorrect point validation during Diffie-Hellman key exchange."
"qubership-monitoring-operator","trivy","docker.io/grafana/grafana:11.6.5","CVE-2025-11065","MEDIUM","github.com/go-viper/mapstructure/v2","v2.3.0","2.4.0","A flaw was found in github.com/go-viper/mapstructure/v2, in the field processing component using mapstructure.WeakDecode. This vulnerability allows information disclosure through detailed error messages that may leak sensitive input values via malformed user-supplied data processed in security-critical contexts."
"qubership-monitoring-operator","trivy","docker.io/grafana/grafana:11.6.5","CVE-2018-15727","CRITICAL","github.com/grafana/grafana","v0.0.0-20250808195315-7d067d343a36+dirty","4.6.4, 5.2.3","Grafana 2.x, 3.x, and 4.x before 4.6.4 and 5.x before 5.2.3 allows authentication bypass because an attacker can generate a valid ""remember me"" cookie knowing only a username of an LDAP or OAuth user."
"qubership-monitoring-operator","trivy","docker.io/grafana/grafana:11.6.5","CVE-2023-3128","CRITICAL","github.com/grafana/grafana","v0.0.0-20250808195315-7d067d343a36+dirty","9.4.13, 9.3.16, 9.2.20, 8.5.27","Grafana is validating Azure AD accounts based on the email claim.   On Azure AD, the profile email field is not unique and can be easily modified.   This leads to account takeover and authentication bypass when Azure AD OAuth is configured with a multi-tenant app."
"qubership-monitoring-operator","trivy","docker.io/grafana/grafana:11.6.5","CVE-2020-12458","HIGH","github.com/grafana/grafana","v0.0.0-20250808195315-7d067d343a36+dirty","7.2.1","An information-disclosure flaw was found in Grafana through 6.7.3. The database directory /var/lib/grafana and database file /var/lib/grafana/grafana.db are world readable. This can result in exposure of sensitive information (e.g., cleartext or encrypted datasource passwords)."
"qubership-monitoring-operator","trivy","docker.io/grafana/grafana:11.6.5","CVE-2021-39226","HIGH","github.com/grafana/grafana","v0.0.0-20250808195315-7d067d343a36+dirty","7.5.11, 8.1.6","Grafana is an open source data visualization platform. In affected versions unauthenticated and authenticated users are able to view the snapshot with the lowest database key by accessing the literal paths: /dashboard/snapshot/:key, or /api/snapshots/:key. If the snapshot ""public_mode"" configuration setting is set to true (vs default of false), unauthenticated users are able to delete the snapshot with the lowest database key by accessing the literal path: /api/snapshots-delete/:deleteKey. Regardless of the snapshot ""public_mode"" setting, authenticated users are able to delete the snapshot with the lowest database key by accessing the literal paths: /api/snapshots/:key, or /api/snapshots-delete/:deleteKey. The combination of deletion and viewing enables a complete walk through all snapshot data while resulting in complete snapshot data loss. This issue has been resolved in versions 8.1.6 and 7.5.11. If for some reason you cannot upgrade you can use a reverse proxy or similar to block access to the literal paths: /api/snapshots/:key, /api/snapshots-delete/:deleteKey, /dashboard/snapshot/:key, and /api/snapshots/:key. They have no normal function and can be disabled without side effects."
"qubership-monitoring-operator","trivy","docker.io/grafana/grafana:11.6.5","CVE-2022-35957","HIGH","github.com/grafana/grafana","v0.0.0-20250808195315-7d067d343a36+dirty","9.1.6, 9.0.9, 8.5.13","Grafana is an open-source platform for monitoring and observability. Versions prior to 9.1.6 and 8.5.13 are vulnerable to an escalation from admin to server admin when auth proxy is used, allowing an admin to take over the server admin account and gain full control of the grafana instance. All installations should be upgraded as soon as possible. As a workaround deactivate auth proxy following the instructions at: https://grafana.com/docs/grafana/latest/setup-grafana/configure-security/configure-authentication/auth-proxy/"
"qubership-monitoring-operator","trivy","docker.io/grafana/grafana:11.6.5","CVE-2022-39307","HIGH","github.com/grafana/grafana","v0.0.0-20250808195315-7d067d343a36+dirty","9.2.4, 8.5.15","Grafana is an open-source platform for monitoring and observability. When using the forget password on the login page, a POST request is made to the `/api/user/password/sent-reset-email` URL. When the username or email does not exist, a JSON response contains a “user not found” message. This leaks information to unauthenticated users and introduces a security risk. This issue has been patched in 9.2.4 and backported to 8.5.15. There are no known workarounds."
"qubership-monitoring-operator","trivy","docker.io/grafana/grafana:11.6.5","CVE-2023-2801","HIGH","github.com/grafana/grafana","v0.0.0-20250808195315-7d067d343a36+dirty","9.4.12, 9.5.3","Grafana is an open-source platform for monitoring and observability.   Using public dashboards users can query multiple distinct data sources using mixed queries. However such query has a possibility of crashing a Grafana instance.  The only feature that uses mixed queries at the moment is public dashboards, but it's also possible to cause this by calling the query API directly.  This might enable malicious users to crash Grafana instances through that endpoint.  Users may upgrade to version 9.4.12 and 9.5.3 to receive a fix."
"qubership-monitoring-operator","trivy","docker.io/grafana/grafana:11.6.5","CVE-2025-6023","HIGH","github.com/grafana/grafana","v0.0.0-20250808195315-7d067d343a36+dirty","1.9.2-0.20250521205822-0ba0b99665a9","An open redirect vulnerability has been identified in Grafana OSS that can be exploited to achieve XSS attacks. The vulnerability was introduced in Grafana v11.5.0.  The open redirect can be chained with path traversal vulnerabilities to achieve XSS.  Fixed in versions 12.0.2+security-01, 11.6.3+security-01, 11.5.6+security-01, 11.4.6+security-01 and 11.3.8+security-01"
"qubership-monitoring-operator","trivy","docker.io/grafana/grafana:11.6.5","CVE-2018-1000816","MEDIUM","github.com/grafana/grafana","v0.0.0-20250808195315-7d067d343a36+dirty","5.3.2","Grafana version confirmed for 5.2.4 and 5.3.0 contains a Cross Site Scripting (XSS) vulnerability in Influxdb and Graphite query editor that can result in Running arbitrary js code in victims browser.. This attack appear to be exploitable via Authenticated user must click on the input field where the payload was previously inserted.."
"qubership-monitoring-operator","trivy","docker.io/grafana/grafana:11.6.5","CVE-2018-12099","MEDIUM","github.com/grafana/grafana","v0.0.0-20250808195315-7d067d343a36+dirty","5.2.0-beta1","Grafana before 5.2.0-beta1 has XSS vulnerabilities in dashboard links."
"qubership-monitoring-operator","trivy","docker.io/grafana/grafana:11.6.5","CVE-2018-18623","MEDIUM","github.com/grafana/grafana","v0.0.0-20250808195315-7d067d343a36+dirty","6.0.0-beta1","Grafana 5.3.1 has XSS via the ""Dashboard > Text Panel"" screen. NOTE: this issue exists because of an incomplete fix for CVE-2018-12099."
"qubership-monitoring-operator","trivy","docker.io/grafana/grafana:11.6.5","CVE-2018-18624","MEDIUM","github.com/grafana/grafana","v0.0.0-20250808195315-7d067d343a36+dirty","7.0.0","Grafana 5.3.1 has XSS via a column style on the ""Dashboard > Table Panel"" screen. NOTE: this issue exists because of an incomplete fix for CVE-2018-12099."
"qubership-monitoring-operator","trivy","docker.io/grafana/grafana:11.6.5","CVE-2018-18625","MEDIUM","github.com/grafana/grafana","v0.0.0-20250808195315-7d067d343a36+dirty","6.0.0-beta1","Grafana 5.3.1 has XSS via a link on the ""Dashboard > All Panels > General"" screen. NOTE: this issue exists because of an incomplete fix for CVE-2018-12099."
"qubership-monitoring-operator","trivy","docker.io/grafana/grafana:11.6.5","CVE-2019-13068","MEDIUM","github.com/grafana/grafana","v0.0.0-20250808195315-7d067d343a36+dirty","6.2.5","public/app/features/panel/panel_ctrl.ts in Grafana before 6.2.5 allows HTML Injection in panel drilldown links (via the Title or url field)."
"qubership-monitoring-operator","trivy","docker.io/grafana/grafana:11.6.5","CVE-2019-19499","MEDIUM","github.com/grafana/grafana","v0.0.0-20250808195315-7d067d343a36+dirty","6.4.4","Grafana <= 6.4.3 has an Arbitrary File Read vulnerability, which could be exploited by an authenticated attacker that has privileges to modify the data source configurations."
"qubership-monitoring-operator","trivy","docker.io/grafana/grafana:11.6.5","CVE-2020-11110","MEDIUM","github.com/grafana/grafana","v0.0.0-20250808195315-7d067d343a36+dirty","6.7.2","Grafana through 6.7.1 allows stored XSS due to insufficient input protection in the originalUrl field, which allows an attacker to inject JavaScript code that will be executed after clicking on Open Original Dashboard after visiting the snapshot."
"qubership-monitoring-operator","trivy","docker.io/grafana/grafana:11.6.5","CVE-2020-12245","MEDIUM","github.com/grafana/grafana","v0.0.0-20250808195315-7d067d343a36+dirty","6.7.3","Grafana before 6.7.3 allows table-panel XSS via column.title or cellLinkTooltip."
"qubership-monitoring-operator","trivy","docker.io/grafana/grafana:11.6.5","CVE-2020-13430","MEDIUM","github.com/grafana/grafana","v0.0.0-20250808195315-7d067d343a36+dirty","7.0.0","Grafana before 7.0.0 allows tag value XSS via the OpenTSDB datasource."
"qubership-monitoring-operator","trivy","docker.io/grafana/grafana:11.6.5","CVE-2020-24303","MEDIUM","github.com/grafana/grafana","v0.0.0-20250808195315-7d067d343a36+dirty","7.1.0-beta1","Grafana before 7.1.0-beta 1 allows XSS via a query alias for the ElasticSearch datasource."
"qubership-monitoring-operator","trivy","docker.io/grafana/grafana:11.6.5","CVE-2022-39229","MEDIUM","github.com/grafana/grafana","v0.0.0-20250808195315-7d067d343a36+dirty","8.5.14, 9.1.8","Grafana is an open source data visualization platform for metrics, logs, and traces. Versions prior to 9.1.8 and 8.5.14 allow one user to block another user's login attempt by registering someone else'e email address as a username. A Grafana user’s username and email address are unique fields, that means no other user can have the same username or email address as another user. A user can have an email address as a username. However, the login system allows users to log in with either username or email address. Since Grafana allows a user to log in with either their username or email address, this creates an usual behavior where `user_1` can register with one email address and `user_2` can register their username as `user_1`’s email address. This prevents `user_1` logging into the application since `user_1`'s password won’t match with `user_2`'s email address. Versions 9.1.8 and 8.5.14 contain a patch. There are no workarounds for this issue."
"qubership-monitoring-operator","trivy","docker.io/grafana/grafana:11.6.5","CVE-2022-39324","MEDIUM","github.com/grafana/grafana","v0.0.0-20250808195315-7d067d343a36+dirty","9.2.8, 8.5.16","Grafana is an open-source platform for monitoring and observability. Prior to versions 8.5.16 and 9.2.8, malicious user can create a snapshot and arbitrarily choose the `originalUrl` parameter by editing the query, thanks to a web proxy. When another user opens the URL of the snapshot, they will be presented with the regular web interface delivered by the trusted Grafana server. The `Open original dashboard` button no longer points to the to the real original dashboard but to the attacker’s injected URL. This issue is fixed in versions 8.5.16 and 9.2.8."
"qubership-monitoring-operator","trivy","docker.io/grafana/grafana:11.6.5","CVE-2023-2183","MEDIUM","github.com/grafana/grafana","v0.0.0-20250808195315-7d067d343a36+dirty","8.5.26, 9.2.19, 9.3.15, 9.4.12, 9.5.3","Grafana is an open-source platform for monitoring and observability.   The option to send a test alert is not available from the user panel UI for users having the Viewer role. It is still possible for a user with the Viewer role to send a test alert using the API as the API does not check access to this function.  This might enable malicious users to abuse the functionality by sending multiple alert messages to e-mail and Slack, spamming users, prepare Phishing attack or block SMTP server.  Users may upgrade to version 9.5.3, 9.4.12, 9.3.15, 9.2.19 and 8.5.26 to receive a fix."
"qubership-monitoring-operator","trivy","docker.io/grafana/grafana:11.6.5","CVE-2023-4822","MEDIUM","github.com/grafana/grafana","v0.0.0-20250808195315-7d067d343a36+dirty","","Grafana is an open-source platform for monitoring and observability. The vulnerability impacts Grafana instances with several organizations, and allows a user with Organization Admin permissions in one organization to change the permissions associated with Organization Viewer, Organization Editor and Organization Admin roles in all organizations.  It also allows an Organization Admin to assign or revoke any permissions that they have to any user globally.  This means that any Organization Admin can elevate their own permissions in any organization that they are already a member of, or elevate or restrict the permissions of any other user.  The vulnerability does not allow a user to become a member of an organization that they are not already a member of, or to add any other users to an organization that the current user is not a member of."
"qubership-monitoring-operator","trivy","docker.io/grafana/grafana:11.6.5","CVE-2025-3415","MEDIUM","github.com/grafana/grafana","v0.0.0-20250808195315-7d067d343a36+dirty","1.9.2-0.20250514160932-04111e9f2afd","Grafana is an open-source platform for monitoring and observability. The Grafana Alerting DingDing integration was not properly protected and could be exposed to users with Viewer permission.  Fixed in versions 10.4.19+security-01, 11.2.10+security-01, 11.3.7+security-01, 11.4.5+security-01, 11.5.5+security-01, 11.6.2+security-01 and 12.0.1+security-01"
"qubership-monitoring-operator","trivy","docker.io/grafana/grafana:11.6.5","CVE-2024-10452","LOW","github.com/grafana/grafana","v0.0.0-20250808195315-7d067d343a36+dirty","","Organization admins can delete pending invites created in an organization they are not part of."
"qubership-monitoring-operator","trivy","docker.io/grafana/grafana:11.6.5","CVE-2025-64751","MEDIUM","github.com/openfga/openfga","v1.8.13","1.11.1","OpenFGA is a high-performance and flexible authorization/permission engine built for developers and inspired by Google Zanzibar. OpenFGA v1.4.0 to v1.11.0 ( openfga-0.1.34 <= Helm chart <= openfga-0.2.48, v.1.4.0 <= docker <= v.1.11.0) are vulnerable to improper policy enforcement when certain Check and ListObject calls are executed. This issue has been patched in version 1.11.1."
"qubership-monitoring-operator","trivy","docker.io/grafana/grafana:11.6.5","CVE-2025-47914","MEDIUM","golang.org/x/crypto","v0.39.0","0.45.0","SSH Agent servers do not validate the size of messages when processing new identity requests, which may cause the program to panic if the message is malformed due to an out of bounds read."
"qubership-monitoring-operator","trivy","docker.io/grafana/grafana:11.6.5","CVE-2025-58181","MEDIUM","golang.org/x/crypto","v0.39.0","0.45.0","SSH servers parsing GSSAPI authentication requests do not validate the number of mechanisms specified in the request, allowing an attacker to cause unbounded memory consumption."
"qubership-monitoring-operator","trivy","docker.io/grafana/grafana:11.6.5","CVE-2025-58183","HIGH","stdlib","v1.24.6","1.24.8, 1.25.2","tar.Reader does not set a maximum size on the number of sparse region data blocks in GNU tar pax 1.0 sparse files. A maliciously-crafted archive containing a large number of sparse regions can cause a Reader to read an unbounded amount of data from the archive into memory. When reading from a compressed source, a small compressed input can result in large allocations."
"qubership-monitoring-operator","trivy","docker.io/grafana/grafana:11.6.5","CVE-2025-61729","HIGH","stdlib","v1.24.6","1.24.11, 1.25.5","Within HostnameError.Error(), when constructing an error string, there is no limit to the number of hosts that will be printed out. Furthermore, the error string is constructed by repeated string concatenation, leading to quadratic runtime. Therefore, a certificate provided by a malicious actor can result in excessive resource consumption."
"qubership-monitoring-operator","trivy","docker.io/grafana/grafana:11.6.5","CVE-2025-47912","MEDIUM","stdlib","v1.24.6","1.24.8, 1.25.2","The Parse function permits values other than IPv6 addresses to be included in square brackets within the host component of a URL. RFC 3986 permits IPv6 addresses to be included within the host component, enclosed within square brackets. For example: ""http://[::1]/"". IPv4 addresses and hostnames must not appear within square brackets. Parse did not enforce this requirement."
"qubership-monitoring-operator","trivy","docker.io/grafana/grafana:11.6.5","CVE-2025-58185","MEDIUM","stdlib","v1.24.6","1.24.8, 1.25.2","Parsing a maliciously crafted DER payload could allocate large amounts of memory, causing memory exhaustion."
"qubership-monitoring-operator","trivy","docker.io/grafana/grafana:11.6.5","CVE-2025-58186","MEDIUM","stdlib","v1.24.6","1.24.8, 1.25.2","Despite HTTP headers having a default limit of 1MB, the number of cookies that can be parsed does not have a limit. By sending a lot of very small cookies such as ""a=;"", an attacker can make an HTTP server allocate a large amount of structs, causing large memory consumption."
"qubership-monitoring-operator","trivy","docker.io/grafana/grafana:11.6.5","CVE-2025-58187","MEDIUM","stdlib","v1.24.6","1.24.9, 1.25.3","Due to the design of the name constraint checking algorithm, the processing time of some inputs scale non-linearly with respect to the size of the certificate. This affects programs which validate arbitrary certificate chains."
"qubership-monitoring-operator","trivy","docker.io/grafana/grafana:11.6.5","CVE-2025-58188","MEDIUM","stdlib","v1.24.6","1.24.8, 1.25.2","Validating certificate chains which contain DSA public keys can cause programs to panic, due to a interface cast that assumes they implement the Equal method. This affects programs which validate arbitrary certificate chains."
"qubership-monitoring-operator","trivy","docker.io/grafana/grafana:11.6.5","CVE-2025-58189","MEDIUM","stdlib","v1.24.6","1.24.8, 1.25.2","When Conn.Handshake fails during ALPN negotiation the error contains attacker controlled information (the ALPN protocols sent by the client) which is not escaped."
"qubership-monitoring-operator","trivy","docker.io/grafana/grafana:11.6.5","CVE-2025-61723","MEDIUM","stdlib","v1.24.6","1.24.8, 1.25.2","The processing time for parsing some invalid inputs scales non-linearly with respect to the size of the input. This affects programs which parse untrusted PEM inputs."
"qubership-monitoring-operator","trivy","docker.io/grafana/grafana:11.6.5","CVE-2025-61724","MEDIUM","stdlib","v1.24.6","1.24.8, 1.25.2","The Reader.ReadResponse function constructs a response string through repeated string concatenation of lines. When the number of lines in a response is large, this can cause excessive CPU consumption."
"qubership-monitoring-operator","trivy","docker.io/grafana/grafana:11.6.5","CVE-2025-61725","MEDIUM","stdlib","v1.24.6","1.24.8, 1.25.2","The ParseAddress function constructs domain-literal address components through repeated string concatenation. When parsing large domain-literal components, this can cause excessive CPU consumption."
"qubership-monitoring-operator","trivy","docker.io/grafana/grafana:11.6.5","CVE-2025-61727","MEDIUM","stdlib","v1.24.6","1.24.11, 1.25.5","An excluded subdomain constraint in a certificate chain does not restrict the usage of wildcard SANs in the leaf certificate. For example a constraint that excludes the subdomain test.example.com does not prevent a leaf certificate from claiming the SAN *.example.com."
"qubership-monitoring-operator","trivy","docker.io/grafana/grafana:11.6.5","CVE-2025-61726","UNKNOWN","stdlib","v1.24.6","1.24.12, 1.25.6","The net/url package does not set a limit on the number of query parameters in a query. While the maximum size of query parameters in URLs is generally limited by the maximum request header size, the net/http.Request.ParseForm method can parse large URL-encoded forms. Parsing a large form containing many unique query parameters can cause excessive memory consumption."
"qubership-monitoring-operator","trivy","docker.io/grafana/grafana:11.6.5","CVE-2025-61728","UNKNOWN","stdlib","v1.24.6","1.24.12, 1.25.6","archive/zip uses a super-linear file name indexing algorithm that is invoked the first time a file in an archive is opened. This can lead to a denial of service when consuming a maliciously constructed ZIP archive."
"qubership-monitoring-operator","trivy","docker.io/grafana/grafana:11.6.5","CVE-2025-61730","UNKNOWN","stdlib","v1.24.6","1.24.12, 1.25.6","During the TLS 1.3 handshake if multiple messages are sent in records that span encryption level boundaries (for instance the Client Hello and Encrypted Extensions messages), the subsequent messages may be processed before the encryption level changes. This can cause some minor information disclosure if a network-local attacker can inject messages during the handshake."
"qubership-monitoring-operator","trivy","docker.io/grafana/grafana:11.6.5","CVE-2018-15727","CRITICAL","github.com/grafana/grafana","v0.0.0-20250808195315-7d067d343a36+dirty","4.6.4, 5.2.3","Grafana 2.x, 3.x, and 4.x before 4.6.4 and 5.x before 5.2.3 allows authentication bypass because an attacker can generate a valid ""remember me"" cookie knowing only a username of an LDAP or OAuth user."
"qubership-monitoring-operator","trivy","docker.io/grafana/grafana:11.6.5","CVE-2023-3128","CRITICAL","github.com/grafana/grafana","v0.0.0-20250808195315-7d067d343a36+dirty","9.4.13, 9.3.16, 9.2.20, 8.5.27","Grafana is validating Azure AD accounts based on the email claim.   On Azure AD, the profile email field is not unique and can be easily modified.   This leads to account takeover and authentication bypass when Azure AD OAuth is configured with a multi-tenant app."
"qubership-monitoring-operator","trivy","docker.io/grafana/grafana:11.6.5","CVE-2020-12458","HIGH","github.com/grafana/grafana","v0.0.0-20250808195315-7d067d343a36+dirty","7.2.1","An information-disclosure flaw was found in Grafana through 6.7.3. The database directory /var/lib/grafana and database file /var/lib/grafana/grafana.db are world readable. This can result in exposure of sensitive information (e.g., cleartext or encrypted datasource passwords)."
"qubership-monitoring-operator","trivy","docker.io/grafana/grafana:11.6.5","CVE-2021-39226","HIGH","github.com/grafana/grafana","v0.0.0-20250808195315-7d067d343a36+dirty","7.5.11, 8.1.6","Grafana is an open source data visualization platform. In affected versions unauthenticated and authenticated users are able to view the snapshot with the lowest database key by accessing the literal paths: /dashboard/snapshot/:key, or /api/snapshots/:key. If the snapshot ""public_mode"" configuration setting is set to true (vs default of false), unauthenticated users are able to delete the snapshot with the lowest database key by accessing the literal path: /api/snapshots-delete/:deleteKey. Regardless of the snapshot ""public_mode"" setting, authenticated users are able to delete the snapshot with the lowest database key by accessing the literal paths: /api/snapshots/:key, or /api/snapshots-delete/:deleteKey. The combination of deletion and viewing enables a complete walk through all snapshot data while resulting in complete snapshot data loss. This issue has been resolved in versions 8.1.6 and 7.5.11. If for some reason you cannot upgrade you can use a reverse proxy or similar to block access to the literal paths: /api/snapshots/:key, /api/snapshots-delete/:deleteKey, /dashboard/snapshot/:key, and /api/snapshots/:key. They have no normal function and can be disabled without side effects."
"qubership-monitoring-operator","trivy","docker.io/grafana/grafana:11.6.5","CVE-2022-35957","HIGH","github.com/grafana/grafana","v0.0.0-20250808195315-7d067d343a36+dirty","9.1.6, 9.0.9, 8.5.13","Grafana is an open-source platform for monitoring and observability. Versions prior to 9.1.6 and 8.5.13 are vulnerable to an escalation from admin to server admin when auth proxy is used, allowing an admin to take over the server admin account and gain full control of the grafana instance. All installations should be upgraded as soon as possible. As a workaround deactivate auth proxy following the instructions at: https://grafana.com/docs/grafana/latest/setup-grafana/configure-security/configure-authentication/auth-proxy/"
"qubership-monitoring-operator","trivy","docker.io/grafana/grafana:11.6.5","CVE-2022-39307","HIGH","github.com/grafana/grafana","v0.0.0-20250808195315-7d067d343a36+dirty","9.2.4, 8.5.15","Grafana is an open-source platform for monitoring and observability. When using the forget password on the login page, a POST request is made to the `/api/user/password/sent-reset-email` URL. When the username or email does not exist, a JSON response contains a “user not found” message. This leaks information to unauthenticated users and introduces a security risk. This issue has been patched in 9.2.4 and backported to 8.5.15. There are no known workarounds."
"qubership-monitoring-operator","trivy","docker.io/grafana/grafana:11.6.5","CVE-2023-2801","HIGH","github.com/grafana/grafana","v0.0.0-20250808195315-7d067d343a36+dirty","9.4.12, 9.5.3","Grafana is an open-source platform for monitoring and observability.   Using public dashboards users can query multiple distinct data sources using mixed queries. However such query has a possibility of crashing a Grafana instance.  The only feature that uses mixed queries at the moment is public dashboards, but it's also possible to cause this by calling the query API directly.  This might enable malicious users to crash Grafana instances through that endpoint.  Users may upgrade to version 9.4.12 and 9.5.3 to receive a fix."
"qubership-monitoring-operator","trivy","docker.io/grafana/grafana:11.6.5","CVE-2025-6023","HIGH","github.com/grafana/grafana","v0.0.0-20250808195315-7d067d343a36+dirty","1.9.2-0.20250521205822-0ba0b99665a9","An open redirect vulnerability has been identified in Grafana OSS that can be exploited to achieve XSS attacks. The vulnerability was introduced in Grafana v11.5.0.  The open redirect can be chained with path traversal vulnerabilities to achieve XSS.  Fixed in versions 12.0.2+security-01, 11.6.3+security-01, 11.5.6+security-01, 11.4.6+security-01 and 11.3.8+security-01"
"qubership-monitoring-operator","trivy","docker.io/grafana/grafana:11.6.5","CVE-2018-1000816","MEDIUM","github.com/grafana/grafana","v0.0.0-20250808195315-7d067d343a36+dirty","5.3.2","Grafana version confirmed for 5.2.4 and 5.3.0 contains a Cross Site Scripting (XSS) vulnerability in Influxdb and Graphite query editor that can result in Running arbitrary js code in victims browser.. This attack appear to be exploitable via Authenticated user must click on the input field where the payload was previously inserted.."
"qubership-monitoring-operator","trivy","docker.io/grafana/grafana:11.6.5","CVE-2018-12099","MEDIUM","github.com/grafana/grafana","v0.0.0-20250808195315-7d067d343a36+dirty","5.2.0-beta1","Grafana before 5.2.0-beta1 has XSS vulnerabilities in dashboard links."
"qubership-monitoring-operator","trivy","docker.io/grafana/grafana:11.6.5","CVE-2018-18623","MEDIUM","github.com/grafana/grafana","v0.0.0-20250808195315-7d067d343a36+dirty","6.0.0-beta1","Grafana 5.3.1 has XSS via the ""Dashboard > Text Panel"" screen. NOTE: this issue exists because of an incomplete fix for CVE-2018-12099."
"qubership-monitoring-operator","trivy","docker.io/grafana/grafana:11.6.5","CVE-2018-18624","MEDIUM","github.com/grafana/grafana","v0.0.0-20250808195315-7d067d343a36+dirty","7.0.0","Grafana 5.3.1 has XSS via a column style on the ""Dashboard > Table Panel"" screen. NOTE: this issue exists because of an incomplete fix for CVE-2018-12099."
"qubership-monitoring-operator","trivy","docker.io/grafana/grafana:11.6.5","CVE-2018-18625","MEDIUM","github.com/grafana/grafana","v0.0.0-20250808195315-7d067d343a36+dirty","6.0.0-beta1","Grafana 5.3.1 has XSS via a link on the ""Dashboard > All Panels > General"" screen. NOTE: this issue exists because of an incomplete fix for CVE-2018-12099."
"qubership-monitoring-operator","trivy","docker.io/grafana/grafana:11.6.5","CVE-2019-13068","MEDIUM","github.com/grafana/grafana","v0.0.0-20250808195315-7d067d343a36+dirty","6.2.5","public/app/features/panel/panel_ctrl.ts in Grafana before 6.2.5 allows HTML Injection in panel drilldown links (via the Title or url field)."
"qubership-monitoring-operator","trivy","docker.io/grafana/grafana:11.6.5","CVE-2019-19499","MEDIUM","github.com/grafana/grafana","v0.0.0-20250808195315-7d067d343a36+dirty","6.4.4","Grafana <= 6.4.3 has an Arbitrary File Read vulnerability, which could be exploited by an authenticated attacker that has privileges to modify the data source configurations."
"qubership-monitoring-operator","trivy","docker.io/grafana/grafana:11.6.5","CVE-2020-11110","MEDIUM","github.com/grafana/grafana","v0.0.0-20250808195315-7d067d343a36+dirty","6.7.2","Grafana through 6.7.1 allows stored XSS due to insufficient input protection in the originalUrl field, which allows an attacker to inject JavaScript code that will be executed after clicking on Open Original Dashboard after visiting the snapshot."
"qubership-monitoring-operator","trivy","docker.io/grafana/grafana:11.6.5","CVE-2020-12245","MEDIUM","github.com/grafana/grafana","v0.0.0-20250808195315-7d067d343a36+dirty","6.7.3","Grafana before 6.7.3 allows table-panel XSS via column.title or cellLinkTooltip."
"qubership-monitoring-operator","trivy","docker.io/grafana/grafana:11.6.5","CVE-2020-13430","MEDIUM","github.com/grafana/grafana","v0.0.0-20250808195315-7d067d343a36+dirty","7.0.0","Grafana before 7.0.0 allows tag value XSS via the OpenTSDB datasource."
"qubership-monitoring-operator","trivy","docker.io/grafana/grafana:11.6.5","CVE-2020-24303","MEDIUM","github.com/grafana/grafana","v0.0.0-20250808195315-7d067d343a36+dirty","7.1.0-beta1","Grafana before 7.1.0-beta 1 allows XSS via a query alias for the ElasticSearch datasource."
"qubership-monitoring-operator","trivy","docker.io/grafana/grafana:11.6.5","CVE-2022-39229","MEDIUM","github.com/grafana/grafana","v0.0.0-20250808195315-7d067d343a36+dirty","8.5.14, 9.1.8","Grafana is an open source data visualization platform for metrics, logs, and traces. Versions prior to 9.1.8 and 8.5.14 allow one user to block another user's login attempt by registering someone else'e email address as a username. A Grafana user’s username and email address are unique fields, that means no other user can have the same username or email address as another user. A user can have an email address as a username. However, the login system allows users to log in with either username or email address. Since Grafana allows a user to log in with either their username or email address, this creates an usual behavior where `user_1` can register with one email address and `user_2` can register their username as `user_1`’s email address. This prevents `user_1` logging into the application since `user_1`'s password won’t match with `user_2`'s email address. Versions 9.1.8 and 8.5.14 contain a patch. There are no workarounds for this issue."
"qubership-monitoring-operator","trivy","docker.io/grafana/grafana:11.6.5","CVE-2022-39324","MEDIUM","github.com/grafana/grafana","v0.0.0-20250808195315-7d067d343a36+dirty","9.2.8, 8.5.16","Grafana is an open-source platform for monitoring and observability. Prior to versions 8.5.16 and 9.2.8, malicious user can create a snapshot and arbitrarily choose the `originalUrl` parameter by editing the query, thanks to a web proxy. When another user opens the URL of the snapshot, they will be presented with the regular web interface delivered by the trusted Grafana server. The `Open original dashboard` button no longer points to the to the real original dashboard but to the attacker’s injected URL. This issue is fixed in versions 8.5.16 and 9.2.8."
"qubership-monitoring-operator","trivy","docker.io/grafana/grafana:11.6.5","CVE-2023-2183","MEDIUM","github.com/grafana/grafana","v0.0.0-20250808195315-7d067d343a36+dirty","8.5.26, 9.2.19, 9.3.15, 9.4.12, 9.5.3","Grafana is an open-source platform for monitoring and observability.   The option to send a test alert is not available from the user panel UI for users having the Viewer role. It is still possible for a user with the Viewer role to send a test alert using the API as the API does not check access to this function.  This might enable malicious users to abuse the functionality by sending multiple alert messages to e-mail and Slack, spamming users, prepare Phishing attack or block SMTP server.  Users may upgrade to version 9.5.3, 9.4.12, 9.3.15, 9.2.19 and 8.5.26 to receive a fix."
"qubership-monitoring-operator","trivy","docker.io/grafana/grafana:11.6.5","CVE-2023-4822","MEDIUM","github.com/grafana/grafana","v0.0.0-20250808195315-7d067d343a36+dirty","","Grafana is an open-source platform for monitoring and observability. The vulnerability impacts Grafana instances with several organizations, and allows a user with Organization Admin permissions in one organization to change the permissions associated with Organization Viewer, Organization Editor and Organization Admin roles in all organizations.  It also allows an Organization Admin to assign or revoke any permissions that they have to any user globally.  This means that any Organization Admin can elevate their own permissions in any organization that they are already a member of, or elevate or restrict the permissions of any other user.  The vulnerability does not allow a user to become a member of an organization that they are not already a member of, or to add any other users to an organization that the current user is not a member of."
"qubership-monitoring-operator","trivy","docker.io/grafana/grafana:11.6.5","CVE-2025-3415","MEDIUM","github.com/grafana/grafana","v0.0.0-20250808195315-7d067d343a36+dirty","1.9.2-0.20250514160932-04111e9f2afd","Grafana is an open-source platform for monitoring and observability. The Grafana Alerting DingDing integration was not properly protected and could be exposed to users with Viewer permission.  Fixed in versions 10.4.19+security-01, 11.2.10+security-01, 11.3.7+security-01, 11.4.5+security-01, 11.5.5+security-01, 11.6.2+security-01 and 12.0.1+security-01"
"qubership-monitoring-operator","trivy","docker.io/grafana/grafana:11.6.5","CVE-2024-10452","LOW","github.com/grafana/grafana","v0.0.0-20250808195315-7d067d343a36+dirty","","Organization admins can delete pending invites created in an organization they are not part of."
"qubership-monitoring-operator","trivy","docker.io/grafana/grafana:11.6.5","CVE-2025-58183","HIGH","stdlib","v1.24.6","1.24.8, 1.25.2","tar.Reader does not set a maximum size on the number of sparse region data blocks in GNU tar pax 1.0 sparse files. A maliciously-crafted archive containing a large number of sparse regions can cause a Reader to read an unbounded amount of data from the archive into memory. When reading from a compressed source, a small compressed input can result in large allocations."
"qubership-monitoring-operator","trivy","docker.io/grafana/grafana:11.6.5","CVE-2025-61729","HIGH","stdlib","v1.24.6","1.24.11, 1.25.5","Within HostnameError.Error(), when constructing an error string, there is no limit to the number of hosts that will be printed out. Furthermore, the error string is constructed by repeated string concatenation, leading to quadratic runtime. Therefore, a certificate provided by a malicious actor can result in excessive resource consumption."
"qubership-monitoring-operator","trivy","docker.io/grafana/grafana:11.6.5","CVE-2025-47912","MEDIUM","stdlib","v1.24.6","1.24.8, 1.25.2","The Parse function permits values other than IPv6 addresses to be included in square brackets within the host component of a URL. RFC 3986 permits IPv6 addresses to be included within the host component, enclosed within square brackets. For example: ""http://[::1]/"". IPv4 addresses and hostnames must not appear within square brackets. Parse did not enforce this requirement."
"qubership-monitoring-operator","trivy","docker.io/grafana/grafana:11.6.5","CVE-2025-58185","MEDIUM","stdlib","v1.24.6","1.24.8, 1.25.2","Parsing a maliciously crafted DER payload could allocate large amounts of memory, causing memory exhaustion."
"qubership-monitoring-operator","trivy","docker.io/grafana/grafana:11.6.5","CVE-2025-58186","MEDIUM","stdlib","v1.24.6","1.24.8, 1.25.2","Despite HTTP headers having a default limit of 1MB, the number of cookies that can be parsed does not have a limit. By sending a lot of very small cookies such as ""a=;"", an attacker can make an HTTP server allocate a large amount of structs, causing large memory consumption."
"qubership-monitoring-operator","trivy","docker.io/grafana/grafana:11.6.5","CVE-2025-58187","MEDIUM","stdlib","v1.24.6","1.24.9, 1.25.3","Due to the design of the name constraint checking algorithm, the processing time of some inputs scale non-linearly with respect to the size of the certificate. This affects programs which validate arbitrary certificate chains."
"qubership-monitoring-operator","trivy","docker.io/grafana/grafana:11.6.5","CVE-2025-58188","MEDIUM","stdlib","v1.24.6","1.24.8, 1.25.2","Validating certificate chains which contain DSA public keys can cause programs to panic, due to a interface cast that assumes they implement the Equal method. This affects programs which validate arbitrary certificate chains."
"qubership-monitoring-operator","trivy","docker.io/grafana/grafana:11.6.5","CVE-2025-58189","MEDIUM","stdlib","v1.24.6","1.24.8, 1.25.2","When Conn.Handshake fails during ALPN negotiation the error contains attacker controlled information (the ALPN protocols sent by the client) which is not escaped."
"qubership-monitoring-operator","trivy","docker.io/grafana/grafana:11.6.5","CVE-2025-61723","MEDIUM","stdlib","v1.24.6","1.24.8, 1.25.2","The processing time for parsing some invalid inputs scales non-linearly with respect to the size of the input. This affects programs which parse untrusted PEM inputs."
"qubership-monitoring-operator","trivy","docker.io/grafana/grafana:11.6.5","CVE-2025-61724","MEDIUM","stdlib","v1.24.6","1.24.8, 1.25.2","The Reader.ReadResponse function constructs a response string through repeated string concatenation of lines. When the number of lines in a response is large, this can cause excessive CPU consumption."
"qubership-monitoring-operator","trivy","docker.io/grafana/grafana:11.6.5","CVE-2025-61725","MEDIUM","stdlib","v1.24.6","1.24.8, 1.25.2","The ParseAddress function constructs domain-literal address components through repeated string concatenation. When parsing large domain-literal components, this can cause excessive CPU consumption."
"qubership-monitoring-operator","trivy","docker.io/grafana/grafana:11.6.5","CVE-2025-61727","MEDIUM","stdlib","v1.24.6","1.24.11, 1.25.5","An excluded subdomain constraint in a certificate chain does not restrict the usage of wildcard SANs in the leaf certificate. For example a constraint that excludes the subdomain test.example.com does not prevent a leaf certificate from claiming the SAN *.example.com."
"qubership-monitoring-operator","trivy","docker.io/grafana/grafana:11.6.5","CVE-2025-61726","UNKNOWN","stdlib","v1.24.6","1.24.12, 1.25.6","The net/url package does not set a limit on the number of query parameters in a query. While the maximum size of query parameters in URLs is generally limited by the maximum request header size, the net/http.Request.ParseForm method can parse large URL-encoded forms. Parsing a large form containing many unique query parameters can cause excessive memory consumption."
"qubership-monitoring-operator","trivy","docker.io/grafana/grafana:11.6.5","CVE-2025-61728","UNKNOWN","stdlib","v1.24.6","1.24.12, 1.25.6","archive/zip uses a super-linear file name indexing algorithm that is invoked the first time a file in an archive is opened. This can lead to a denial of service when consuming a maliciously constructed ZIP archive."
"qubership-monitoring-operator","trivy","docker.io/grafana/grafana:11.6.5","CVE-2025-61730","UNKNOWN","stdlib","v1.24.6","1.24.12, 1.25.6","During the TLS 1.3 handshake if multiple messages are sent in records that span encryption level boundaries (for instance the Client Hello and Encrypted Extensions messages), the subsequent messages may be processed before the encryption level changes. This can cause some minor information disclosure if a network-local attacker can inject messages during the handshake."
"qubership-monitoring-operator","trivy","docker.io/grafana/grafana:11.6.5","CVE-2018-15727","CRITICAL","github.com/grafana/grafana","v0.0.0-20250808195315-7d067d343a36+dirty","4.6.4, 5.2.3","Grafana 2.x, 3.x, and 4.x before 4.6.4 and 5.x before 5.2.3 allows authentication bypass because an attacker can generate a valid ""remember me"" cookie knowing only a username of an LDAP or OAuth user."
"qubership-monitoring-operator","trivy","docker.io/grafana/grafana:11.6.5","CVE-2023-3128","CRITICAL","github.com/grafana/grafana","v0.0.0-20250808195315-7d067d343a36+dirty","9.4.13, 9.3.16, 9.2.20, 8.5.27","Grafana is validating Azure AD accounts based on the email claim.   On Azure AD, the profile email field is not unique and can be easily modified.   This leads to account takeover and authentication bypass when Azure AD OAuth is configured with a multi-tenant app."
"qubership-monitoring-operator","trivy","docker.io/grafana/grafana:11.6.5","CVE-2020-12458","HIGH","github.com/grafana/grafana","v0.0.0-20250808195315-7d067d343a36+dirty","7.2.1","An information-disclosure flaw was found in Grafana through 6.7.3. The database directory /var/lib/grafana and database file /var/lib/grafana/grafana.db are world readable. This can result in exposure of sensitive information (e.g., cleartext or encrypted datasource passwords)."
"qubership-monitoring-operator","trivy","docker.io/grafana/grafana:11.6.5","CVE-2021-39226","HIGH","github.com/grafana/grafana","v0.0.0-20250808195315-7d067d343a36+dirty","7.5.11, 8.1.6","Grafana is an open source data visualization platform. In affected versions unauthenticated and authenticated users are able to view the snapshot with the lowest database key by accessing the literal paths: /dashboard/snapshot/:key, or /api/snapshots/:key. If the snapshot ""public_mode"" configuration setting is set to true (vs default of false), unauthenticated users are able to delete the snapshot with the lowest database key by accessing the literal path: /api/snapshots-delete/:deleteKey. Regardless of the snapshot ""public_mode"" setting, authenticated users are able to delete the snapshot with the lowest database key by accessing the literal paths: /api/snapshots/:key, or /api/snapshots-delete/:deleteKey. The combination of deletion and viewing enables a complete walk through all snapshot data while resulting in complete snapshot data loss. This issue has been resolved in versions 8.1.6 and 7.5.11. If for some reason you cannot upgrade you can use a reverse proxy or similar to block access to the literal paths: /api/snapshots/:key, /api/snapshots-delete/:deleteKey, /dashboard/snapshot/:key, and /api/snapshots/:key. They have no normal function and can be disabled without side effects."
"qubership-monitoring-operator","trivy","docker.io/grafana/grafana:11.6.5","CVE-2022-35957","HIGH","github.com/grafana/grafana","v0.0.0-20250808195315-7d067d343a36+dirty","9.1.6, 9.0.9, 8.5.13","Grafana is an open-source platform for monitoring and observability. Versions prior to 9.1.6 and 8.5.13 are vulnerable to an escalation from admin to server admin when auth proxy is used, allowing an admin to take over the server admin account and gain full control of the grafana instance. All installations should be upgraded as soon as possible. As a workaround deactivate auth proxy following the instructions at: https://grafana.com/docs/grafana/latest/setup-grafana/configure-security/configure-authentication/auth-proxy/"
"qubership-monitoring-operator","trivy","docker.io/grafana/grafana:11.6.5","CVE-2022-39307","HIGH","github.com/grafana/grafana","v0.0.0-20250808195315-7d067d343a36+dirty","9.2.4, 8.5.15","Grafana is an open-source platform for monitoring and observability. When using the forget password on the login page, a POST request is made to the `/api/user/password/sent-reset-email` URL. When the username or email does not exist, a JSON response contains a “user not found” message. This leaks information to unauthenticated users and introduces a security risk. This issue has been patched in 9.2.4 and backported to 8.5.15. There are no known workarounds."
"qubership-monitoring-operator","trivy","docker.io/grafana/grafana:11.6.5","CVE-2023-2801","HIGH","github.com/grafana/grafana","v0.0.0-20250808195315-7d067d343a36+dirty","9.4.12, 9.5.3","Grafana is an open-source platform for monitoring and observability.   Using public dashboards users can query multiple distinct data sources using mixed queries. However such query has a possibility of crashing a Grafana instance.  The only feature that uses mixed queries at the moment is public dashboards, but it's also possible to cause this by calling the query API directly.  This might enable malicious users to crash Grafana instances through that endpoint.  Users may upgrade to version 9.4.12 and 9.5.3 to receive a fix."
"qubership-monitoring-operator","trivy","docker.io/grafana/grafana:11.6.5","CVE-2025-6023","HIGH","github.com/grafana/grafana","v0.0.0-20250808195315-7d067d343a36+dirty","1.9.2-0.20250521205822-0ba0b99665a9","An open redirect vulnerability has been identified in Grafana OSS that can be exploited to achieve XSS attacks. The vulnerability was introduced in Grafana v11.5.0.  The open redirect can be chained with path traversal vulnerabilities to achieve XSS.  Fixed in versions 12.0.2+security-01, 11.6.3+security-01, 11.5.6+security-01, 11.4.6+security-01 and 11.3.8+security-01"
"qubership-monitoring-operator","trivy","docker.io/grafana/grafana:11.6.5","CVE-2018-1000816","MEDIUM","github.com/grafana/grafana","v0.0.0-20250808195315-7d067d343a36+dirty","5.3.2","Grafana version confirmed for 5.2.4 and 5.3.0 contains a Cross Site Scripting (XSS) vulnerability in Influxdb and Graphite query editor that can result in Running arbitrary js code in victims browser.. This attack appear to be exploitable via Authenticated user must click on the input field where the payload was previously inserted.."
"qubership-monitoring-operator","trivy","docker.io/grafana/grafana:11.6.5","CVE-2018-12099","MEDIUM","github.com/grafana/grafana","v0.0.0-20250808195315-7d067d343a36+dirty","5.2.0-beta1","Grafana before 5.2.0-beta1 has XSS vulnerabilities in dashboard links."
"qubership-monitoring-operator","trivy","docker.io/grafana/grafana:11.6.5","CVE-2018-18623","MEDIUM","github.com/grafana/grafana","v0.0.0-20250808195315-7d067d343a36+dirty","6.0.0-beta1","Grafana 5.3.1 has XSS via the ""Dashboard > Text Panel"" screen. NOTE: this issue exists because of an incomplete fix for CVE-2018-12099."
"qubership-monitoring-operator","trivy","docker.io/grafana/grafana:11.6.5","CVE-2018-18624","MEDIUM","github.com/grafana/grafana","v0.0.0-20250808195315-7d067d343a36+dirty","7.0.0","Grafana 5.3.1 has XSS via a column style on the ""Dashboard > Table Panel"" screen. NOTE: this issue exists because of an incomplete fix for CVE-2018-12099."
"qubership-monitoring-operator","trivy","docker.io/grafana/grafana:11.6.5","CVE-2018-18625","MEDIUM","github.com/grafana/grafana","v0.0.0-20250808195315-7d067d343a36+dirty","6.0.0-beta1","Grafana 5.3.1 has XSS via a link on the ""Dashboard > All Panels > General"" screen. NOTE: this issue exists because of an incomplete fix for CVE-2018-12099."
"qubership-monitoring-operator","trivy","docker.io/grafana/grafana:11.6.5","CVE-2019-13068","MEDIUM","github.com/grafana/grafana","v0.0.0-20250808195315-7d067d343a36+dirty","6.2.5","public/app/features/panel/panel_ctrl.ts in Grafana before 6.2.5 allows HTML Injection in panel drilldown links (via the Title or url field)."
"qubership-monitoring-operator","trivy","docker.io/grafana/grafana:11.6.5","CVE-2019-19499","MEDIUM","github.com/grafana/grafana","v0.0.0-20250808195315-7d067d343a36+dirty","6.4.4","Grafana <= 6.4.3 has an Arbitrary File Read vulnerability, which could be exploited by an authenticated attacker that has privileges to modify the data source configurations."
"qubership-monitoring-operator","trivy","docker.io/grafana/grafana:11.6.5","CVE-2020-11110","MEDIUM","github.com/grafana/grafana","v0.0.0-20250808195315-7d067d343a36+dirty","6.7.2","Grafana through 6.7.1 allows stored XSS due to insufficient input protection in the originalUrl field, which allows an attacker to inject JavaScript code that will be executed after clicking on Open Original Dashboard after visiting the snapshot."
"qubership-monitoring-operator","trivy","docker.io/grafana/grafana:11.6.5","CVE-2020-12245","MEDIUM","github.com/grafana/grafana","v0.0.0-20250808195315-7d067d343a36+dirty","6.7.3","Grafana before 6.7.3 allows table-panel XSS via column.title or cellLinkTooltip."
"qubership-monitoring-operator","trivy","docker.io/grafana/grafana:11.6.5","CVE-2020-13430","MEDIUM","github.com/grafana/grafana","v0.0.0-20250808195315-7d067d343a36+dirty","7.0.0","Grafana before 7.0.0 allows tag value XSS via the OpenTSDB datasource."
"qubership-monitoring-operator","trivy","docker.io/grafana/grafana:11.6.5","CVE-2020-24303","MEDIUM","github.com/grafana/grafana","v0.0.0-20250808195315-7d067d343a36+dirty","7.1.0-beta1","Grafana before 7.1.0-beta 1 allows XSS via a query alias for the ElasticSearch datasource."
"qubership-monitoring-operator","trivy","docker.io/grafana/grafana:11.6.5","CVE-2022-39229","MEDIUM","github.com/grafana/grafana","v0.0.0-20250808195315-7d067d343a36+dirty","8.5.14, 9.1.8","Grafana is an open source data visualization platform for metrics, logs, and traces. Versions prior to 9.1.8 and 8.5.14 allow one user to block another user's login attempt by registering someone else'e email address as a username. A Grafana user’s username and email address are unique fields, that means no other user can have the same username or email address as another user. A user can have an email address as a username. However, the login system allows users to log in with either username or email address. Since Grafana allows a user to log in with either their username or email address, this creates an usual behavior where `user_1` can register with one email address and `user_2` can register their username as `user_1`’s email address. This prevents `user_1` logging into the application since `user_1`'s password won’t match with `user_2`'s email address. Versions 9.1.8 and 8.5.14 contain a patch. There are no workarounds for this issue."
"qubership-monitoring-operator","trivy","docker.io/grafana/grafana:11.6.5","CVE-2022-39324","MEDIUM","github.com/grafana/grafana","v0.0.0-20250808195315-7d067d343a36+dirty","9.2.8, 8.5.16","Grafana is an open-source platform for monitoring and observability. Prior to versions 8.5.16 and 9.2.8, malicious user can create a snapshot and arbitrarily choose the `originalUrl` parameter by editing the query, thanks to a web proxy. When another user opens the URL of the snapshot, they will be presented with the regular web interface delivered by the trusted Grafana server. The `Open original dashboard` button no longer points to the to the real original dashboard but to the attacker’s injected URL. This issue is fixed in versions 8.5.16 and 9.2.8."
"qubership-monitoring-operator","trivy","docker.io/grafana/grafana:11.6.5","CVE-2023-2183","MEDIUM","github.com/grafana/grafana","v0.0.0-20250808195315-7d067d343a36+dirty","8.5.26, 9.2.19, 9.3.15, 9.4.12, 9.5.3","Grafana is an open-source platform for monitoring and observability.   The option to send a test alert is not available from the user panel UI for users having the Viewer role. It is still possible for a user with the Viewer role to send a test alert using the API as the API does not check access to this function.  This might enable malicious users to abuse the functionality by sending multiple alert messages to e-mail and Slack, spamming users, prepare Phishing attack or block SMTP server.  Users may upgrade to version 9.5.3, 9.4.12, 9.3.15, 9.2.19 and 8.5.26 to receive a fix."
"qubership-monitoring-operator","trivy","docker.io/grafana/grafana:11.6.5","CVE-2023-4822","MEDIUM","github.com/grafana/grafana","v0.0.0-20250808195315-7d067d343a36+dirty","","Grafana is an open-source platform for monitoring and observability. The vulnerability impacts Grafana instances with several organizations, and allows a user with Organization Admin permissions in one organization to change the permissions associated with Organization Viewer, Organization Editor and Organization Admin roles in all organizations.  It also allows an Organization Admin to assign or revoke any permissions that they have to any user globally.  This means that any Organization Admin can elevate their own permissions in any organization that they are already a member of, or elevate or restrict the permissions of any other user.  The vulnerability does not allow a user to become a member of an organization that they are not already a member of, or to add any other users to an organization that the current user is not a member of."
"qubership-monitoring-operator","trivy","docker.io/grafana/grafana:11.6.5","CVE-2025-3415","MEDIUM","github.com/grafana/grafana","v0.0.0-20250808195315-7d067d343a36+dirty","1.9.2-0.20250514160932-04111e9f2afd","Grafana is an open-source platform for monitoring and observability. The Grafana Alerting DingDing integration was not properly protected and could be exposed to users with Viewer permission.  Fixed in versions 10.4.19+security-01, 11.2.10+security-01, 11.3.7+security-01, 11.4.5+security-01, 11.5.5+security-01, 11.6.2+security-01 and 12.0.1+security-01"
"qubership-monitoring-operator","trivy","docker.io/grafana/grafana:11.6.5","CVE-2024-10452","LOW","github.com/grafana/grafana","v0.0.0-20250808195315-7d067d343a36+dirty","","Organization admins can delete pending invites created in an organization they are not part of."
"qubership-monitoring-operator","trivy","docker.io/grafana/grafana:11.6.5","CVE-2025-58183","HIGH","stdlib","v1.24.6","1.24.8, 1.25.2","tar.Reader does not set a maximum size on the number of sparse region data blocks in GNU tar pax 1.0 sparse files. A maliciously-crafted archive containing a large number of sparse regions can cause a Reader to read an unbounded amount of data from the archive into memory. When reading from a compressed source, a small compressed input can result in large allocations."
"qubership-monitoring-operator","trivy","docker.io/grafana/grafana:11.6.5","CVE-2025-61729","HIGH","stdlib","v1.24.6","1.24.11, 1.25.5","Within HostnameError.Error(), when constructing an error string, there is no limit to the number of hosts that will be printed out. Furthermore, the error string is constructed by repeated string concatenation, leading to quadratic runtime. Therefore, a certificate provided by a malicious actor can result in excessive resource consumption."
"qubership-monitoring-operator","trivy","docker.io/grafana/grafana:11.6.5","CVE-2025-47912","MEDIUM","stdlib","v1.24.6","1.24.8, 1.25.2","The Parse function permits values other than IPv6 addresses to be included in square brackets within the host component of a URL. RFC 3986 permits IPv6 addresses to be included within the host component, enclosed within square brackets. For example: ""http://[::1]/"". IPv4 addresses and hostnames must not appear within square brackets. Parse did not enforce this requirement."
"qubership-monitoring-operator","trivy","docker.io/grafana/grafana:11.6.5","CVE-2025-58185","MEDIUM","stdlib","v1.24.6","1.24.8, 1.25.2","Parsing a maliciously crafted DER payload could allocate large amounts of memory, causing memory exhaustion."
"qubership-monitoring-operator","trivy","docker.io/grafana/grafana:11.6.5","CVE-2025-58186","MEDIUM","stdlib","v1.24.6","1.24.8, 1.25.2","Despite HTTP headers having a default limit of 1MB, the number of cookies that can be parsed does not have a limit. By sending a lot of very small cookies such as ""a=;"", an attacker can make an HTTP server allocate a large amount of structs, causing large memory consumption."
"qubership-monitoring-operator","trivy","docker.io/grafana/grafana:11.6.5","CVE-2025-58187","MEDIUM","stdlib","v1.24.6","1.24.9, 1.25.3","Due to the design of the name constraint checking algorithm, the processing time of some inputs scale non-linearly with respect to the size of the certificate. This affects programs which validate arbitrary certificate chains."
"qubership-monitoring-operator","trivy","docker.io/grafana/grafana:11.6.5","CVE-2025-58188","MEDIUM","stdlib","v1.24.6","1.24.8, 1.25.2","Validating certificate chains which contain DSA public keys can cause programs to panic, due to a interface cast that assumes they implement the Equal method. This affects programs which validate arbitrary certificate chains."
"qubership-monitoring-operator","trivy","docker.io/grafana/grafana:11.6.5","CVE-2025-58189","MEDIUM","stdlib","v1.24.6","1.24.8, 1.25.2","When Conn.Handshake fails during ALPN negotiation the error contains attacker controlled information (the ALPN protocols sent by the client) which is not escaped."
"qubership-monitoring-operator","trivy","docker.io/grafana/grafana:11.6.5","CVE-2025-61723","MEDIUM","stdlib","v1.24.6","1.24.8, 1.25.2","The processing time for parsing some invalid inputs scales non-linearly with respect to the size of the input. This affects programs which parse untrusted PEM inputs."
"qubership-monitoring-operator","trivy","docker.io/grafana/grafana:11.6.5","CVE-2025-61724","MEDIUM","stdlib","v1.24.6","1.24.8, 1.25.2","The Reader.ReadResponse function constructs a response string through repeated string concatenation of lines. When the number of lines in a response is large, this can cause excessive CPU consumption."
"qubership-monitoring-operator","trivy","docker.io/grafana/grafana:11.6.5","CVE-2025-61725","MEDIUM","stdlib","v1.24.6","1.24.8, 1.25.2","The ParseAddress function constructs domain-literal address components through repeated string concatenation. When parsing large domain-literal components, this can cause excessive CPU consumption."
"qubership-monitoring-operator","trivy","docker.io/grafana/grafana:11.6.5","CVE-2025-61727","MEDIUM","stdlib","v1.24.6","1.24.11, 1.25.5","An excluded subdomain constraint in a certificate chain does not restrict the usage of wildcard SANs in the leaf certificate. For example a constraint that excludes the subdomain test.example.com does not prevent a leaf certificate from claiming the SAN *.example.com."
"qubership-monitoring-operator","trivy","docker.io/grafana/grafana:11.6.5","CVE-2025-61726","UNKNOWN","stdlib","v1.24.6","1.24.12, 1.25.6","The net/url package does not set a limit on the number of query parameters in a query. While the maximum size of query parameters in URLs is generally limited by the maximum request header size, the net/http.Request.ParseForm method can parse large URL-encoded forms. Parsing a large form containing many unique query parameters can cause excessive memory consumption."
"qubership-monitoring-operator","trivy","docker.io/grafana/grafana:11.6.5","CVE-2025-61728","UNKNOWN","stdlib","v1.24.6","1.24.12, 1.25.6","archive/zip uses a super-linear file name indexing algorithm that is invoked the first time a file in an archive is opened. This can lead to a denial of service when consuming a maliciously constructed ZIP archive."
"qubership-monitoring-operator","trivy","docker.io/grafana/grafana:11.6.5","CVE-2025-61730","UNKNOWN","stdlib","v1.24.6","1.24.12, 1.25.6","During the TLS 1.3 handshake if multiple messages are sent in records that span encryption level boundaries (for instance the Client Hello and Encrypted Extensions messages), the subsequent messages may be processed before the encryption level changes. This can cause some minor information disclosure if a network-local attacker can inject messages during the handshake."
"qubership-monitoring-operator","trivy","docker.io/grafana/grafana-image-renderer:3.12.9","CVE-2024-52615","MEDIUM","avahi-libs","0.8-r20","0.8-r21","A flaw was found in Avahi-daemon, which relies on fixed source ports for wide-area DNS queries. This issue simplifies attacks where malicious DNS responses are injected."
"qubership-monitoring-operator","trivy","docker.io/grafana/grafana-image-renderer:3.12.9","CVE-2024-52616","MEDIUM","avahi-libs","0.8-r20","0.8-r21","A flaw was found in the Avahi-daemon, where it initializes DNS transaction IDs randomly only once at startup, incrementing them sequentially after that. This predictable behavior facilitates DNS spoofing attacks, allowing attackers to guess transaction IDs."
"qubership-monitoring-operator","trivy","docker.io/grafana/grafana-image-renderer:3.12.9","CVE-2024-58251","MEDIUM","busybox","1.37.0-r18","1.37.0-r20","In netstat in BusyBox through 1.37.0, local users can launch of network application with an argv[0] containing an ANSI terminal escape sequence, leading to a denial of service (terminal locked up) when netstat is used by a victim."
"qubership-monitoring-operator","trivy","docker.io/grafana/grafana-image-renderer:3.12.9","CVE-2025-46394","LOW","busybox","1.37.0-r18","1.37.0-r20","In tar in BusyBox through 1.37.0, a TAR archive can have filenames hidden from a listing through the use of terminal escape sequences."
"qubership-monitoring-operator","trivy","docker.io/grafana/grafana-image-renderer:3.12.9","CVE-2024-58251","MEDIUM","busybox-binsh","1.37.0-r18","1.37.0-r20","In netstat in BusyBox through 1.37.0, local users can launch of network application with an argv[0] containing an ANSI terminal escape sequence, leading to a denial of service (terminal locked up) when netstat is used by a victim."
"qubership-monitoring-operator","trivy","docker.io/grafana/grafana-image-renderer:3.12.9","CVE-2025-46394","LOW","busybox-binsh","1.37.0-r18","1.37.0-r20","In tar in BusyBox through 1.37.0, a TAR archive can have filenames hidden from a listing through the use of terminal escape sequences."
"qubership-monitoring-operator","trivy","docker.io/grafana/grafana-image-renderer:3.12.9","CVE-2025-57052","HIGH","cjson","1.7.18-r1","1.7.19-r0","cJSON 1.5.0 through 1.7.18 allows out-of-bounds access via the decode_array_index_from_pointer function in cJSON_Utils.c, allowing remote attackers to bypass array bounds checking and access restricted data via malformed JSON pointer strings containing alphanumeric characters."
"qubership-monitoring-operator","trivy","docker.io/grafana/grafana-image-renderer:3.12.9","CVE-2025-58060","HIGH","cups-libs","2.4.11-r0","2.4.16-r0","OpenPrinting CUPS is an open source printing system for Linux and other Unix-like operating systems. In versions 2.4.12 and earlier, when the `AuthType` is set to anything but `Basic`, if the request contains an `Authorization: Basic ...` header, the password is not checked. This results in authentication bypass. Any configuration that allows an `AuthType` that is not `Basic` is affected. Version 2.4.13 fixes the issue."
"qubership-monitoring-operator","trivy","docker.io/grafana/grafana-image-renderer:3.12.9","CVE-2025-58364","MEDIUM","cups-libs","2.4.11-r0","2.4.16-r0","OpenPrinting CUPS is an open source printing system for Linux and other Unix-like operating systems. In versions 2.4.12 and earlier, an unsafe deserialization and validation of printer attributes causes null dereference in the libcups library. This is a remote DoS vulnerability available in local subnet in default configurations. It can cause the cups & cups-browsed to crash, on all the machines in local network who are listening for printers (so by default for all regular linux machines). On systems where the vulnerability CVE-2024-47176 (cups-filters 1.x/cups-browsed 2.x vulnerability) was not fixed, and the firewall on the machine does not reject incoming communication to IPP port, and the machine is set to be available to public internet, attack vector ""Network"" is possible. The current versions of CUPS and cups-browsed projects have the attack vector ""Adjacent"" in their default configurations. Version 2.4.13 contains a patch for CVE-2025-58364."
"qubership-monitoring-operator","trivy","docker.io/grafana/grafana-image-renderer:3.12.9","CVE-2025-58436","MEDIUM","cups-libs","2.4.11-r0","2.4.16-r0","OpenPrinting CUPS is an open source printing system for Linux and other Unix-like operating systems. Prior to version 2.4.15, a client that connects to cupsd but sends slow messages, e.g. only one byte per second, delays cupsd as a whole, such that it becomes unusable by other clients. This issue has been patched in version 2.4.15."
"qubership-monitoring-operator","trivy","docker.io/grafana/grafana-image-renderer:3.12.9","CVE-2025-61915","MEDIUM","cups-libs","2.4.11-r0","2.4.16-r0","OpenPrinting CUPS is an open source printing system for Linux and other Unix-like operating systems. Prior to version 2.4.15, a user in the lpadmin group can use the cups web ui to change the config and insert a malicious line. Then the cupsd process which runs as root will parse the new config and cause an out-of-bound write. This issue has been patched in version 2.4.15."
"qubership-monitoring-operator","trivy","docker.io/grafana/grafana-image-renderer:3.12.9","CVE-2025-5222","HIGH","icu-data-full","76.1-r0","76.1-r1","A stack buffer overflow was found in Internationl components for unicode (ICU ). While running the genrb binary, the 'subtag' struct overflowed at the SRBRoot::addTag function. This issue may lead to memory corruption and local arbitrary code execution."
"qubership-monitoring-operator","trivy","docker.io/grafana/grafana-image-renderer:3.12.9","CVE-2025-15467","CRITICAL","libcrypto3","3.5.0-r0","3.5.5-r0","Issue summary: Parsing CMS AuthEnvelopedData message with maliciously crafted AEAD parameters can trigger a stack buffer overflow.  Impact summary: A stack buffer overflow may lead to a crash, causing Denial of Service, or potentially remote code execution.  When parsing CMS AuthEnvelopedData structures that use AEAD ciphers such as AES-GCM, the IV (Initialization Vector) encoded in the ASN.1 parameters is copied into a fixed-size stack buffer without verifying that its length fits the destination. An attacker can supply a crafted CMS message with an oversized IV, causing a stack-based out-of-bounds write before any authentication or tag verification occurs.  Applications and services that parse untrusted CMS or PKCS#7 content using AEAD ciphers (e.g., S/MIME AuthEnvelopedData with AES-GCM) are vulnerable. Because the overflow occurs prior to authentication, no valid key material is required to trigger it. While exploitability to remote code execution depends on platform and toolchain mitigations, the stack-based write primitive represents a severe risk.  The FIPS modules in 3.6, 3.5, 3.4, 3.3 and 3.0 are not affected by this issue, as the CMS implementation is outside the OpenSSL FIPS module boundary.  OpenSSL 3.6, 3.5, 3.4, 3.3 and 3.0 are vulnerable to this issue.  OpenSSL 1.1.1 and 1.0.2 are not affected by this issue."
"qubership-monitoring-operator","trivy","docker.io/grafana/grafana-image-renderer:3.12.9","CVE-2025-69419","HIGH","libcrypto3","3.5.0-r0","3.5.5-r0","Issue summary: Calling PKCS12_get_friendlyname() function on a maliciously crafted PKCS#12 file with a BMPString (UTF-16BE) friendly name containing non-ASCII BMP code point can trigger a one byte write before the allocated buffer.  Impact summary: The out-of-bounds write can cause a memory corruption which can have various consequences including a Denial of Service.  The OPENSSL_uni2utf8() function performs a two-pass conversion of a PKCS#12 BMPString (UTF-16BE) to UTF-8. In the second pass, when emitting UTF-8 bytes, the helper function bmp_to_utf8() incorrectly forwards the remaining UTF-16 source byte count as the destination buffer capacity to UTF8_putc(). For BMP code points above U+07FF, UTF-8 requires three bytes, but the forwarded capacity can be just two bytes. UTF8_putc() then returns -1, and this negative value is added to the output length without validation, causing the length to become negative. The subsequent trailing NUL byte is then written at a negative offset, causing write outside of heap allocated buffer.  The vulnerability is reachable via the public PKCS12_get_friendlyname() API when parsing attacker-controlled PKCS#12 files. While PKCS12_parse() uses a different code path that avoids this issue, PKCS12_get_friendlyname() directly invokes the vulnerable function. Exploitation requires an attacker to provide a malicious PKCS#12 file to be parsed by the application and the attacker can just trigger a one zero byte write before the allocated buffer. For that reason the issue was assessed as Low severity according to our Security Policy.  The FIPS modules in 3.6, 3.5, 3.4, 3.3 and 3.0 are not affected by this issue, as the PKCS#12 implementation is outside the OpenSSL FIPS module boundary.  OpenSSL 3.6, 3.5, 3.4, 3.3, 3.0 and 1.1.1 are vulnerable to this issue.  OpenSSL 1.0.2 is not affected by this issue."
"qubership-monitoring-operator","trivy","docker.io/grafana/grafana-image-renderer:3.12.9","CVE-2025-11187","MEDIUM","libcrypto3","3.5.0-r0","3.5.5-r0","Issue summary: PBMAC1 parameters in PKCS#12 files are missing validation which can trigger a stack-based buffer overflow, invalid pointer or NULL pointer dereference during MAC verification.  Impact summary: The stack buffer overflow or NULL pointer dereference may cause a crash leading to Denial of Service for an application that parses untrusted PKCS#12 files. The buffer overflow may also potentially enable code execution depending on platform mitigations.  When verifying a PKCS#12 file that uses PBMAC1 for the MAC, the PBKDF2 salt and keylength parameters from the file are used without validation. If the value of keylength exceeds the size of the fixed stack buffer used for the derived key (64 bytes), the key derivation will overflow the buffer. The overflow length is attacker-controlled. Also, if the salt parameter is not an OCTET STRING type this can lead to invalid or NULL pointer dereference.  Exploiting this issue requires a user or application to process a maliciously crafted PKCS#12 file. It is uncommon to accept untrusted PKCS#12 files in applications as they are usually used to store private keys which are trusted by definition. For this reason the issue was assessed as Moderate severity.  The FIPS modules in 3.6, 3.5 and 3.4 are not affected by this issue, as PKCS#12 processing is outside the OpenSSL FIPS module boundary.  OpenSSL 3.6, 3.5 and 3.4 are vulnerable to this issue.  OpenSSL 3.3, 3.0, 1.1.1 and 1.0.2 are not affected by this issue as they do not support PBMAC1 in PKCS#12."
"qubership-monitoring-operator","trivy","docker.io/grafana/grafana-image-renderer:3.12.9","CVE-2025-15468","MEDIUM","libcrypto3","3.5.0-r0","3.5.5-r0","Issue summary: If an application using the SSL_CIPHER_find() function in a QUIC protocol client or server receives an unknown cipher suite from the peer, a NULL dereference occurs.  Impact summary: A NULL pointer dereference leads to abnormal termination of the running process causing Denial of Service.  Some applications call SSL_CIPHER_find() from the client_hello_cb callback on the cipher ID received from the peer. If this is done with an SSL object implementing the QUIC protocol, NULL pointer dereference will happen if the examined cipher ID is unknown or unsupported.  As it is not very common to call this function in applications using the QUIC  protocol and the worst outcome is Denial of Service, the issue was assessed as Low severity.  The vulnerable code was introduced in the 3.2 version with the addition of the QUIC protocol support.  The FIPS modules in 3.6, 3.5, 3.4 and 3.3 are not affected by this issue, as the QUIC implementation is outside the OpenSSL FIPS module boundary.  OpenSSL 3.6, 3.5, 3.4 and 3.3 are vulnerable to this issue.  OpenSSL 3.0, 1.1.1 and 1.0.2 are not affected by this issue."
"qubership-monitoring-operator","trivy","docker.io/grafana/grafana-image-renderer:3.12.9","CVE-2025-15469","MEDIUM","libcrypto3","3.5.0-r0","3.5.5-r0","Issue summary: The 'openssl dgst' command-line tool silently truncates input data to 16MB when using one-shot signing algorithms and reports success instead of an error.  Impact summary: A user signing or verifying files larger than 16MB with one-shot algorithms (such as Ed25519, Ed448, or ML-DSA) may believe the entire file is authenticated while trailing data beyond 16MB remains unauthenticated.  When the 'openssl dgst' command is used with algorithms that only support one-shot signing (Ed25519, Ed448, ML-DSA-44, ML-DSA-65, ML-DSA-87), the input is buffered with a 16MB limit. If the input exceeds this limit, the tool silently truncates to the first 16MB and continues without signaling an error, contrary to what the documentation states. This creates an integrity gap where trailing bytes can be modified without detection if both signing and verification are performed using the same affected codepath.  The issue affects only the command-line tool behavior. Verifiers that process the full message using library APIs will reject the signature, so the risk primarily affects workflows that both sign and verify with the affected 'openssl dgst' command. Streaming digest algorithms for 'openssl dgst' and library users are unaffected.  The FIPS modules in 3.5 and 3.6 are not affected by this issue, as the command-line tools are outside the OpenSSL FIPS module boundary.  OpenSSL 3.5 and 3.6 are vulnerable to this issue.  OpenSSL 3.4, 3.3, 3.0, 1.1.1 and 1.0.2 are not affected by this issue."
"qubership-monitoring-operator","trivy","docker.io/grafana/grafana-image-renderer:3.12.9","CVE-2025-66199","MEDIUM","libcrypto3","3.5.0-r0","3.5.5-r0","Issue summary: A TLS 1.3 connection using certificate compression can be forced to allocate a large buffer before decompression without checking against the configured certificate size limit.  Impact summary: An attacker can cause per-connection memory allocations of up to approximately 22 MiB and extra CPU work, potentially leading to service degradation or resource exhaustion (Denial of Service).  In affected configurations, the peer-supplied uncompressed certificate length from a CompressedCertificate message is used to grow a heap buffer prior to decompression. This length is not bounded by the max_cert_list setting, which otherwise constrains certificate message sizes. An attacker can exploit this to cause large per-connection allocations followed by handshake failure. No memory corruption or information disclosure occurs.  This issue only affects builds where TLS 1.3 certificate compression is compiled in (i.e., not OPENSSL_NO_COMP_ALG) and at least one compression algorithm (brotli, zlib, or zstd) is available, and where the compression extension is negotiated. Both clients receiving a server CompressedCertificate and servers in mutual TLS scenarios receiving a client CompressedCertificate are affected. Servers that do not request client certificates are not vulnerable to client-initiated attacks.  Users can mitigate this issue by setting SSL_OP_NO_RX_CERTIFICATE_COMPRESSION to disable receiving compressed certificates.  The FIPS modules in 3.6, 3.5, 3.4 and 3.3 are not affected by this issue, as the TLS implementation is outside the OpenSSL FIPS module boundary.  OpenSSL 3.6, 3.5, 3.4 and 3.3 are vulnerable to this issue.  OpenSSL 3.0, 1.1.1 and 1.0.2 are not affected by this issue."
"qubership-monitoring-operator","trivy","docker.io/grafana/grafana-image-renderer:3.12.9","CVE-2025-68160","MEDIUM","libcrypto3","3.5.0-r0","3.5.5-r0","Issue summary: Writing large, newline-free data into a BIO chain using the line-buffering filter where the next BIO performs short writes can trigger a heap-based out-of-bounds write.  Impact summary: This out-of-bounds write can cause memory corruption which typically results in a crash, leading to Denial of Service for an application.  The line-buffering BIO filter (BIO_f_linebuffer) is not used by default in TLS/SSL data paths. In OpenSSL command-line applications, it is typically only pushed onto stdout/stderr on VMS systems. Third-party applications that explicitly use this filter with a BIO chain that can short-write and that write large, newline-free data influenced by an attacker would be affected. However, the circumstances where this could happen are unlikely to be under attacker control, and BIO_f_linebuffer is unlikely to be handling non-curated data controlled by an attacker. For that reason the issue was assessed as Low severity.  The FIPS modules in 3.6, 3.5, 3.4, 3.3 and 3.0 are not affected by this issue, as the BIO implementation is outside the OpenSSL FIPS module boundary.  OpenSSL 3.6, 3.5, 3.4, 3.3, 3.0, 1.1.1 and 1.0.2 are vulnerable to this issue."
"qubership-monitoring-operator","trivy","docker.io/grafana/grafana-image-renderer:3.12.9","CVE-2025-69418","MEDIUM","libcrypto3","3.5.0-r0","3.5.5-r0","Issue summary: When using the low-level OCB API directly with AES-NI or<br>other hardware-accelerated code paths, inputs whose length is not a multiple<br>of 16 bytes can leave the final partial block unencrypted and unauthenticated.<br><br>Impact summary: The trailing 1-15 bytes of a message may be exposed in<br>cleartext on encryption and are not covered by the authentication tag,<br>allowing an attacker to read or tamper with those bytes without detection.<br><br>The low-level OCB encrypt and decrypt routines in the hardware-accelerated<br>stream path process full 16-byte blocks but do not advance the input/output<br>pointers. The subsequent tail-handling code then operates on the original<br>base pointers, effectively reprocessing the beginning of the buffer while<br>leaving the actual trailing bytes unprocessed. The authentication checksum<br>also excludes the true tail bytes.<br><br>However, typical OpenSSL consumers using EVP are not affected because the<br>higher-level EVP and provider OCB implementations split inputs so that full<br>blocks and trailing partial blocks are processed in separate calls, avoiding<br>the problematic code path. Additionally, TLS does not use OCB ciphersuites.<br>The vulnerability only affects applications that call the low-level<br>CRYPTO_ocb128_encrypt() or CRYPTO_ocb128_decrypt() functions directly with<br>non-block-aligned lengths in a single call on hardware-accelerated builds.<br>For these reasons the issue was assessed as Low severity.<br><br>The FIPS modules in 3.6, 3.5, 3.4, 3.3, 3.2, 3.1 and 3.0 are not affected<br>by this issue, as OCB mode is not a FIPS-approved algorithm.<br><br>OpenSSL 3.6, 3.5, 3.4, 3.3, 3.0 and 1.1.1 are vulnerable to this issue.<br><br>OpenSSL 1.0.2 is not affected by this issue."
"qubership-monitoring-operator","trivy","docker.io/grafana/grafana-image-renderer:3.12.9","CVE-2025-69420","MEDIUM","libcrypto3","3.5.0-r0","3.5.5-r0","Issue summary: A type confusion vulnerability exists in the TimeStamp Response verification code where an ASN1_TYPE union member is accessed without first validating the type, causing an invalid or NULL pointer dereference when processing a malformed TimeStamp Response file.  Impact summary: An application calling TS_RESP_verify_response() with a malformed TimeStamp Response can be caused to dereference an invalid or NULL pointer when reading, resulting in a Denial of Service.  The functions ossl_ess_get_signing_cert() and ossl_ess_get_signing_cert_v2() access the signing cert attribute value without validating its type. When the type is not V_ASN1_SEQUENCE, this results in accessing invalid memory through the ASN1_TYPE union, causing a crash.  Exploiting this vulnerability requires an attacker to provide a malformed TimeStamp Response to an application that verifies timestamp responses. The TimeStamp protocol (RFC 3161) is not widely used and the impact of the exploit is just a Denial of Service. For these reasons the issue was assessed as Low severity.  The FIPS modules in 3.5, 3.4, 3.3 and 3.0 are not affected by this issue, as the TimeStamp Response implementation is outside the OpenSSL FIPS module boundary.  OpenSSL 3.6, 3.5, 3.4, 3.3, 3.0 and 1.1.1 are vulnerable to this issue.  OpenSSL 1.0.2 is not affected by this issue."
"qubership-monitoring-operator","trivy","docker.io/grafana/grafana-image-renderer:3.12.9","CVE-2025-69421","MEDIUM","libcrypto3","3.5.0-r0","3.5.5-r0","Issue summary: Processing a malformed PKCS#12 file can trigger a NULL pointer dereference in the PKCS12_item_decrypt_d2i_ex() function.  Impact summary: A NULL pointer dereference can trigger a crash which leads to Denial of Service for an application processing PKCS#12 files.  The PKCS12_item_decrypt_d2i_ex() function does not check whether the oct parameter is NULL before dereferencing it. When called from PKCS12_unpack_p7encdata() with a malformed PKCS#12 file, this parameter can be NULL, causing a crash. The vulnerability is limited to Denial of Service and cannot be escalated to achieve code execution or memory disclosure.  Exploiting this issue requires an attacker to provide a malformed PKCS#12 file to an application that processes it. For that reason the issue was assessed as Low severity according to our Security Policy.  The FIPS modules in 3.6, 3.5, 3.4, 3.3 and 3.0 are not affected by this issue, as the PKCS#12 implementation is outside the OpenSSL FIPS module boundary.  OpenSSL 3.6, 3.5, 3.4, 3.3, 3.0, 1.1.1 and 1.0.2 are vulnerable to this issue."
"qubership-monitoring-operator","trivy","docker.io/grafana/grafana-image-renderer:3.12.9","CVE-2025-9230","MEDIUM","libcrypto3","3.5.0-r0","3.5.4-r0","Issue summary: An application trying to decrypt CMS messages encrypted using password based encryption can trigger an out-of-bounds read and write.  Impact summary: This out-of-bounds read may trigger a crash which leads to Denial of Service for an application. The out-of-bounds write can cause a memory corruption which can have various consequences including a Denial of Service or Execution of attacker-supplied code.  Although the consequences of a successful exploit of this vulnerability could be severe, the probability that the attacker would be able to perform it is low. Besides, password based (PWRI) encryption support in CMS messages is very rarely used. For that reason the issue was assessed as Moderate severity according to our Security Policy.  The FIPS modules in 3.5, 3.4, 3.3, 3.2, 3.1 and 3.0 are not affected by this issue, as the CMS implementation is outside the OpenSSL FIPS module boundary."
"qubership-monitoring-operator","trivy","docker.io/grafana/grafana-image-renderer:3.12.9","CVE-2025-9231","MEDIUM","libcrypto3","3.5.0-r0","3.5.4-r0","Issue summary: A timing side-channel which could potentially allow remote recovery of the private key exists in the SM2 algorithm implementation on 64 bit ARM platforms.  Impact summary: A timing side-channel in SM2 signature computations on 64 bit ARM platforms could allow recovering the private key by an attacker..  While remote key recovery over a network was not attempted by the reporter, timing measurements revealed a timing signal which may allow such an attack.  OpenSSL does not directly support certificates with SM2 keys in TLS, and so this CVE is not relevant in most TLS contexts.  However, given that it is possible to add support for such certificates via a custom provider, coupled with the fact that in such a custom provider context the private key may be recoverable via remote timing measurements, we consider this to be a Moderate severity issue.  The FIPS modules in 3.5, 3.4, 3.3, 3.2, 3.1 and 3.0 are not affected by this issue, as SM2 is not an approved algorithm."
"qubership-monitoring-operator","trivy","docker.io/grafana/grafana-image-renderer:3.12.9","CVE-2026-22795","MEDIUM","libcrypto3","3.5.0-r0","3.5.5-r0","Issue summary: An invalid or NULL pointer dereference can happen in an application processing a malformed PKCS#12 file.  Impact summary: An application processing a malformed PKCS#12 file can be caused to dereference an invalid or NULL pointer on memory read, resulting in a Denial of Service.  A type confusion vulnerability exists in PKCS#12 parsing code where an ASN1_TYPE union member is accessed without first validating the type, causing an invalid pointer read.  The location is constrained to a 1-byte address space, meaning any attempted pointer manipulation can only target addresses between 0x00 and 0xFF. This range corresponds to the zero page, which is unmapped on most modern operating systems and will reliably result in a crash, leading only to a Denial of Service. Exploiting this issue also requires a user or application to process a maliciously crafted PKCS#12 file. It is uncommon to accept untrusted PKCS#12 files in applications as they are usually used to store private keys which are trusted by definition. For these reasons, the issue was assessed as Low severity.  The FIPS modules in 3.5, 3.4, 3.3 and 3.0 are not affected by this issue, as the PKCS12 implementation is outside the OpenSSL FIPS module boundary.  OpenSSL 3.6, 3.5, 3.4, 3.3, 3.0 and 1.1.1 are vulnerable to this issue.  OpenSSL 1.0.2 is not affected by this issue."
"qubership-monitoring-operator","trivy","docker.io/grafana/grafana-image-renderer:3.12.9","CVE-2026-22796","MEDIUM","libcrypto3","3.5.0-r0","3.5.5-r0","Issue summary: A type confusion vulnerability exists in the signature verification of signed PKCS#7 data where an ASN1_TYPE union member is accessed without first validating the type, causing an invalid or NULL pointer dereference when processing malformed PKCS#7 data.  Impact summary: An application performing signature verification of PKCS#7 data or calling directly the PKCS7_digest_from_attributes() function can be caused to dereference an invalid or NULL pointer when reading, resulting in a Denial of Service.  The function PKCS7_digest_from_attributes() accesses the message digest attribute value without validating its type. When the type is not V_ASN1_OCTET_STRING, this results in accessing invalid memory through the ASN1_TYPE union, causing a crash.  Exploiting this vulnerability requires an attacker to provide a malformed signed PKCS#7 to an application that verifies it. The impact of the exploit is just a Denial of Service, the PKCS7 API is legacy and applications should be using the CMS API instead. For these reasons the issue was assessed as Low severity.  The FIPS modules in 3.5, 3.4, 3.3 and 3.0 are not affected by this issue, as the PKCS#7 parsing implementation is outside the OpenSSL FIPS module boundary.  OpenSSL 3.6, 3.5, 3.4, 3.3, 3.0, 1.1.1 and 1.0.2 are vulnerable to this issue."
"qubership-monitoring-operator","trivy","docker.io/grafana/grafana-image-renderer:3.12.9","CVE-2025-9232","LOW","libcrypto3","3.5.0-r0","3.5.4-r0","Issue summary: An application using the OpenSSL HTTP client API functions may trigger an out-of-bounds read if the 'no_proxy' environment variable is set and the host portion of the authority component of the HTTP URL is an IPv6 address.  Impact summary: An out-of-bounds read can trigger a crash which leads to Denial of Service for an application.  The OpenSSL HTTP client API functions can be used directly by applications but they are also used by the OCSP client functions and CMP (Certificate Management Protocol) client implementation in OpenSSL. However the URLs used by these implementations are unlikely to be controlled by an attacker.  In this vulnerable code the out of bounds read can only trigger a crash. Furthermore the vulnerability requires an attacker-controlled URL to be passed from an application to the OpenSSL function and the user has to have a 'no_proxy' environment variable set. For the aforementioned reasons the issue was assessed as Low severity.  The vulnerable code was introduced in the following patch releases: 3.0.16, 3.1.8, 3.2.4, 3.3.3, 3.4.0 and 3.5.0.  The FIPS modules in 3.5, 3.4, 3.3, 3.2, 3.1 and 3.0 are not affected by this issue, as the HTTP client implementation is outside the OpenSSL FIPS module boundary."
"qubership-monitoring-operator","trivy","docker.io/grafana/grafana-image-renderer:3.12.9","CVE-2025-4575","UNKNOWN","libcrypto3","3.5.0-r0","3.5.1-r0","Issue summary: Use of -addreject option with the openssl x509 application adds a trusted use instead of a rejected use for a certificate.  Impact summary: If a user intends to make a trusted certificate rejected for a particular use it will be instead marked as trusted for that use.  A copy & paste error during minor refactoring of the code introduced this issue in the OpenSSL 3.5 version. If, for example, a trusted CA certificate should be trusted only for the purpose of authenticating TLS servers but not for CMS signature verification and the CMS signature verification is intended to be marked as rejected with the -addreject option, the resulting CA certificate will be trusted for CMS signature verification purpose instead.  Only users which use the trusted certificate format who use the openssl x509 command line application to add rejected uses are affected by this issue. The issues affecting only the command line application are considered to be Low severity.  The FIPS modules in 3.5, 3.4, 3.3, 3.2, 3.1 and 3.0 are not affected by this issue.  OpenSSL 3.4, 3.3, 3.2, 3.1, 3.0, 1.1.1 and 1.0.2 are also not affected by this issue."
"qubership-monitoring-operator","trivy","docker.io/grafana/grafana-image-renderer:3.12.9","CVE-2025-59375","MEDIUM","libexpat","2.7.1-r0","2.7.2-r0","libexpat in Expat before 2.7.2 allows attackers to trigger large dynamic memory allocations via a small document that is submitted for parsing."
"qubership-monitoring-operator","trivy","docker.io/grafana/grafana-image-renderer:3.12.9","CVE-2025-64720","HIGH","libpng","1.6.47-r0","1.6.51-r0","LIBPNG is a reference library for use in applications that read, create, and manipulate PNG (Portable Network Graphics) raster image files. From version 1.6.0 to before 1.6.51, an out-of-bounds read vulnerability exists in png_image_read_composite when processing palette images with PNG_FLAG_OPTIMIZE_ALPHA enabled. The palette compositing code in png_init_read_transformations incorrectly applies background compositing during premultiplication, violating the invariant component ≤ alpha × 257 required by the simplified PNG API. This issue has been patched in version 1.6.51."
"qubership-monitoring-operator","trivy","docker.io/grafana/grafana-image-renderer:3.12.9","CVE-2025-65018","HIGH","libpng","1.6.47-r0","1.6.51-r0","LIBPNG is a reference library for use in applications that read, create, and manipulate PNG (Portable Network Graphics) raster image files. From version 1.6.0 to before 1.6.51, there is a heap buffer overflow vulnerability in the libpng simplified API function png_image_finish_read when processing 16-bit interlaced PNGs with 8-bit output format. Attacker-crafted interlaced PNG files cause heap writes beyond allocated buffer bounds. This issue has been patched in version 1.6.51."
"qubership-monitoring-operator","trivy","docker.io/grafana/grafana-image-renderer:3.12.9","CVE-2025-66293","HIGH","libpng","1.6.47-r0","1.6.53-r0","LIBPNG is a reference library for use in applications that read, create, and manipulate PNG (Portable Network Graphics) raster image files. Prior to 1.6.52, an out-of-bounds read vulnerability in libpng's simplified API allows reading up to 1012 bytes beyond the png_sRGB_base[512] array when processing valid palette PNG images with partial transparency and gamma correction. The PNG files that trigger this vulnerability are valid per the PNG specification; the bug is in libpng's internal state management. Upgrade to libpng 1.6.52 or later."
"qubership-monitoring-operator","trivy","docker.io/grafana/grafana-image-renderer:3.12.9","CVE-2026-22695","HIGH","libpng","1.6.47-r0","1.6.54-r0","LIBPNG is a reference library for use in applications that read, create, and manipulate PNG (Portable Network Graphics) raster image files. From 1.6.51 to 1.6.53, there is a heap buffer over-read in the libpng simplified API function png_image_finish_read when processing interlaced 16-bit PNGs with 8-bit output format and non-minimal row stride. This is a regression introduced by the fix for CVE-2025-65018. This vulnerability is fixed in 1.6.54."
"qubership-monitoring-operator","trivy","docker.io/grafana/grafana-image-renderer:3.12.9","CVE-2026-22801","HIGH","libpng","1.6.47-r0","1.6.54-r0","LIBPNG is a reference library for use in applications that read, create, and manipulate PNG (Portable Network Graphics) raster image files. From 1.6.26 to 1.6.53, there is an integer truncation in the libpng simplified write API functions png_write_image_16bit and png_write_image_8bit causes heap buffer over-read when the caller provides a negative row stride (for bottom-up image layouts) or a stride exceeding 65535 bytes. The bug was introduced in libpng 1.6.26 (October 2016) by casts added to silence compiler warnings on 16-bit systems. This vulnerability is fixed in 1.6.54."
"qubership-monitoring-operator","trivy","docker.io/grafana/grafana-image-renderer:3.12.9","CVE-2025-64505","MEDIUM","libpng","1.6.47-r0","1.6.51-r0","LIBPNG is a reference library for use in applications that read, create, and manipulate PNG (Portable Network Graphics) raster image files. Prior to version 1.6.51, a heap buffer over-read vulnerability exists in libpng's png_do_quantize function when processing PNG files with malformed palette indices. The vulnerability occurs when palette_lookup array bounds are not validated against externally-supplied image data, allowing an attacker to craft a PNG file with out-of-range palette indices that trigger out-of-bounds memory access. This issue has been patched in version 1.6.51."
"qubership-monitoring-operator","trivy","docker.io/grafana/grafana-image-renderer:3.12.9","CVE-2025-64506","MEDIUM","libpng","1.6.47-r0","1.6.51-r0","LIBPNG is a reference library for use in applications that read, create, and manipulate PNG (Portable Network Graphics) raster image files. From version 1.6.0 to before 1.6.51, a heap buffer over-read vulnerability exists in libpng's png_write_image_8bit function when processing 8-bit images through the simplified write API with convert_to_8bit enabled. The vulnerability affects 8-bit grayscale+alpha, RGB/RGBA, and images with incomplete row data. A conditional guard incorrectly allows 8-bit input to enter code expecting 16-bit input, causing reads up to 2 bytes beyond allocated buffer boundaries. This issue has been patched in version 1.6.51."
"qubership-monitoring-operator","trivy","docker.io/grafana/grafana-image-renderer:3.12.9","CVE-2025-69277","MEDIUM","libsodium","1.0.20-r0","1.0.20-r1","libsodium before ad3004e, in atypical use cases involving certain custom cryptography or untrusted data to crypto_core_ed25519_is_valid_point, mishandles checks for whether an elliptic curve point is valid because it sometimes allows points that aren't in the main cryptographic group."
"qubership-monitoring-operator","trivy","docker.io/grafana/grafana-image-renderer:3.12.9","CVE-2025-15467","CRITICAL","libssl3","3.5.0-r0","3.5.5-r0","Issue summary: Parsing CMS AuthEnvelopedData message with maliciously crafted AEAD parameters can trigger a stack buffer overflow.  Impact summary: A stack buffer overflow may lead to a crash, causing Denial of Service, or potentially remote code execution.  When parsing CMS AuthEnvelopedData structures that use AEAD ciphers such as AES-GCM, the IV (Initialization Vector) encoded in the ASN.1 parameters is copied into a fixed-size stack buffer without verifying that its length fits the destination. An attacker can supply a crafted CMS message with an oversized IV, causing a stack-based out-of-bounds write before any authentication or tag verification occurs.  Applications and services that parse untrusted CMS or PKCS#7 content using AEAD ciphers (e.g., S/MIME AuthEnvelopedData with AES-GCM) are vulnerable. Because the overflow occurs prior to authentication, no valid key material is required to trigger it. While exploitability to remote code execution depends on platform and toolchain mitigations, the stack-based write primitive represents a severe risk.  The FIPS modules in 3.6, 3.5, 3.4, 3.3 and 3.0 are not affected by this issue, as the CMS implementation is outside the OpenSSL FIPS module boundary.  OpenSSL 3.6, 3.5, 3.4, 3.3 and 3.0 are vulnerable to this issue.  OpenSSL 1.1.1 and 1.0.2 are not affected by this issue."
"qubership-monitoring-operator","trivy","docker.io/grafana/grafana-image-renderer:3.12.9","CVE-2025-69419","HIGH","libssl3","3.5.0-r0","3.5.5-r0","Issue summary: Calling PKCS12_get_friendlyname() function on a maliciously crafted PKCS#12 file with a BMPString (UTF-16BE) friendly name containing non-ASCII BMP code point can trigger a one byte write before the allocated buffer.  Impact summary: The out-of-bounds write can cause a memory corruption which can have various consequences including a Denial of Service.  The OPENSSL_uni2utf8() function performs a two-pass conversion of a PKCS#12 BMPString (UTF-16BE) to UTF-8. In the second pass, when emitting UTF-8 bytes, the helper function bmp_to_utf8() incorrectly forwards the remaining UTF-16 source byte count as the destination buffer capacity to UTF8_putc(). For BMP code points above U+07FF, UTF-8 requires three bytes, but the forwarded capacity can be just two bytes. UTF8_putc() then returns -1, and this negative value is added to the output length without validation, causing the length to become negative. The subsequent trailing NUL byte is then written at a negative offset, causing write outside of heap allocated buffer.  The vulnerability is reachable via the public PKCS12_get_friendlyname() API when parsing attacker-controlled PKCS#12 files. While PKCS12_parse() uses a different code path that avoids this issue, PKCS12_get_friendlyname() directly invokes the vulnerable function. Exploitation requires an attacker to provide a malicious PKCS#12 file to be parsed by the application and the attacker can just trigger a one zero byte write before the allocated buffer. For that reason the issue was assessed as Low severity according to our Security Policy.  The FIPS modules in 3.6, 3.5, 3.4, 3.3 and 3.0 are not affected by this issue, as the PKCS#12 implementation is outside the OpenSSL FIPS module boundary.  OpenSSL 3.6, 3.5, 3.4, 3.3, 3.0 and 1.1.1 are vulnerable to this issue.  OpenSSL 1.0.2 is not affected by this issue."
"qubership-monitoring-operator","trivy","docker.io/grafana/grafana-image-renderer:3.12.9","CVE-2025-11187","MEDIUM","libssl3","3.5.0-r0","3.5.5-r0","Issue summary: PBMAC1 parameters in PKCS#12 files are missing validation which can trigger a stack-based buffer overflow, invalid pointer or NULL pointer dereference during MAC verification.  Impact summary: The stack buffer overflow or NULL pointer dereference may cause a crash leading to Denial of Service for an application that parses untrusted PKCS#12 files. The buffer overflow may also potentially enable code execution depending on platform mitigations.  When verifying a PKCS#12 file that uses PBMAC1 for the MAC, the PBKDF2 salt and keylength parameters from the file are used without validation. If the value of keylength exceeds the size of the fixed stack buffer used for the derived key (64 bytes), the key derivation will overflow the buffer. The overflow length is attacker-controlled. Also, if the salt parameter is not an OCTET STRING type this can lead to invalid or NULL pointer dereference.  Exploiting this issue requires a user or application to process a maliciously crafted PKCS#12 file. It is uncommon to accept untrusted PKCS#12 files in applications as they are usually used to store private keys which are trusted by definition. For this reason the issue was assessed as Moderate severity.  The FIPS modules in 3.6, 3.5 and 3.4 are not affected by this issue, as PKCS#12 processing is outside the OpenSSL FIPS module boundary.  OpenSSL 3.6, 3.5 and 3.4 are vulnerable to this issue.  OpenSSL 3.3, 3.0, 1.1.1 and 1.0.2 are not affected by this issue as they do not support PBMAC1 in PKCS#12."
"qubership-monitoring-operator","trivy","docker.io/grafana/grafana-image-renderer:3.12.9","CVE-2025-15468","MEDIUM","libssl3","3.5.0-r0","3.5.5-r0","Issue summary: If an application using the SSL_CIPHER_find() function in a QUIC protocol client or server receives an unknown cipher suite from the peer, a NULL dereference occurs.  Impact summary: A NULL pointer dereference leads to abnormal termination of the running process causing Denial of Service.  Some applications call SSL_CIPHER_find() from the client_hello_cb callback on the cipher ID received from the peer. If this is done with an SSL object implementing the QUIC protocol, NULL pointer dereference will happen if the examined cipher ID is unknown or unsupported.  As it is not very common to call this function in applications using the QUIC  protocol and the worst outcome is Denial of Service, the issue was assessed as Low severity.  The vulnerable code was introduced in the 3.2 version with the addition of the QUIC protocol support.  The FIPS modules in 3.6, 3.5, 3.4 and 3.3 are not affected by this issue, as the QUIC implementation is outside the OpenSSL FIPS module boundary.  OpenSSL 3.6, 3.5, 3.4 and 3.3 are vulnerable to this issue.  OpenSSL 3.0, 1.1.1 and 1.0.2 are not affected by this issue."
"qubership-monitoring-operator","trivy","docker.io/grafana/grafana-image-renderer:3.12.9","CVE-2025-15469","MEDIUM","libssl3","3.5.0-r0","3.5.5-r0","Issue summary: The 'openssl dgst' command-line tool silently truncates input data to 16MB when using one-shot signing algorithms and reports success instead of an error.  Impact summary: A user signing or verifying files larger than 16MB with one-shot algorithms (such as Ed25519, Ed448, or ML-DSA) may believe the entire file is authenticated while trailing data beyond 16MB remains unauthenticated.  When the 'openssl dgst' command is used with algorithms that only support one-shot signing (Ed25519, Ed448, ML-DSA-44, ML-DSA-65, ML-DSA-87), the input is buffered with a 16MB limit. If the input exceeds this limit, the tool silently truncates to the first 16MB and continues without signaling an error, contrary to what the documentation states. This creates an integrity gap where trailing bytes can be modified without detection if both signing and verification are performed using the same affected codepath.  The issue affects only the command-line tool behavior. Verifiers that process the full message using library APIs will reject the signature, so the risk primarily affects workflows that both sign and verify with the affected 'openssl dgst' command. Streaming digest algorithms for 'openssl dgst' and library users are unaffected.  The FIPS modules in 3.5 and 3.6 are not affected by this issue, as the command-line tools are outside the OpenSSL FIPS module boundary.  OpenSSL 3.5 and 3.6 are vulnerable to this issue.  OpenSSL 3.4, 3.3, 3.0, 1.1.1 and 1.0.2 are not affected by this issue."
"qubership-monitoring-operator","trivy","docker.io/grafana/grafana-image-renderer:3.12.9","CVE-2025-66199","MEDIUM","libssl3","3.5.0-r0","3.5.5-r0","Issue summary: A TLS 1.3 connection using certificate compression can be forced to allocate a large buffer before decompression without checking against the configured certificate size limit.  Impact summary: An attacker can cause per-connection memory allocations of up to approximately 22 MiB and extra CPU work, potentially leading to service degradation or resource exhaustion (Denial of Service).  In affected configurations, the peer-supplied uncompressed certificate length from a CompressedCertificate message is used to grow a heap buffer prior to decompression. This length is not bounded by the max_cert_list setting, which otherwise constrains certificate message sizes. An attacker can exploit this to cause large per-connection allocations followed by handshake failure. No memory corruption or information disclosure occurs.  This issue only affects builds where TLS 1.3 certificate compression is compiled in (i.e., not OPENSSL_NO_COMP_ALG) and at least one compression algorithm (brotli, zlib, or zstd) is available, and where the compression extension is negotiated. Both clients receiving a server CompressedCertificate and servers in mutual TLS scenarios receiving a client CompressedCertificate are affected. Servers that do not request client certificates are not vulnerable to client-initiated attacks.  Users can mitigate this issue by setting SSL_OP_NO_RX_CERTIFICATE_COMPRESSION to disable receiving compressed certificates.  The FIPS modules in 3.6, 3.5, 3.4 and 3.3 are not affected by this issue, as the TLS implementation is outside the OpenSSL FIPS module boundary.  OpenSSL 3.6, 3.5, 3.4 and 3.3 are vulnerable to this issue.  OpenSSL 3.0, 1.1.1 and 1.0.2 are not affected by this issue."
"qubership-monitoring-operator","trivy","docker.io/grafana/grafana-image-renderer:3.12.9","CVE-2025-68160","MEDIUM","libssl3","3.5.0-r0","3.5.5-r0","Issue summary: Writing large, newline-free data into a BIO chain using the line-buffering filter where the next BIO performs short writes can trigger a heap-based out-of-bounds write.  Impact summary: This out-of-bounds write can cause memory corruption which typically results in a crash, leading to Denial of Service for an application.  The line-buffering BIO filter (BIO_f_linebuffer) is not used by default in TLS/SSL data paths. In OpenSSL command-line applications, it is typically only pushed onto stdout/stderr on VMS systems. Third-party applications that explicitly use this filter with a BIO chain that can short-write and that write large, newline-free data influenced by an attacker would be affected. However, the circumstances where this could happen are unlikely to be under attacker control, and BIO_f_linebuffer is unlikely to be handling non-curated data controlled by an attacker. For that reason the issue was assessed as Low severity.  The FIPS modules in 3.6, 3.5, 3.4, 3.3 and 3.0 are not affected by this issue, as the BIO implementation is outside the OpenSSL FIPS module boundary.  OpenSSL 3.6, 3.5, 3.4, 3.3, 3.0, 1.1.1 and 1.0.2 are vulnerable to this issue."
"qubership-monitoring-operator","trivy","docker.io/grafana/grafana-image-renderer:3.12.9","CVE-2025-69418","MEDIUM","libssl3","3.5.0-r0","3.5.5-r0","Issue summary: When using the low-level OCB API directly with AES-NI or<br>other hardware-accelerated code paths, inputs whose length is not a multiple<br>of 16 bytes can leave the final partial block unencrypted and unauthenticated.<br><br>Impact summary: The trailing 1-15 bytes of a message may be exposed in<br>cleartext on encryption and are not covered by the authentication tag,<br>allowing an attacker to read or tamper with those bytes without detection.<br><br>The low-level OCB encrypt and decrypt routines in the hardware-accelerated<br>stream path process full 16-byte blocks but do not advance the input/output<br>pointers. The subsequent tail-handling code then operates on the original<br>base pointers, effectively reprocessing the beginning of the buffer while<br>leaving the actual trailing bytes unprocessed. The authentication checksum<br>also excludes the true tail bytes.<br><br>However, typical OpenSSL consumers using EVP are not affected because the<br>higher-level EVP and provider OCB implementations split inputs so that full<br>blocks and trailing partial blocks are processed in separate calls, avoiding<br>the problematic code path. Additionally, TLS does not use OCB ciphersuites.<br>The vulnerability only affects applications that call the low-level<br>CRYPTO_ocb128_encrypt() or CRYPTO_ocb128_decrypt() functions directly with<br>non-block-aligned lengths in a single call on hardware-accelerated builds.<br>For these reasons the issue was assessed as Low severity.<br><br>The FIPS modules in 3.6, 3.5, 3.4, 3.3, 3.2, 3.1 and 3.0 are not affected<br>by this issue, as OCB mode is not a FIPS-approved algorithm.<br><br>OpenSSL 3.6, 3.5, 3.4, 3.3, 3.0 and 1.1.1 are vulnerable to this issue.<br><br>OpenSSL 1.0.2 is not affected by this issue."
"qubership-monitoring-operator","trivy","docker.io/grafana/grafana-image-renderer:3.12.9","CVE-2025-69420","MEDIUM","libssl3","3.5.0-r0","3.5.5-r0","Issue summary: A type confusion vulnerability exists in the TimeStamp Response verification code where an ASN1_TYPE union member is accessed without first validating the type, causing an invalid or NULL pointer dereference when processing a malformed TimeStamp Response file.  Impact summary: An application calling TS_RESP_verify_response() with a malformed TimeStamp Response can be caused to dereference an invalid or NULL pointer when reading, resulting in a Denial of Service.  The functions ossl_ess_get_signing_cert() and ossl_ess_get_signing_cert_v2() access the signing cert attribute value without validating its type. When the type is not V_ASN1_SEQUENCE, this results in accessing invalid memory through the ASN1_TYPE union, causing a crash.  Exploiting this vulnerability requires an attacker to provide a malformed TimeStamp Response to an application that verifies timestamp responses. The TimeStamp protocol (RFC 3161) is not widely used and the impact of the exploit is just a Denial of Service. For these reasons the issue was assessed as Low severity.  The FIPS modules in 3.5, 3.4, 3.3 and 3.0 are not affected by this issue, as the TimeStamp Response implementation is outside the OpenSSL FIPS module boundary.  OpenSSL 3.6, 3.5, 3.4, 3.3, 3.0 and 1.1.1 are vulnerable to this issue.  OpenSSL 1.0.2 is not affected by this issue."
"qubership-monitoring-operator","trivy","docker.io/grafana/grafana-image-renderer:3.12.9","CVE-2025-69421","MEDIUM","libssl3","3.5.0-r0","3.5.5-r0","Issue summary: Processing a malformed PKCS#12 file can trigger a NULL pointer dereference in the PKCS12_item_decrypt_d2i_ex() function.  Impact summary: A NULL pointer dereference can trigger a crash which leads to Denial of Service for an application processing PKCS#12 files.  The PKCS12_item_decrypt_d2i_ex() function does not check whether the oct parameter is NULL before dereferencing it. When called from PKCS12_unpack_p7encdata() with a malformed PKCS#12 file, this parameter can be NULL, causing a crash. The vulnerability is limited to Denial of Service and cannot be escalated to achieve code execution or memory disclosure.  Exploiting this issue requires an attacker to provide a malformed PKCS#12 file to an application that processes it. For that reason the issue was assessed as Low severity according to our Security Policy.  The FIPS modules in 3.6, 3.5, 3.4, 3.3 and 3.0 are not affected by this issue, as the PKCS#12 implementation is outside the OpenSSL FIPS module boundary.  OpenSSL 3.6, 3.5, 3.4, 3.3, 3.0, 1.1.1 and 1.0.2 are vulnerable to this issue."
"qubership-monitoring-operator","trivy","docker.io/grafana/grafana-image-renderer:3.12.9","CVE-2025-9230","MEDIUM","libssl3","3.5.0-r0","3.5.4-r0","Issue summary: An application trying to decrypt CMS messages encrypted using password based encryption can trigger an out-of-bounds read and write.  Impact summary: This out-of-bounds read may trigger a crash which leads to Denial of Service for an application. The out-of-bounds write can cause a memory corruption which can have various consequences including a Denial of Service or Execution of attacker-supplied code.  Although the consequences of a successful exploit of this vulnerability could be severe, the probability that the attacker would be able to perform it is low. Besides, password based (PWRI) encryption support in CMS messages is very rarely used. For that reason the issue was assessed as Moderate severity according to our Security Policy.  The FIPS modules in 3.5, 3.4, 3.3, 3.2, 3.1 and 3.0 are not affected by this issue, as the CMS implementation is outside the OpenSSL FIPS module boundary."
"qubership-monitoring-operator","trivy","docker.io/grafana/grafana-image-renderer:3.12.9","CVE-2025-9231","MEDIUM","libssl3","3.5.0-r0","3.5.4-r0","Issue summary: A timing side-channel which could potentially allow remote recovery of the private key exists in the SM2 algorithm implementation on 64 bit ARM platforms.  Impact summary: A timing side-channel in SM2 signature computations on 64 bit ARM platforms could allow recovering the private key by an attacker..  While remote key recovery over a network was not attempted by the reporter, timing measurements revealed a timing signal which may allow such an attack.  OpenSSL does not directly support certificates with SM2 keys in TLS, and so this CVE is not relevant in most TLS contexts.  However, given that it is possible to add support for such certificates via a custom provider, coupled with the fact that in such a custom provider context the private key may be recoverable via remote timing measurements, we consider this to be a Moderate severity issue.  The FIPS modules in 3.5, 3.4, 3.3, 3.2, 3.1 and 3.0 are not affected by this issue, as SM2 is not an approved algorithm."
"qubership-monitoring-operator","trivy","docker.io/grafana/grafana-image-renderer:3.12.9","CVE-2026-22795","MEDIUM","libssl3","3.5.0-r0","3.5.5-r0","Issue summary: An invalid or NULL pointer dereference can happen in an application processing a malformed PKCS#12 file.  Impact summary: An application processing a malformed PKCS#12 file can be caused to dereference an invalid or NULL pointer on memory read, resulting in a Denial of Service.  A type confusion vulnerability exists in PKCS#12 parsing code where an ASN1_TYPE union member is accessed without first validating the type, causing an invalid pointer read.  The location is constrained to a 1-byte address space, meaning any attempted pointer manipulation can only target addresses between 0x00 and 0xFF. This range corresponds to the zero page, which is unmapped on most modern operating systems and will reliably result in a crash, leading only to a Denial of Service. Exploiting this issue also requires a user or application to process a maliciously crafted PKCS#12 file. It is uncommon to accept untrusted PKCS#12 files in applications as they are usually used to store private keys which are trusted by definition. For these reasons, the issue was assessed as Low severity.  The FIPS modules in 3.5, 3.4, 3.3 and 3.0 are not affected by this issue, as the PKCS12 implementation is outside the OpenSSL FIPS module boundary.  OpenSSL 3.6, 3.5, 3.4, 3.3, 3.0 and 1.1.1 are vulnerable to this issue.  OpenSSL 1.0.2 is not affected by this issue."
"qubership-monitoring-operator","trivy","docker.io/grafana/grafana-image-renderer:3.12.9","CVE-2026-22796","MEDIUM","libssl3","3.5.0-r0","3.5.5-r0","Issue summary: A type confusion vulnerability exists in the signature verification of signed PKCS#7 data where an ASN1_TYPE union member is accessed without first validating the type, causing an invalid or NULL pointer dereference when processing malformed PKCS#7 data.  Impact summary: An application performing signature verification of PKCS#7 data or calling directly the PKCS7_digest_from_attributes() function can be caused to dereference an invalid or NULL pointer when reading, resulting in a Denial of Service.  The function PKCS7_digest_from_attributes() accesses the message digest attribute value without validating its type. When the type is not V_ASN1_OCTET_STRING, this results in accessing invalid memory through the ASN1_TYPE union, causing a crash.  Exploiting this vulnerability requires an attacker to provide a malformed signed PKCS#7 to an application that verifies it. The impact of the exploit is just a Denial of Service, the PKCS7 API is legacy and applications should be using the CMS API instead. For these reasons the issue was assessed as Low severity.  The FIPS modules in 3.5, 3.4, 3.3 and 3.0 are not affected by this issue, as the PKCS#7 parsing implementation is outside the OpenSSL FIPS module boundary.  OpenSSL 3.6, 3.5, 3.4, 3.3, 3.0, 1.1.1 and 1.0.2 are vulnerable to this issue."
"qubership-monitoring-operator","trivy","docker.io/grafana/grafana-image-renderer:3.12.9","CVE-2025-9232","LOW","libssl3","3.5.0-r0","3.5.4-r0","Issue summary: An application using the OpenSSL HTTP client API functions may trigger an out-of-bounds read if the 'no_proxy' environment variable is set and the host portion of the authority component of the HTTP URL is an IPv6 address.  Impact summary: An out-of-bounds read can trigger a crash which leads to Denial of Service for an application.  The OpenSSL HTTP client API functions can be used directly by applications but they are also used by the OCSP client functions and CMP (Certificate Management Protocol) client implementation in OpenSSL. However the URLs used by these implementations are unlikely to be controlled by an attacker.  In this vulnerable code the out of bounds read can only trigger a crash. Furthermore the vulnerability requires an attacker-controlled URL to be passed from an application to the OpenSSL function and the user has to have a 'no_proxy' environment variable set. For the aforementioned reasons the issue was assessed as Low severity.  The vulnerable code was introduced in the following patch releases: 3.0.16, 3.1.8, 3.2.4, 3.3.3, 3.4.0 and 3.5.0.  The FIPS modules in 3.5, 3.4, 3.3, 3.2, 3.1 and 3.0 are not affected by this issue, as the HTTP client implementation is outside the OpenSSL FIPS module boundary."
"qubership-monitoring-operator","trivy","docker.io/grafana/grafana-image-renderer:3.12.9","CVE-2025-4575","UNKNOWN","libssl3","3.5.0-r0","3.5.1-r0","Issue summary: Use of -addreject option with the openssl x509 application adds a trusted use instead of a rejected use for a certificate.  Impact summary: If a user intends to make a trusted certificate rejected for a particular use it will be instead marked as trusted for that use.  A copy & paste error during minor refactoring of the code introduced this issue in the OpenSSL 3.5 version. If, for example, a trusted CA certificate should be trusted only for the purpose of authenticating TLS servers but not for CMS signature verification and the CMS signature verification is intended to be marked as rejected with the -addreject option, the resulting CA certificate will be trusted for CMS signature verification purpose instead.  Only users which use the trusted certificate format who use the openssl x509 command line application to add rejected uses are affected by this issue. The issues affecting only the command line application are considered to be Low severity.  The FIPS modules in 3.5, 3.4, 3.3, 3.2, 3.1 and 3.0 are not affected by this issue.  OpenSSL 3.4, 3.3, 3.2, 3.1, 3.0, 1.1.1 and 1.0.2 are also not affected by this issue."
"qubership-monitoring-operator","trivy","docker.io/grafana/grafana-image-renderer:3.12.9","CVE-2025-13151","MEDIUM","libtasn1","4.20.0-r0","4.21.0-r0","Stack-based buffer overflow in libtasn1 version: v4.20.0. The function fails to validate the size of input data resulting in a buffer overflow in asn1_expend_octet_string."
"qubership-monitoring-operator","trivy","docker.io/grafana/grafana-image-renderer:3.12.9","CVE-2025-49794","CRITICAL","libxml2","2.13.8-r0","2.13.9-r0","A use-after-free vulnerability was found in libxml2. This issue occurs when parsing XPath elements under certain circumstances when the XML schematron has the <sch:name path=""...""/> schema elements. This flaw allows a malicious actor to craft a malicious XML document used as input for libxml, resulting in the program's crash using libxml or other possible undefined behaviors."
"qubership-monitoring-operator","trivy","docker.io/grafana/grafana-image-renderer:3.12.9","CVE-2025-49796","CRITICAL","libxml2","2.13.8-r0","2.13.9-r0","A vulnerability was found in libxml2. Processing certain sch:name elements from the input XML file can trigger a memory corruption issue. This flaw allows an attacker to craft a malicious XML input file that can lead libxml to crash, resulting in a denial of service or other possible undefined behavior due to sensitive data being corrupted in memory."
"qubership-monitoring-operator","trivy","docker.io/grafana/grafana-image-renderer:3.12.9","CVE-2025-49795","HIGH","libxml2","2.13.8-r0","2.13.9-r0","A NULL pointer dereference vulnerability was found in libxml2 when processing XPath XML expressions. This flaw allows an attacker to craft a malicious XML input to libxml2, leading to a denial of service."
"qubership-monitoring-operator","trivy","docker.io/grafana/grafana-image-renderer:3.12.9","CVE-2025-6021","HIGH","libxml2","2.13.8-r0","2.13.9-r0","A flaw was found in libxml2's xmlBuildQName function, where integer overflows in buffer size calculations can lead to a stack-based buffer overflow. This issue can result in memory corruption or a denial of service when processing crafted input."
"qubership-monitoring-operator","trivy","docker.io/grafana/grafana-image-renderer:3.12.9","CVE-2025-6170","LOW","libxml2","2.13.8-r0","2.13.9-r0","A flaw was found in the interactive shell of the xmllint command-line tool, used for parsing XML files. When a user inputs an overly long command, the program does not check the input size properly, which can cause it to crash. This issue might allow attackers to run harmful code in rare configurations without modern protections."
"qubership-monitoring-operator","trivy","docker.io/grafana/grafana-image-renderer:3.12.9","CVE-2025-47917","CRITICAL","mbedtls","3.6.3.1-r0","3.6.4-r0","Mbed TLS before 3.6.4 allows a use-after-free in certain situations of applications that are developed in accordance with the documentation. The function mbedtls_x509_string_to_names() takes a head argument that is documented as an output argument. The documentation does not suggest that the function will free that pointer; however, the function does call mbedtls_asn1_free_named_data_list() on that argument, which performs a deep free(). As a result, application code that uses this function (relying only on documented behavior) is likely to still hold pointers to the memory blocks that were freed, resulting in a high risk of use-after-free or double-free. In particular, the two sample programs x509/cert_write and x509/cert_req are affected (use-after-free if the san string contains more than one DN)."
"qubership-monitoring-operator","trivy","docker.io/grafana/grafana-image-renderer:3.12.9","CVE-2025-48965","HIGH","mbedtls","3.6.3.1-r0","3.6.4-r0","Mbed TLS before 3.6.4 has a NULL pointer dereference because mbedtls_asn1_store_named_data can trigger conflicting data with val.p of NULL but val.len greater than zero."
"qubership-monitoring-operator","trivy","docker.io/grafana/grafana-image-renderer:3.12.9","CVE-2025-52496","HIGH","mbedtls","3.6.3.1-r0","3.6.4-r0","Mbed TLS before 3.6.4 has a race condition in AESNI detection if certain compiler optimizations occur. An attacker may be able to extract an AES key from a multithreaded program, or perform a GCM forgery."
"qubership-monitoring-operator","trivy","docker.io/grafana/grafana-image-renderer:3.12.9","CVE-2025-49601","MEDIUM","mbedtls","3.6.3.1-r0","3.6.4-r0","In MbedTLS 3.3.0 before 3.6.4, mbedtls_lms_import_public_key does not check that the input buffer is at least 4 bytes before reading a 32-bit field, allowing a possible out-of-bounds read on truncated input. Specifically, an out-of-bounds read in mbedtls_lms_import_public_key allows context-dependent attackers to trigger a crash or limited adjacent-memory disclosure by supplying a truncated LMS (Leighton-Micali Signature) public-key buffer under four bytes. An LMS public key starts with a 4-byte type indicator. The function mbedtls_lms_import_public_key reads this type indicator before validating the size of its input."
"qubership-monitoring-operator","trivy","docker.io/grafana/grafana-image-renderer:3.12.9","CVE-2025-52497","MEDIUM","mbedtls","3.6.3.1-r0","3.6.4-r0","Mbed TLS before 3.6.4 has a PEM parsing one-byte heap-based buffer underflow, in mbedtls_pem_read_buffer and two mbedtls_pk_parse functions, via untrusted PEM input."
"qubership-monitoring-operator","trivy","docker.io/grafana/grafana-image-renderer:3.12.9","CVE-2025-54764","MEDIUM","mbedtls","3.6.3.1-r0","3.6.5-r0","Mbed TLS before 3.6.5 allows a local timing attack against certain RSA operations, and direct calls to mbedtls_mpi_mod_inv or mbedtls_mpi_gcd."
"qubership-monitoring-operator","trivy","docker.io/grafana/grafana-image-renderer:3.12.9","CVE-2025-59438","MEDIUM","mbedtls","3.6.3.1-r0","3.6.5-r0","Mbed TLS through 3.6.4 has an Observable Timing Discrepancy."
"qubership-monitoring-operator","trivy","docker.io/grafana/grafana-image-renderer:3.12.9","CVE-2025-49087","LOW","mbedtls","3.6.3.1-r0","3.6.4-r0","In Mbed TLS 3.6.1 through 3.6.3 before 3.6.4, a timing discrepancy in block cipher padding removal allows an attacker to recover the plaintext when PKCS#7 padding mode is used."
"qubership-monitoring-operator","trivy","docker.io/grafana/grafana-image-renderer:3.12.9","CVE-2025-49600","UNKNOWN","mbedtls","3.6.3.1-r0","3.6.4-r0","In MbedTLS 3.3.0 before 3.6.4, mbedtls_lms_verify may accept invalid signatures if hash computation fails and internal errors go unchecked, enabling LMS (Leighton-Micali Signature) forgery in a fault scenario. Specifically, unchecked return values in mbedtls_lms_verify allow an attacker (who can induce a hardware hash accelerator fault) to bypass LMS signature verification by reusing stale stack data, resulting in acceptance of an invalid signature. In mbedtls_lms_verify, the return values of the internal Merkle tree functions create_merkle_leaf_value and create_merkle_internal_value are not checked. These functions return an integer that indicates whether the call succeeded or not. If a failure occurs, the output buffer (Tc_candidate_root_node) may remain uninitialized, and the result of the signature verification is unpredictable. When the software implementation of SHA-256 is used, these functions will not fail. However, with hardware-accelerated hashing, an attacker could use fault injection against the accelerator to bypass verification."
"qubership-monitoring-operator","trivy","docker.io/grafana/grafana-image-renderer:3.12.9","CVE-2025-58050","CRITICAL","pcre2","10.43-r1","10.46-r0","The PCRE2 library is a set of C functions that implement regular expression pattern matching. In version 10.45, a heap-buffer-overflow read vulnerability exists in the PCRE2 regular expression matching engine, specifically within the handling of the (*scs:...) (Scan SubString) verb when combined with (*ACCEPT) in src/pcre2_match.c. This vulnerability may potentially lead to information disclosure if the out-of-bounds data read during the memcmp affects the final match result in a way observable by the attacker. This issue has been resolved in version 10.46."
"qubership-monitoring-operator","trivy","docker.io/grafana/grafana-image-renderer:3.12.9","CVE-2025-6965","CRITICAL","sqlite-libs","3.49.2-r0","3.49.2-r1","There exists a vulnerability in SQLite versions before 3.50.2 where the number of aggregate terms could exceed the number of columns available. This could lead to a memory corruption issue. We recommend upgrading to version 3.50.2 or above."
"qubership-monitoring-operator","trivy","docker.io/grafana/grafana-image-renderer:3.12.9","CVE-2024-58251","MEDIUM","ssl_client","1.37.0-r18","1.37.0-r20","In netstat in BusyBox through 1.37.0, local users can launch of network application with an argv[0] containing an ANSI terminal escape sequence, leading to a denial of service (terminal locked up) when netstat is used by a victim."
"qubership-monitoring-operator","trivy","docker.io/grafana/grafana-image-renderer:3.12.9","CVE-2025-46394","LOW","ssl_client","1.37.0-r18","1.37.0-r20","In tar in BusyBox through 1.37.0, a TAR archive can have filenames hidden from a listing through the use of terminal escape sequences."
"qubership-monitoring-operator","trivy","docker.io/grafana/grafana-image-renderer:3.12.9","CVE-2025-8961","LOW","tiff","4.7.0-r0","4.7.1-r0","A weakness has been identified in LibTIFF 4.7.0. This affects the function main of the file tiffcrop.c of the component tiffcrop. Executing manipulation can lead to memory corruption. The attack can only be executed locally. The exploit has been made available to the public and could be exploited."
"qubership-monitoring-operator","trivy","docker.io/grafana/grafana-image-renderer:3.12.9","CVE-2025-9165","LOW","tiff","4.7.0-r0","4.7.1-r0","A flaw has been found in LibTIFF 4.7.0. This affects the function _TIFFmallocExt/_TIFFCheckRealloc/TIFFHashSetNew/InitCCITTFax3 of the file tools/tiffcmp.c of the component tiffcmp. Executing manipulation can lead to memory leak. The attack is restricted to local execution. This attack is characterized by high complexity. It is indicated that the exploitability is difficult. The exploit has been published and may be used. There is ongoing doubt regarding the real existence of this vulnerability. This patch is called ed141286a37f6e5ddafb5069347ff5d587e7a4e0. It is best practice to apply a patch to resolve this issue. A researcher disputes the security impact of this issue, because ""this is a memory leak on a command line tool that is about to exit anyway"". In the reply the project maintainer declares this issue as ""a simple 'bug' when leaving the command line tool and (...) not a security issue at all""."
"qubership-monitoring-operator","trivy","docker.io/grafana/grafana-image-renderer:3.12.9","CVE-2025-7783","CRITICAL","form-data","4.0.2","2.5.4, 3.0.4, 4.0.4","Use of Insufficiently Random Values vulnerability in form-data allows HTTP Parameter Pollution (HPP). This vulnerability is associated with program files lib/form_data.Js.  This issue affects form-data: < 2.5.4, 3.0.0 - 3.0.3, 4.0.0 - 4.0.3."
"qubership-monitoring-operator","trivy","docker.io/grafana/grafana-image-renderer:3.12.9","CVE-2025-64718","MEDIUM","js-yaml","4.1.0","4.1.1, 3.14.2","js-yaml is a JavaScript YAML parser and dumper. In js-yaml 4.1.0 and below, it's possible for an attacker to modify the prototype of the result of a parsed yaml document via prototype pollution (`__proto__`). All users who parse untrusted yaml documents may be impacted. The problem is patched in js-yaml 4.1.1. Users can protect against this kind of attack on the server by using `node --disable-proto=delete` or `deno` (in Deno, pollution protection is on by default)."
"qubership-monitoring-operator","trivy","docker.io/grafana/grafana-image-renderer:3.12.9","CVE-2025-13465","MEDIUM","lodash","4.17.21","4.17.23","Lodash versions 4.0.0 through 4.17.22 are vulnerable to prototype pollution in the _.unset and _.omit functions. An attacker can pass crafted paths which cause Lodash to delete methods from global prototypes.  The issue permits deletion of properties but does not allow overwriting their original behavior.  This issue is patched on 4.17.23"
"qubership-monitoring-operator","trivy","docker.io/grafana/grafana-image-renderer:3.12.9","CVE-2025-57352","LOW","min-document","2.19.0","2.19.1","A vulnerability exists in the 'min-document' package prior to version 2.19.0, stemming from improper handling of namespace operations in the removeAttributeNS method. By processing malicious input involving the __proto__ property, an attacker can manipulate the prototype chain of JavaScript objects, leading to denial of service or arbitrary code execution. This issue arises from insufficient validation of attribute namespace removal operations, allowing unintended modification of critical object prototypes. The vulnerability remains unaddressed in the latest available version."
"qubership-monitoring-operator","trivy","docker.io/grafana/grafana-image-renderer:3.12.9","CVE-2025-7338","HIGH","multer","2.0.1","2.0.2","Multer is a node.js middleware for handling `multipart/form-data`. A vulnerability that is present starting in version 1.4.4-lts.1 and prior to version 2.0.2 allows an attacker to trigger a Denial of Service (DoS) by sending a malformed multi-part upload request. This request causes an unhandled exception, leading to a crash of the process. Users should upgrade to version 2.0.2 to receive a patch. No known workarounds are available."
"qubership-monitoring-operator","trivy","docker.io/grafana/grafana-image-renderer:3.12.9","CVE-2025-7339","LOW","on-headers","1.0.2","1.1.0","on-headers is a node.js middleware for listening to when a response writes headers. A bug in on-headers versions `<1.1.0` may result in response headers being inadvertently modified when an array is passed to `response.writeHead()`. Users should upgrade to version 1.1.0 to receive a patch. Uses are strongly encouraged to upgrade to `1.1.0`, but this issue can be worked around by passing an object to `response.writeHead()` rather than an array."
"qubership-monitoring-operator","trivy","docker.io/grafana/grafana-image-renderer:3.12.9","CVE-2025-15284","HIGH","qs","6.13.0","6.14.1","Improper Input Validation vulnerability in qs (parse modules) allows HTTP DoS.This issue affects qs: < 6.14.1.   SummaryThe arrayLimit option in qs does not enforce limits for bracket notation (a[]=1&a[]=2), allowing attackers to cause denial-of-service via memory exhaustion. Applications using arrayLimit for DoS protection are vulnerable.  DetailsThe arrayLimit option only checks limits for indexed notation (a[0]=1&a[1]=2) but completely bypasses it for bracket notation (a[]=1&a[]=2).  Vulnerable code (lib/parse.js:159-162):  if (root === '[]' && options.parseArrays) {     obj = utils.combine([], leaf);  // No arrayLimit check }      Working code (lib/parse.js:175):  else if (index <= options.arrayLimit) {  // Limit checked here     obj = [];     obj[index] = leaf; }      The bracket notation handler at line 159 uses utils.combine([], leaf) without validating against options.arrayLimit, while indexed notation at line 175 checks index <= options.arrayLimit before creating arrays.  PoCTest 1 - Basic bypass:  npm install qs      const qs = require('qs'); const result = qs.parse('a[]=1&a[]=2&a[]=3&a[]=4&a[]=5&a[]=6', { arrayLimit: 5 }); console.log(result.a.length);  // Output: 6 (should be max 5)      Test 2 - DoS demonstration:  const qs = require('qs'); const attack = 'a[]=' + Array(10000).fill('x').join('&a[]='); const result = qs.parse(attack, { arrayLimit: 100 }); console.log(result.a.length);  // Output: 10000 (should be max 100)      Configuration:    *  arrayLimit: 5 (test 1) or arrayLimit: 100 (test 2)   *  Use bracket notation: a[]=value (not indexed a[0]=value)   ImpactDenial of Service via memory exhaustion. Affects applications using qs.parse() with user-controlled input and arrayLimit for protection.  Attack scenario:    *  Attacker sends HTTP request: GET /api/search?filters[]=x&filters[]=x&...&filters[]=x (100,000+ times)   *  Application parses with qs.parse(query, { arrayLimit: 100 })   *  qs ignores limit, parses all 100,000 elements into array   *  Server memory exhausted → application crashes or becomes unresponsive   *  Service unavailable for all users Real-world impact:    *  Single malicious request can crash server   *  No authentication required   *  Easy to automate and scale   *  Affects any endpoint parsing query strings with bracket notation"
"qubership-monitoring-operator","trivy","docker.io/grafana/grafana-image-renderer:3.12.9","CVE-2025-59343","HIGH","tar-fs","3.0.10","3.1.1, 2.1.4, 1.16.6","tar-fs provides filesystem bindings for tar-stream. Versions prior to 3.1.1, 2.1.3, and 1.16.5 are vulnerable to symlink validation bypass if the destination directory is predictable with a specific tarball. This issue has been patched in version 3.1.1, 2.1.4, and 1.16.6. A workaround involves using the ignore option on non files/directories."
"qubership-monitoring-operator","trivy","docker.io/grafana/grafana-image-renderer:3.12.9","CVE-2025-59343","HIGH","tar-fs","3.0.10","3.1.1, 2.1.4, 1.16.6","tar-fs provides filesystem bindings for tar-stream. Versions prior to 3.1.1, 2.1.3, and 1.16.5 are vulnerable to symlink validation bypass if the destination directory is predictable with a specific tarball. This issue has been patched in version 3.1.1, 2.1.4, and 1.16.6. A workaround involves using the ignore option on non files/directories."
"qubership-monitoring-operator","trivy","docker.io/grafana/grafana-image-renderer:3.12.9","CVE-2025-59343","HIGH","tar-fs","3.0.10","3.1.1, 2.1.4, 1.16.6","tar-fs provides filesystem bindings for tar-stream. Versions prior to 3.1.1, 2.1.3, and 1.16.5 are vulnerable to symlink validation bypass if the destination directory is predictable with a specific tarball. This issue has been patched in version 3.1.1, 2.1.4, and 1.16.6. A workaround involves using the ignore option on non files/directories."
"qubership-jaeger","trivy","ghcr.io/jaegertracing/spark-dependencies/spark-dependencies:latest","CVE-2016-2781","LOW","coreutils","9.4-3ubuntu6.1","","chroot in GNU coreutils, when used with --userspec, allows local users to escape to the parent session via a crafted TIOCSTI ioctl call, which pushes characters to the terminal's input buffer."
"qubership-jaeger","trivy","ghcr.io/jaegertracing/spark-dependencies/spark-dependencies:latest","CVE-2025-0167","LOW","curl","8.5.0-2ubuntu10.6","","When asked to use a `.netrc` file for credentials **and** to follow HTTP redirects, curl could leak the password used for the first host to the followed-to host under certain circumstances.  This flaw only manifests itself if the netrc file has a `default` entry that omits both login and password. A rare circumstance."
"qubership-jaeger","trivy","ghcr.io/jaegertracing/spark-dependencies/spark-dependencies:latest","CVE-2025-10148","LOW","curl","8.5.0-2ubuntu10.6","","curl's websocket code did not update the 32 bit mask pattern for each new  outgoing frame as the specification says. Instead it used a fixed mask that persisted and was used throughout the entire connection.  A predictable mask pattern allows for a malicious server to induce traffic between the two communicating parties that could be interpreted by an involved proxy (configured or transparent) as genuine, real, HTTP traffic with content and thereby poison its cache. That cached poisoned content could then be served to all users of that proxy."
"qubership-jaeger","trivy","ghcr.io/jaegertracing/spark-dependencies/spark-dependencies:latest","CVE-2025-14524","LOW","curl","8.5.0-2ubuntu10.6","","When an OAuth2 bearer token is used for an HTTP(S) transfer, and that transfer performs a cross-protocol redirect to a second URL that uses an IMAP, LDAP, POP3 or SMTP scheme, curl might wrongly pass on the bearer token to the new target host."
"qubership-jaeger","trivy","ghcr.io/jaegertracing/spark-dependencies/spark-dependencies:latest","CVE-2025-14819","LOW","curl","8.5.0-2ubuntu10.6","","When doing TLS related transfers with reused easy or multi handles and altering the  `CURLSSLOPT_NO_PARTIALCHAIN` option, libcurl could accidentally reuse a CA store cached in memory for which the partial chain option was reversed. Contrary to the user's wishes and expectations. This could make libcurl find and accept a trust chain that it otherwise would not."
"qubership-jaeger","trivy","ghcr.io/jaegertracing/spark-dependencies/spark-dependencies:latest","CVE-2025-15079","LOW","curl","8.5.0-2ubuntu10.6","","When doing SSH-based transfers using either SCP or SFTP, and setting the known_hosts file, libcurl could still mistakenly accept connecting to hosts *not present* in the specified file if they were added as recognized in the libssh *global* known_hosts file."
"qubership-jaeger","trivy","ghcr.io/jaegertracing/spark-dependencies/spark-dependencies:latest","CVE-2025-15224","LOW","curl","8.5.0-2ubuntu10.6","","When doing SSH-based transfers using either SCP or SFTP, and asked to do public key authentication, curl would wrongly still ask and authenticate using a locally running SSH agent."
"qubership-jaeger","trivy","ghcr.io/jaegertracing/spark-dependencies/spark-dependencies:latest","CVE-2025-9086","LOW","curl","8.5.0-2ubuntu10.6","","1. A cookie is set using the `secure` keyword for `https://target`   2. curl is redirected to or otherwise made to speak with `http://target` (same     hostname, but using clear text HTTP) using the same cookie set   3. The same cookie name is set - but with just a slash as path (`path=\""/\"",`).    Since this site is not secure, the cookie *should* just be ignored. 4. A bug in the path comparison logic makes curl read outside a heap buffer    boundary  The bug either causes a crash or it potentially makes the comparison come to the wrong conclusion and lets the clear-text site override the contents of the secure cookie, contrary to expectations and depending on the memory contents immediately following the single-byte allocation that holds the path.  The presumed and correct behavior would be to plainly ignore the second set of the cookie since it was already set as secure on a secure host so overriding it on an insecure host should not be okay."
"qubership-jaeger","trivy","ghcr.io/jaegertracing/spark-dependencies/spark-dependencies:latest","CVE-2025-68973","HIGH","dirmngr","2.4.4-2ubuntu17.3","2.4.4-2ubuntu17.4","In GnuPG before 2.4.9, armor_filter in g10/armor.c has two increments of an index variable where one is intended, leading to an out-of-bounds write for crafted input. (For ExtendedLTS, 2.2.51 and later are fixed versions.)"
"qubership-jaeger","trivy","ghcr.io/jaegertracing/spark-dependencies/spark-dependencies:latest","CVE-2025-68972","MEDIUM","dirmngr","2.4.4-2ubuntu17.3","","In GnuPG through 2.4.8, if a signed message has \f at the end of a plaintext line, an adversary can construct a modified message that places additional text after the signed material, such that signature verification of the modified message succeeds (although an ""invalid armor"" message is printed during verification). This is related to use of \f as a marker to denote truncation of a long plaintext line."
"qubership-jaeger","trivy","ghcr.io/jaegertracing/spark-dependencies/spark-dependencies:latest","CVE-2022-3219","LOW","dirmngr","2.4.4-2ubuntu17.3","","GnuPG can be made to spin on a relatively small input by (for example) crafting a public key with thousands of signatures attached, compressed down to just a few KB."
"qubership-jaeger","trivy","ghcr.io/jaegertracing/spark-dependencies/spark-dependencies:latest","CVE-2025-68973","HIGH","gnupg","2.4.4-2ubuntu17.3","2.4.4-2ubuntu17.4","In GnuPG before 2.4.9, armor_filter in g10/armor.c has two increments of an index variable where one is intended, leading to an out-of-bounds write for crafted input. (For ExtendedLTS, 2.2.51 and later are fixed versions.)"
"qubership-jaeger","trivy","ghcr.io/jaegertracing/spark-dependencies/spark-dependencies:latest","CVE-2025-68972","MEDIUM","gnupg","2.4.4-2ubuntu17.3","","In GnuPG through 2.4.8, if a signed message has \f at the end of a plaintext line, an adversary can construct a modified message that places additional text after the signed material, such that signature verification of the modified message succeeds (although an ""invalid armor"" message is printed during verification). This is related to use of \f as a marker to denote truncation of a long plaintext line."
"qubership-jaeger","trivy","ghcr.io/jaegertracing/spark-dependencies/spark-dependencies:latest","CVE-2022-3219","LOW","gnupg","2.4.4-2ubuntu17.3","","GnuPG can be made to spin on a relatively small input by (for example) crafting a public key with thousands of signatures attached, compressed down to just a few KB."
"qubership-jaeger","trivy","ghcr.io/jaegertracing/spark-dependencies/spark-dependencies:latest","CVE-2025-68973","HIGH","gnupg-utils","2.4.4-2ubuntu17.3","2.4.4-2ubuntu17.4","In GnuPG before 2.4.9, armor_filter in g10/armor.c has two increments of an index variable where one is intended, leading to an out-of-bounds write for crafted input. (For ExtendedLTS, 2.2.51 and later are fixed versions.)"
"qubership-jaeger","trivy","ghcr.io/jaegertracing/spark-dependencies/spark-dependencies:latest","CVE-2025-68972","MEDIUM","gnupg-utils","2.4.4-2ubuntu17.3","","In GnuPG through 2.4.8, if a signed message has \f at the end of a plaintext line, an adversary can construct a modified message that places additional text after the signed material, such that signature verification of the modified message succeeds (although an ""invalid armor"" message is printed during verification). This is related to use of \f as a marker to denote truncation of a long plaintext line."
"qubership-jaeger","trivy","ghcr.io/jaegertracing/spark-dependencies/spark-dependencies:latest","CVE-2022-3219","LOW","gnupg-utils","2.4.4-2ubuntu17.3","","GnuPG can be made to spin on a relatively small input by (for example) crafting a public key with thousands of signatures attached, compressed down to just a few KB."
"qubership-jaeger","trivy","ghcr.io/jaegertracing/spark-dependencies/spark-dependencies:latest","CVE-2025-68973","HIGH","gpg","2.4.4-2ubuntu17.3","2.4.4-2ubuntu17.4","In GnuPG before 2.4.9, armor_filter in g10/armor.c has two increments of an index variable where one is intended, leading to an out-of-bounds write for crafted input. (For ExtendedLTS, 2.2.51 and later are fixed versions.)"
"qubership-jaeger","trivy","ghcr.io/jaegertracing/spark-dependencies/spark-dependencies:latest","CVE-2025-68972","MEDIUM","gpg","2.4.4-2ubuntu17.3","","In GnuPG through 2.4.8, if a signed message has \f at the end of a plaintext line, an adversary can construct a modified message that places additional text after the signed material, such that signature verification of the modified message succeeds (although an ""invalid armor"" message is printed during verification). This is related to use of \f as a marker to denote truncation of a long plaintext line."
"qubership-jaeger","trivy","ghcr.io/jaegertracing/spark-dependencies/spark-dependencies:latest","CVE-2022-3219","LOW","gpg","2.4.4-2ubuntu17.3","","GnuPG can be made to spin on a relatively small input by (for example) crafting a public key with thousands of signatures attached, compressed down to just a few KB."
"qubership-jaeger","trivy","ghcr.io/jaegertracing/spark-dependencies/spark-dependencies:latest","CVE-2025-68973","HIGH","gpg-agent","2.4.4-2ubuntu17.3","2.4.4-2ubuntu17.4","In GnuPG before 2.4.9, armor_filter in g10/armor.c has two increments of an index variable where one is intended, leading to an out-of-bounds write for crafted input. (For ExtendedLTS, 2.2.51 and later are fixed versions.)"
"qubership-jaeger","trivy","ghcr.io/jaegertracing/spark-dependencies/spark-dependencies:latest","CVE-2025-68972","MEDIUM","gpg-agent","2.4.4-2ubuntu17.3","","In GnuPG through 2.4.8, if a signed message has \f at the end of a plaintext line, an adversary can construct a modified message that places additional text after the signed material, such that signature verification of the modified message succeeds (although an ""invalid armor"" message is printed during verification). This is related to use of \f as a marker to denote truncation of a long plaintext line."
"qubership-jaeger","trivy","ghcr.io/jaegertracing/spark-dependencies/spark-dependencies:latest","CVE-2022-3219","LOW","gpg-agent","2.4.4-2ubuntu17.3","","GnuPG can be made to spin on a relatively small input by (for example) crafting a public key with thousands of signatures attached, compressed down to just a few KB."
"qubership-jaeger","trivy","ghcr.io/jaegertracing/spark-dependencies/spark-dependencies:latest","CVE-2025-68973","HIGH","gpgconf","2.4.4-2ubuntu17.3","2.4.4-2ubuntu17.4","In GnuPG before 2.4.9, armor_filter in g10/armor.c has two increments of an index variable where one is intended, leading to an out-of-bounds write for crafted input. (For ExtendedLTS, 2.2.51 and later are fixed versions.)"
"qubership-jaeger","trivy","ghcr.io/jaegertracing/spark-dependencies/spark-dependencies:latest","CVE-2025-68972","MEDIUM","gpgconf","2.4.4-2ubuntu17.3","","In GnuPG through 2.4.8, if a signed message has \f at the end of a plaintext line, an adversary can construct a modified message that places additional text after the signed material, such that signature verification of the modified message succeeds (although an ""invalid armor"" message is printed during verification). This is related to use of \f as a marker to denote truncation of a long plaintext line."
"qubership-jaeger","trivy","ghcr.io/jaegertracing/spark-dependencies/spark-dependencies:latest","CVE-2022-3219","LOW","gpgconf","2.4.4-2ubuntu17.3","","GnuPG can be made to spin on a relatively small input by (for example) crafting a public key with thousands of signatures attached, compressed down to just a few KB."
"qubership-jaeger","trivy","ghcr.io/jaegertracing/spark-dependencies/spark-dependencies:latest","CVE-2025-68973","HIGH","gpgsm","2.4.4-2ubuntu17.3","2.4.4-2ubuntu17.4","In GnuPG before 2.4.9, armor_filter in g10/armor.c has two increments of an index variable where one is intended, leading to an out-of-bounds write for crafted input. (For ExtendedLTS, 2.2.51 and later are fixed versions.)"
"qubership-jaeger","trivy","ghcr.io/jaegertracing/spark-dependencies/spark-dependencies:latest","CVE-2025-68972","MEDIUM","gpgsm","2.4.4-2ubuntu17.3","","In GnuPG through 2.4.8, if a signed message has \f at the end of a plaintext line, an adversary can construct a modified message that places additional text after the signed material, such that signature verification of the modified message succeeds (although an ""invalid armor"" message is printed during verification). This is related to use of \f as a marker to denote truncation of a long plaintext line."
"qubership-jaeger","trivy","ghcr.io/jaegertracing/spark-dependencies/spark-dependencies:latest","CVE-2022-3219","LOW","gpgsm","2.4.4-2ubuntu17.3","","GnuPG can be made to spin on a relatively small input by (for example) crafting a public key with thousands of signatures attached, compressed down to just a few KB."
"qubership-jaeger","trivy","ghcr.io/jaegertracing/spark-dependencies/spark-dependencies:latest","CVE-2025-68973","HIGH","gpgv","2.4.4-2ubuntu17.3","2.4.4-2ubuntu17.4","In GnuPG before 2.4.9, armor_filter in g10/armor.c has two increments of an index variable where one is intended, leading to an out-of-bounds write for crafted input. (For ExtendedLTS, 2.2.51 and later are fixed versions.)"
"qubership-jaeger","trivy","ghcr.io/jaegertracing/spark-dependencies/spark-dependencies:latest","CVE-2025-68972","MEDIUM","gpgv","2.4.4-2ubuntu17.3","","In GnuPG through 2.4.8, if a signed message has \f at the end of a plaintext line, an adversary can construct a modified message that places additional text after the signed material, such that signature verification of the modified message succeeds (although an ""invalid armor"" message is printed during verification). This is related to use of \f as a marker to denote truncation of a long plaintext line."
"qubership-jaeger","trivy","ghcr.io/jaegertracing/spark-dependencies/spark-dependencies:latest","CVE-2022-3219","LOW","gpgv","2.4.4-2ubuntu17.3","","GnuPG can be made to spin on a relatively small input by (for example) crafting a public key with thousands of signatures attached, compressed down to just a few KB."
"qubership-jaeger","trivy","ghcr.io/jaegertracing/spark-dependencies/spark-dependencies:latest","CVE-2025-68973","HIGH","keyboxd","2.4.4-2ubuntu17.3","2.4.4-2ubuntu17.4","In GnuPG before 2.4.9, armor_filter in g10/armor.c has two increments of an index variable where one is intended, leading to an out-of-bounds write for crafted input. (For ExtendedLTS, 2.2.51 and later are fixed versions.)"
"qubership-jaeger","trivy","ghcr.io/jaegertracing/spark-dependencies/spark-dependencies:latest","CVE-2025-68972","MEDIUM","keyboxd","2.4.4-2ubuntu17.3","","In GnuPG through 2.4.8, if a signed message has \f at the end of a plaintext line, an adversary can construct a modified message that places additional text after the signed material, such that signature verification of the modified message succeeds (although an ""invalid armor"" message is printed during verification). This is related to use of \f as a marker to denote truncation of a long plaintext line."
"qubership-jaeger","trivy","ghcr.io/jaegertracing/spark-dependencies/spark-dependencies:latest","CVE-2022-3219","LOW","keyboxd","2.4.4-2ubuntu17.3","","GnuPG can be made to spin on a relatively small input by (for example) crafting a public key with thousands of signatures attached, compressed down to just a few KB."
"qubership-jaeger","trivy","ghcr.io/jaegertracing/spark-dependencies/spark-dependencies:latest","CVE-2026-0861","MEDIUM","libc-bin","2.39-0ubuntu8.6","","Passing too large an alignment to the memalign suite of functions (memalign, posix_memalign, aligned_alloc) in the GNU C Library version 2.30 to 2.42 may result in an integer overflow, which could consequently result in a heap corruption.  Note that the attacker must have control over both, the size as well as the alignment arguments of the memalign function to be able to exploit this.  The size parameter must be close enough to PTRDIFF_MAX so as to overflow size_t along with the large alignment argument.  This limits the malicious inputs for the alignment for memalign to the range [1<<62+ 1, 1<<63] and exactly 1<<63 for posix_memalign and aligned_alloc.  Typically the alignment argument passed to such functions is a known constrained quantity (e.g. page size, block size, struct sizes) and is not attacker controlled, because of which this may not be easily exploitable in practice.  An application bug could potentially result in the input alignment being too large, e.g. due to a different buffer overflow or integer overflow in the application or its dependent libraries, but that is again an uncommon usage pattern given typical sources of alignments."
"qubership-jaeger","trivy","ghcr.io/jaegertracing/spark-dependencies/spark-dependencies:latest","CVE-2026-0861","MEDIUM","libc6","2.39-0ubuntu8.6","","Passing too large an alignment to the memalign suite of functions (memalign, posix_memalign, aligned_alloc) in the GNU C Library version 2.30 to 2.42 may result in an integer overflow, which could consequently result in a heap corruption.  Note that the attacker must have control over both, the size as well as the alignment arguments of the memalign function to be able to exploit this.  The size parameter must be close enough to PTRDIFF_MAX so as to overflow size_t along with the large alignment argument.  This limits the malicious inputs for the alignment for memalign to the range [1<<62+ 1, 1<<63] and exactly 1<<63 for posix_memalign and aligned_alloc.  Typically the alignment argument passed to such functions is a known constrained quantity (e.g. page size, block size, struct sizes) and is not attacker controlled, because of which this may not be easily exploitable in practice.  An application bug could potentially result in the input alignment being too large, e.g. due to a different buffer overflow or integer overflow in the application or its dependent libraries, but that is again an uncommon usage pattern given typical sources of alignments."
"qubership-jaeger","trivy","ghcr.io/jaegertracing/spark-dependencies/spark-dependencies:latest","CVE-2025-0167","LOW","libcurl4t64","8.5.0-2ubuntu10.6","","When asked to use a `.netrc` file for credentials **and** to follow HTTP redirects, curl could leak the password used for the first host to the followed-to host under certain circumstances.  This flaw only manifests itself if the netrc file has a `default` entry that omits both login and password. A rare circumstance."
"qubership-jaeger","trivy","ghcr.io/jaegertracing/spark-dependencies/spark-dependencies:latest","CVE-2025-10148","LOW","libcurl4t64","8.5.0-2ubuntu10.6","","curl's websocket code did not update the 32 bit mask pattern for each new  outgoing frame as the specification says. Instead it used a fixed mask that persisted and was used throughout the entire connection.  A predictable mask pattern allows for a malicious server to induce traffic between the two communicating parties that could be interpreted by an involved proxy (configured or transparent) as genuine, real, HTTP traffic with content and thereby poison its cache. That cached poisoned content could then be served to all users of that proxy."
"qubership-jaeger","trivy","ghcr.io/jaegertracing/spark-dependencies/spark-dependencies:latest","CVE-2025-14524","LOW","libcurl4t64","8.5.0-2ubuntu10.6","","When an OAuth2 bearer token is used for an HTTP(S) transfer, and that transfer performs a cross-protocol redirect to a second URL that uses an IMAP, LDAP, POP3 or SMTP scheme, curl might wrongly pass on the bearer token to the new target host."
"qubership-jaeger","trivy","ghcr.io/jaegertracing/spark-dependencies/spark-dependencies:latest","CVE-2025-14819","LOW","libcurl4t64","8.5.0-2ubuntu10.6","","When doing TLS related transfers with reused easy or multi handles and altering the  `CURLSSLOPT_NO_PARTIALCHAIN` option, libcurl could accidentally reuse a CA store cached in memory for which the partial chain option was reversed. Contrary to the user's wishes and expectations. This could make libcurl find and accept a trust chain that it otherwise would not."
"qubership-jaeger","trivy","ghcr.io/jaegertracing/spark-dependencies/spark-dependencies:latest","CVE-2025-15079","LOW","libcurl4t64","8.5.0-2ubuntu10.6","","When doing SSH-based transfers using either SCP or SFTP, and setting the known_hosts file, libcurl could still mistakenly accept connecting to hosts *not present* in the specified file if they were added as recognized in the libssh *global* known_hosts file."
"qubership-jaeger","trivy","ghcr.io/jaegertracing/spark-dependencies/spark-dependencies:latest","CVE-2025-15224","LOW","libcurl4t64","8.5.0-2ubuntu10.6","","When doing SSH-based transfers using either SCP or SFTP, and asked to do public key authentication, curl would wrongly still ask and authenticate using a locally running SSH agent."
"qubership-jaeger","trivy","ghcr.io/jaegertracing/spark-dependencies/spark-dependencies:latest","CVE-2025-9086","LOW","libcurl4t64","8.5.0-2ubuntu10.6","","1. A cookie is set using the `secure` keyword for `https://target`   2. curl is redirected to or otherwise made to speak with `http://target` (same     hostname, but using clear text HTTP) using the same cookie set   3. The same cookie name is set - but with just a slash as path (`path=\""/\"",`).    Since this site is not secure, the cookie *should* just be ignored. 4. A bug in the path comparison logic makes curl read outside a heap buffer    boundary  The bug either causes a crash or it potentially makes the comparison come to the wrong conclusion and lets the clear-text site override the contents of the secure cookie, contrary to expectations and depending on the memory contents immediately following the single-byte allocation that holds the path.  The presumed and correct behavior would be to plainly ignore the second set of the cookie since it was already set as secure on a secure host so overriding it on an insecure host should not be okay."
"qubership-jaeger","trivy","ghcr.io/jaegertracing/spark-dependencies/spark-dependencies:latest","CVE-2025-66382","MEDIUM","libexpat1","2.6.1-2ubuntu0.3","","In libexpat through 2.7.3, a crafted file with an approximate size of 2 MiB can lead to dozens of seconds of processing time."
"qubership-jaeger","trivy","ghcr.io/jaegertracing/spark-dependencies/spark-dependencies:latest","CVE-2024-2236","LOW","libgcrypt20","1.10.3-2build1","","A timing-based side-channel flaw was found in libgcrypt's RSA implementation. This issue may allow a remote attacker to initiate a Bleichenbacher-style attack, which can lead to the decryption of RSA ciphertexts."
"qubership-jaeger","trivy","ghcr.io/jaegertracing/spark-dependencies/spark-dependencies:latest","CVE-2025-8941","MEDIUM","libpam-modules","1.5.3-5ubuntu5.5","","A flaw was found in linux-pam. The pam_namespace module may improperly handle user-controlled paths, allowing local users to exploit symlink attacks and race conditions to elevate their privileges to root. This CVE provides a ""complete"" fix for CVE-2025-6020."
"qubership-jaeger","trivy","ghcr.io/jaegertracing/spark-dependencies/spark-dependencies:latest","CVE-2025-8941","MEDIUM","libpam-modules-bin","1.5.3-5ubuntu5.5","","A flaw was found in linux-pam. The pam_namespace module may improperly handle user-controlled paths, allowing local users to exploit symlink attacks and race conditions to elevate their privileges to root. This CVE provides a ""complete"" fix for CVE-2025-6020."
"qubership-jaeger","trivy","ghcr.io/jaegertracing/spark-dependencies/spark-dependencies:latest","CVE-2025-8941","MEDIUM","libpam-runtime","1.5.3-5ubuntu5.5","","A flaw was found in linux-pam. The pam_namespace module may improperly handle user-controlled paths, allowing local users to exploit symlink attacks and race conditions to elevate their privileges to root. This CVE provides a ""complete"" fix for CVE-2025-6020."
"qubership-jaeger","trivy","ghcr.io/jaegertracing/spark-dependencies/spark-dependencies:latest","CVE-2025-8941","MEDIUM","libpam0g","1.5.3-5ubuntu5.5","","A flaw was found in linux-pam. The pam_namespace module may improperly handle user-controlled paths, allowing local users to exploit symlink attacks and race conditions to elevate their privileges to root. This CVE provides a ""complete"" fix for CVE-2025-6020."
"qubership-jaeger","trivy","ghcr.io/jaegertracing/spark-dependencies/spark-dependencies:latest","CVE-2025-64505","MEDIUM","libpng16-16t64","1.6.43-5build1","1.6.43-5ubuntu0.1","LIBPNG is a reference library for use in applications that read, create, and manipulate PNG (Portable Network Graphics) raster image files. Prior to version 1.6.51, a heap buffer over-read vulnerability exists in libpng's png_do_quantize function when processing PNG files with malformed palette indices. The vulnerability occurs when palette_lookup array bounds are not validated against externally-supplied image data, allowing an attacker to craft a PNG file with out-of-range palette indices that trigger out-of-bounds memory access. This issue has been patched in version 1.6.51."
"qubership-jaeger","trivy","ghcr.io/jaegertracing/spark-dependencies/spark-dependencies:latest","CVE-2025-64506","MEDIUM","libpng16-16t64","1.6.43-5build1","1.6.43-5ubuntu0.1","LIBPNG is a reference library for use in applications that read, create, and manipulate PNG (Portable Network Graphics) raster image files. From version 1.6.0 to before 1.6.51, a heap buffer over-read vulnerability exists in libpng's png_write_image_8bit function when processing 8-bit images through the simplified write API with convert_to_8bit enabled. The vulnerability affects 8-bit grayscale+alpha, RGB/RGBA, and images with incomplete row data. A conditional guard incorrectly allows 8-bit input to enter code expecting 16-bit input, causing reads up to 2 bytes beyond allocated buffer boundaries. This issue has been patched in version 1.6.51."
"qubership-jaeger","trivy","ghcr.io/jaegertracing/spark-dependencies/spark-dependencies:latest","CVE-2025-64720","MEDIUM","libpng16-16t64","1.6.43-5build1","1.6.43-5ubuntu0.1","LIBPNG is a reference library for use in applications that read, create, and manipulate PNG (Portable Network Graphics) raster image files. From version 1.6.0 to before 1.6.51, an out-of-bounds read vulnerability exists in png_image_read_composite when processing palette images with PNG_FLAG_OPTIMIZE_ALPHA enabled. The palette compositing code in png_init_read_transformations incorrectly applies background compositing during premultiplication, violating the invariant component ≤ alpha × 257 required by the simplified PNG API. This issue has been patched in version 1.6.51."
"qubership-jaeger","trivy","ghcr.io/jaegertracing/spark-dependencies/spark-dependencies:latest","CVE-2025-65018","MEDIUM","libpng16-16t64","1.6.43-5build1","1.6.43-5ubuntu0.1","LIBPNG is a reference library for use in applications that read, create, and manipulate PNG (Portable Network Graphics) raster image files. From version 1.6.0 to before 1.6.51, there is a heap buffer overflow vulnerability in the libpng simplified API function png_image_finish_read when processing 16-bit interlaced PNGs with 8-bit output format. Attacker-crafted interlaced PNG files cause heap writes beyond allocated buffer bounds. This issue has been patched in version 1.6.51."
"qubership-jaeger","trivy","ghcr.io/jaegertracing/spark-dependencies/spark-dependencies:latest","CVE-2025-66293","MEDIUM","libpng16-16t64","1.6.43-5build1","1.6.43-5ubuntu0.3","LIBPNG is a reference library for use in applications that read, create, and manipulate PNG (Portable Network Graphics) raster image files. Prior to 1.6.52, an out-of-bounds read vulnerability in libpng's simplified API allows reading up to 1012 bytes beyond the png_sRGB_base[512] array when processing valid palette PNG images with partial transparency and gamma correction. The PNG files that trigger this vulnerability are valid per the PNG specification; the bug is in libpng's internal state management. Upgrade to libpng 1.6.52 or later."
"qubership-jaeger","trivy","ghcr.io/jaegertracing/spark-dependencies/spark-dependencies:latest","CVE-2026-22695","MEDIUM","libpng16-16t64","1.6.43-5build1","1.6.43-5ubuntu0.3","LIBPNG is a reference library for use in applications that read, create, and manipulate PNG (Portable Network Graphics) raster image files. From 1.6.51 to 1.6.53, there is a heap buffer over-read in the libpng simplified API function png_image_finish_read when processing interlaced 16-bit PNGs with 8-bit output format and non-minimal row stride. This is a regression introduced by the fix for CVE-2025-65018. This vulnerability is fixed in 1.6.54."
"qubership-jaeger","trivy","ghcr.io/jaegertracing/spark-dependencies/spark-dependencies:latest","CVE-2026-22801","MEDIUM","libpng16-16t64","1.6.43-5build1","1.6.43-5ubuntu0.3","LIBPNG is a reference library for use in applications that read, create, and manipulate PNG (Portable Network Graphics) raster image files. From 1.6.26 to 1.6.53, there is an integer truncation in the libpng simplified write API functions png_write_image_16bit and png_write_image_8bit causes heap buffer over-read when the caller provides a negative row stride (for bottom-up image layouts) or a stride exceeding 65535 bytes. The bug was introduced in libpng 1.6.26 (October 2016) by casts added to silence compiler warnings on 16-bit systems. This vulnerability is fixed in 1.6.54."
"qubership-jaeger","trivy","ghcr.io/jaegertracing/spark-dependencies/spark-dependencies:latest","CVE-2025-15467","MEDIUM","libssl3t64","3.0.13-0ubuntu3.6","3.0.13-0ubuntu3.7","Issue summary: Parsing CMS AuthEnvelopedData message with maliciously crafted AEAD parameters can trigger a stack buffer overflow.  Impact summary: A stack buffer overflow may lead to a crash, causing Denial of Service, or potentially remote code execution.  When parsing CMS AuthEnvelopedData structures that use AEAD ciphers such as AES-GCM, the IV (Initialization Vector) encoded in the ASN.1 parameters is copied into a fixed-size stack buffer without verifying that its length fits the destination. An attacker can supply a crafted CMS message with an oversized IV, causing a stack-based out-of-bounds write before any authentication or tag verification occurs.  Applications and services that parse untrusted CMS or PKCS#7 content using AEAD ciphers (e.g., S/MIME AuthEnvelopedData with AES-GCM) are vulnerable. Because the overflow occurs prior to authentication, no valid key material is required to trigger it. While exploitability to remote code execution depends on platform and toolchain mitigations, the stack-based write primitive represents a severe risk.  The FIPS modules in 3.6, 3.5, 3.4, 3.3 and 3.0 are not affected by this issue, as the CMS implementation is outside the OpenSSL FIPS module boundary.  OpenSSL 3.6, 3.5, 3.4, 3.3 and 3.0 are vulnerable to this issue.  OpenSSL 1.1.1 and 1.0.2 are not affected by this issue."
"qubership-jaeger","trivy","ghcr.io/jaegertracing/spark-dependencies/spark-dependencies:latest","CVE-2025-68160","LOW","libssl3t64","3.0.13-0ubuntu3.6","3.0.13-0ubuntu3.7","Issue summary: Writing large, newline-free data into a BIO chain using the line-buffering filter where the next BIO performs short writes can trigger a heap-based out-of-bounds write.  Impact summary: This out-of-bounds write can cause memory corruption which typically results in a crash, leading to Denial of Service for an application.  The line-buffering BIO filter (BIO_f_linebuffer) is not used by default in TLS/SSL data paths. In OpenSSL command-line applications, it is typically only pushed onto stdout/stderr on VMS systems. Third-party applications that explicitly use this filter with a BIO chain that can short-write and that write large, newline-free data influenced by an attacker would be affected. However, the circumstances where this could happen are unlikely to be under attacker control, and BIO_f_linebuffer is unlikely to be handling non-curated data controlled by an attacker. For that reason the issue was assessed as Low severity.  The FIPS modules in 3.6, 3.5, 3.4, 3.3 and 3.0 are not affected by this issue, as the BIO implementation is outside the OpenSSL FIPS module boundary.  OpenSSL 3.6, 3.5, 3.4, 3.3, 3.0, 1.1.1 and 1.0.2 are vulnerable to this issue."
"qubership-jaeger","trivy","ghcr.io/jaegertracing/spark-dependencies/spark-dependencies:latest","CVE-2025-69418","LOW","libssl3t64","3.0.13-0ubuntu3.6","3.0.13-0ubuntu3.7","Issue summary: When using the low-level OCB API directly with AES-NI or<br>other hardware-accelerated code paths, inputs whose length is not a multiple<br>of 16 bytes can leave the final partial block unencrypted and unauthenticated.<br><br>Impact summary: The trailing 1-15 bytes of a message may be exposed in<br>cleartext on encryption and are not covered by the authentication tag,<br>allowing an attacker to read or tamper with those bytes without detection.<br><br>The low-level OCB encrypt and decrypt routines in the hardware-accelerated<br>stream path process full 16-byte blocks but do not advance the input/output<br>pointers. The subsequent tail-handling code then operates on the original<br>base pointers, effectively reprocessing the beginning of the buffer while<br>leaving the actual trailing bytes unprocessed. The authentication checksum<br>also excludes the true tail bytes.<br><br>However, typical OpenSSL consumers using EVP are not affected because the<br>higher-level EVP and provider OCB implementations split inputs so that full<br>blocks and trailing partial blocks are processed in separate calls, avoiding<br>the problematic code path. Additionally, TLS does not use OCB ciphersuites.<br>The vulnerability only affects applications that call the low-level<br>CRYPTO_ocb128_encrypt() or CRYPTO_ocb128_decrypt() functions directly with<br>non-block-aligned lengths in a single call on hardware-accelerated builds.<br>For these reasons the issue was assessed as Low severity.<br><br>The FIPS modules in 3.6, 3.5, 3.4, 3.3, 3.2, 3.1 and 3.0 are not affected<br>by this issue, as OCB mode is not a FIPS-approved algorithm.<br><br>OpenSSL 3.6, 3.5, 3.4, 3.3, 3.0 and 1.1.1 are vulnerable to this issue.<br><br>OpenSSL 1.0.2 is not affected by this issue."
"qubership-jaeger","trivy","ghcr.io/jaegertracing/spark-dependencies/spark-dependencies:latest","CVE-2025-69419","LOW","libssl3t64","3.0.13-0ubuntu3.6","3.0.13-0ubuntu3.7","Issue summary: Calling PKCS12_get_friendlyname() function on a maliciously crafted PKCS#12 file with a BMPString (UTF-16BE) friendly name containing non-ASCII BMP code point can trigger a one byte write before the allocated buffer.  Impact summary: The out-of-bounds write can cause a memory corruption which can have various consequences including a Denial of Service.  The OPENSSL_uni2utf8() function performs a two-pass conversion of a PKCS#12 BMPString (UTF-16BE) to UTF-8. In the second pass, when emitting UTF-8 bytes, the helper function bmp_to_utf8() incorrectly forwards the remaining UTF-16 source byte count as the destination buffer capacity to UTF8_putc(). For BMP code points above U+07FF, UTF-8 requires three bytes, but the forwarded capacity can be just two bytes. UTF8_putc() then returns -1, and this negative value is added to the output length without validation, causing the length to become negative. The subsequent trailing NUL byte is then written at a negative offset, causing write outside of heap allocated buffer.  The vulnerability is reachable via the public PKCS12_get_friendlyname() API when parsing attacker-controlled PKCS#12 files. While PKCS12_parse() uses a different code path that avoids this issue, PKCS12_get_friendlyname() directly invokes the vulnerable function. Exploitation requires an attacker to provide a malicious PKCS#12 file to be parsed by the application and the attacker can just trigger a one zero byte write before the allocated buffer. For that reason the issue was assessed as Low severity according to our Security Policy.  The FIPS modules in 3.6, 3.5, 3.4, 3.3 and 3.0 are not affected by this issue, as the PKCS#12 implementation is outside the OpenSSL FIPS module boundary.  OpenSSL 3.6, 3.5, 3.4, 3.3, 3.0 and 1.1.1 are vulnerable to this issue.  OpenSSL 1.0.2 is not affected by this issue."
"qubership-jaeger","trivy","ghcr.io/jaegertracing/spark-dependencies/spark-dependencies:latest","CVE-2025-69420","LOW","libssl3t64","3.0.13-0ubuntu3.6","3.0.13-0ubuntu3.7","Issue summary: A type confusion vulnerability exists in the TimeStamp Response verification code where an ASN1_TYPE union member is accessed without first validating the type, causing an invalid or NULL pointer dereference when processing a malformed TimeStamp Response file.  Impact summary: An application calling TS_RESP_verify_response() with a malformed TimeStamp Response can be caused to dereference an invalid or NULL pointer when reading, resulting in a Denial of Service.  The functions ossl_ess_get_signing_cert() and ossl_ess_get_signing_cert_v2() access the signing cert attribute value without validating its type. When the type is not V_ASN1_SEQUENCE, this results in accessing invalid memory through the ASN1_TYPE union, causing a crash.  Exploiting this vulnerability requires an attacker to provide a malformed TimeStamp Response to an application that verifies timestamp responses. The TimeStamp protocol (RFC 3161) is not widely used and the impact of the exploit is just a Denial of Service. For these reasons the issue was assessed as Low severity.  The FIPS modules in 3.5, 3.4, 3.3 and 3.0 are not affected by this issue, as the TimeStamp Response implementation is outside the OpenSSL FIPS module boundary.  OpenSSL 3.6, 3.5, 3.4, 3.3, 3.0 and 1.1.1 are vulnerable to this issue.  OpenSSL 1.0.2 is not affected by this issue."
"qubership-jaeger","trivy","ghcr.io/jaegertracing/spark-dependencies/spark-dependencies:latest","CVE-2025-69421","LOW","libssl3t64","3.0.13-0ubuntu3.6","3.0.13-0ubuntu3.7","Issue summary: Processing a malformed PKCS#12 file can trigger a NULL pointer dereference in the PKCS12_item_decrypt_d2i_ex() function.  Impact summary: A NULL pointer dereference can trigger a crash which leads to Denial of Service for an application processing PKCS#12 files.  The PKCS12_item_decrypt_d2i_ex() function does not check whether the oct parameter is NULL before dereferencing it. When called from PKCS12_unpack_p7encdata() with a malformed PKCS#12 file, this parameter can be NULL, causing a crash. The vulnerability is limited to Denial of Service and cannot be escalated to achieve code execution or memory disclosure.  Exploiting this issue requires an attacker to provide a malformed PKCS#12 file to an application that processes it. For that reason the issue was assessed as Low severity according to our Security Policy.  The FIPS modules in 3.6, 3.5, 3.4, 3.3 and 3.0 are not affected by this issue, as the PKCS#12 implementation is outside the OpenSSL FIPS module boundary.  OpenSSL 3.6, 3.5, 3.4, 3.3, 3.0, 1.1.1 and 1.0.2 are vulnerable to this issue."
"qubership-jaeger","trivy","ghcr.io/jaegertracing/spark-dependencies/spark-dependencies:latest","CVE-2026-22795","LOW","libssl3t64","3.0.13-0ubuntu3.6","3.0.13-0ubuntu3.7","Issue summary: An invalid or NULL pointer dereference can happen in an application processing a malformed PKCS#12 file.  Impact summary: An application processing a malformed PKCS#12 file can be caused to dereference an invalid or NULL pointer on memory read, resulting in a Denial of Service.  A type confusion vulnerability exists in PKCS#12 parsing code where an ASN1_TYPE union member is accessed without first validating the type, causing an invalid pointer read.  The location is constrained to a 1-byte address space, meaning any attempted pointer manipulation can only target addresses between 0x00 and 0xFF. This range corresponds to the zero page, which is unmapped on most modern operating systems and will reliably result in a crash, leading only to a Denial of Service. Exploiting this issue also requires a user or application to process a maliciously crafted PKCS#12 file. It is uncommon to accept untrusted PKCS#12 files in applications as they are usually used to store private keys which are trusted by definition. For these reasons, the issue was assessed as Low severity.  The FIPS modules in 3.5, 3.4, 3.3 and 3.0 are not affected by this issue, as the PKCS12 implementation is outside the OpenSSL FIPS module boundary.  OpenSSL 3.6, 3.5, 3.4, 3.3, 3.0 and 1.1.1 are vulnerable to this issue.  OpenSSL 1.0.2 is not affected by this issue."
"qubership-jaeger","trivy","ghcr.io/jaegertracing/spark-dependencies/spark-dependencies:latest","CVE-2026-22796","LOW","libssl3t64","3.0.13-0ubuntu3.6","3.0.13-0ubuntu3.7","Issue summary: A type confusion vulnerability exists in the signature verification of signed PKCS#7 data where an ASN1_TYPE union member is accessed without first validating the type, causing an invalid or NULL pointer dereference when processing malformed PKCS#7 data.  Impact summary: An application performing signature verification of PKCS#7 data or calling directly the PKCS7_digest_from_attributes() function can be caused to dereference an invalid or NULL pointer when reading, resulting in a Denial of Service.  The function PKCS7_digest_from_attributes() accesses the message digest attribute value without validating its type. When the type is not V_ASN1_OCTET_STRING, this results in accessing invalid memory through the ASN1_TYPE union, causing a crash.  Exploiting this vulnerability requires an attacker to provide a malformed signed PKCS#7 to an application that verifies it. The impact of the exploit is just a Denial of Service, the PKCS7 API is legacy and applications should be using the CMS API instead. For these reasons the issue was assessed as Low severity.  The FIPS modules in 3.5, 3.4, 3.3 and 3.0 are not affected by this issue, as the PKCS#7 parsing implementation is outside the OpenSSL FIPS module boundary.  OpenSSL 3.6, 3.5, 3.4, 3.3, 3.0, 1.1.1 and 1.0.2 are vulnerable to this issue."
"qubership-jaeger","trivy","ghcr.io/jaegertracing/spark-dependencies/spark-dependencies:latest","CVE-2025-13151","MEDIUM","libtasn1-6","4.19.0-3ubuntu0.24.04.1","4.19.0-3ubuntu0.24.04.2","Stack-based buffer overflow in libtasn1 version: v4.20.0. The function fails to validate the size of input data resulting in a buffer overflow in asn1_expend_octet_string."
"qubership-jaeger","trivy","ghcr.io/jaegertracing/spark-dependencies/spark-dependencies:latest","CVE-2026-0861","MEDIUM","locales","2.39-0ubuntu8.6","","Passing too large an alignment to the memalign suite of functions (memalign, posix_memalign, aligned_alloc) in the GNU C Library version 2.30 to 2.42 may result in an integer overflow, which could consequently result in a heap corruption.  Note that the attacker must have control over both, the size as well as the alignment arguments of the memalign function to be able to exploit this.  The size parameter must be close enough to PTRDIFF_MAX so as to overflow size_t along with the large alignment argument.  This limits the malicious inputs for the alignment for memalign to the range [1<<62+ 1, 1<<63] and exactly 1<<63 for posix_memalign and aligned_alloc.  Typically the alignment argument passed to such functions is a known constrained quantity (e.g. page size, block size, struct sizes) and is not attacker controlled, because of which this may not be easily exploitable in practice.  An application bug could potentially result in the input alignment being too large, e.g. due to a different buffer overflow or integer overflow in the application or its dependent libraries, but that is again an uncommon usage pattern given typical sources of alignments."
"qubership-jaeger","trivy","ghcr.io/jaegertracing/spark-dependencies/spark-dependencies:latest","CVE-2024-56433","LOW","login","1:4.13+dfsg1-4ubuntu3.2","","shadow-utils (aka shadow) 4.4 through 4.17.0 establishes a default /etc/subuid behavior (e.g., uid 100000 through 165535 for the first user account) that can realistically conflict with the uids of users defined on locally administered networks, potentially leading to account takeover, e.g., by leveraging newuidmap for access to an NFS home directory (or same-host resources in the case of remote logins by these local network users). NOTE: it may also be argued that system administrators should not have assigned uids, within local networks, that are within the range that can occur in /etc/subuid."
"qubership-jaeger","trivy","ghcr.io/jaegertracing/spark-dependencies/spark-dependencies:latest","CVE-2025-15467","MEDIUM","openssl","3.0.13-0ubuntu3.6","3.0.13-0ubuntu3.7","Issue summary: Parsing CMS AuthEnvelopedData message with maliciously crafted AEAD parameters can trigger a stack buffer overflow.  Impact summary: A stack buffer overflow may lead to a crash, causing Denial of Service, or potentially remote code execution.  When parsing CMS AuthEnvelopedData structures that use AEAD ciphers such as AES-GCM, the IV (Initialization Vector) encoded in the ASN.1 parameters is copied into a fixed-size stack buffer without verifying that its length fits the destination. An attacker can supply a crafted CMS message with an oversized IV, causing a stack-based out-of-bounds write before any authentication or tag verification occurs.  Applications and services that parse untrusted CMS or PKCS#7 content using AEAD ciphers (e.g., S/MIME AuthEnvelopedData with AES-GCM) are vulnerable. Because the overflow occurs prior to authentication, no valid key material is required to trigger it. While exploitability to remote code execution depends on platform and toolchain mitigations, the stack-based write primitive represents a severe risk.  The FIPS modules in 3.6, 3.5, 3.4, 3.3 and 3.0 are not affected by this issue, as the CMS implementation is outside the OpenSSL FIPS module boundary.  OpenSSL 3.6, 3.5, 3.4, 3.3 and 3.0 are vulnerable to this issue.  OpenSSL 1.1.1 and 1.0.2 are not affected by this issue."
"qubership-jaeger","trivy","ghcr.io/jaegertracing/spark-dependencies/spark-dependencies:latest","CVE-2025-68160","LOW","openssl","3.0.13-0ubuntu3.6","3.0.13-0ubuntu3.7","Issue summary: Writing large, newline-free data into a BIO chain using the line-buffering filter where the next BIO performs short writes can trigger a heap-based out-of-bounds write.  Impact summary: This out-of-bounds write can cause memory corruption which typically results in a crash, leading to Denial of Service for an application.  The line-buffering BIO filter (BIO_f_linebuffer) is not used by default in TLS/SSL data paths. In OpenSSL command-line applications, it is typically only pushed onto stdout/stderr on VMS systems. Third-party applications that explicitly use this filter with a BIO chain that can short-write and that write large, newline-free data influenced by an attacker would be affected. However, the circumstances where this could happen are unlikely to be under attacker control, and BIO_f_linebuffer is unlikely to be handling non-curated data controlled by an attacker. For that reason the issue was assessed as Low severity.  The FIPS modules in 3.6, 3.5, 3.4, 3.3 and 3.0 are not affected by this issue, as the BIO implementation is outside the OpenSSL FIPS module boundary.  OpenSSL 3.6, 3.5, 3.4, 3.3, 3.0, 1.1.1 and 1.0.2 are vulnerable to this issue."
"qubership-jaeger","trivy","ghcr.io/jaegertracing/spark-dependencies/spark-dependencies:latest","CVE-2025-69418","LOW","openssl","3.0.13-0ubuntu3.6","3.0.13-0ubuntu3.7","Issue summary: When using the low-level OCB API directly with AES-NI or<br>other hardware-accelerated code paths, inputs whose length is not a multiple<br>of 16 bytes can leave the final partial block unencrypted and unauthenticated.<br><br>Impact summary: The trailing 1-15 bytes of a message may be exposed in<br>cleartext on encryption and are not covered by the authentication tag,<br>allowing an attacker to read or tamper with those bytes without detection.<br><br>The low-level OCB encrypt and decrypt routines in the hardware-accelerated<br>stream path process full 16-byte blocks but do not advance the input/output<br>pointers. The subsequent tail-handling code then operates on the original<br>base pointers, effectively reprocessing the beginning of the buffer while<br>leaving the actual trailing bytes unprocessed. The authentication checksum<br>also excludes the true tail bytes.<br><br>However, typical OpenSSL consumers using EVP are not affected because the<br>higher-level EVP and provider OCB implementations split inputs so that full<br>blocks and trailing partial blocks are processed in separate calls, avoiding<br>the problematic code path. Additionally, TLS does not use OCB ciphersuites.<br>The vulnerability only affects applications that call the low-level<br>CRYPTO_ocb128_encrypt() or CRYPTO_ocb128_decrypt() functions directly with<br>non-block-aligned lengths in a single call on hardware-accelerated builds.<br>For these reasons the issue was assessed as Low severity.<br><br>The FIPS modules in 3.6, 3.5, 3.4, 3.3, 3.2, 3.1 and 3.0 are not affected<br>by this issue, as OCB mode is not a FIPS-approved algorithm.<br><br>OpenSSL 3.6, 3.5, 3.4, 3.3, 3.0 and 1.1.1 are vulnerable to this issue.<br><br>OpenSSL 1.0.2 is not affected by this issue."
"qubership-jaeger","trivy","ghcr.io/jaegertracing/spark-dependencies/spark-dependencies:latest","CVE-2025-69419","LOW","openssl","3.0.13-0ubuntu3.6","3.0.13-0ubuntu3.7","Issue summary: Calling PKCS12_get_friendlyname() function on a maliciously crafted PKCS#12 file with a BMPString (UTF-16BE) friendly name containing non-ASCII BMP code point can trigger a one byte write before the allocated buffer.  Impact summary: The out-of-bounds write can cause a memory corruption which can have various consequences including a Denial of Service.  The OPENSSL_uni2utf8() function performs a two-pass conversion of a PKCS#12 BMPString (UTF-16BE) to UTF-8. In the second pass, when emitting UTF-8 bytes, the helper function bmp_to_utf8() incorrectly forwards the remaining UTF-16 source byte count as the destination buffer capacity to UTF8_putc(). For BMP code points above U+07FF, UTF-8 requires three bytes, but the forwarded capacity can be just two bytes. UTF8_putc() then returns -1, and this negative value is added to the output length without validation, causing the length to become negative. The subsequent trailing NUL byte is then written at a negative offset, causing write outside of heap allocated buffer.  The vulnerability is reachable via the public PKCS12_get_friendlyname() API when parsing attacker-controlled PKCS#12 files. While PKCS12_parse() uses a different code path that avoids this issue, PKCS12_get_friendlyname() directly invokes the vulnerable function. Exploitation requires an attacker to provide a malicious PKCS#12 file to be parsed by the application and the attacker can just trigger a one zero byte write before the allocated buffer. For that reason the issue was assessed as Low severity according to our Security Policy.  The FIPS modules in 3.6, 3.5, 3.4, 3.3 and 3.0 are not affected by this issue, as the PKCS#12 implementation is outside the OpenSSL FIPS module boundary.  OpenSSL 3.6, 3.5, 3.4, 3.3, 3.0 and 1.1.1 are vulnerable to this issue.  OpenSSL 1.0.2 is not affected by this issue."
"qubership-jaeger","trivy","ghcr.io/jaegertracing/spark-dependencies/spark-dependencies:latest","CVE-2025-69420","LOW","openssl","3.0.13-0ubuntu3.6","3.0.13-0ubuntu3.7","Issue summary: A type confusion vulnerability exists in the TimeStamp Response verification code where an ASN1_TYPE union member is accessed without first validating the type, causing an invalid or NULL pointer dereference when processing a malformed TimeStamp Response file.  Impact summary: An application calling TS_RESP_verify_response() with a malformed TimeStamp Response can be caused to dereference an invalid or NULL pointer when reading, resulting in a Denial of Service.  The functions ossl_ess_get_signing_cert() and ossl_ess_get_signing_cert_v2() access the signing cert attribute value without validating its type. When the type is not V_ASN1_SEQUENCE, this results in accessing invalid memory through the ASN1_TYPE union, causing a crash.  Exploiting this vulnerability requires an attacker to provide a malformed TimeStamp Response to an application that verifies timestamp responses. The TimeStamp protocol (RFC 3161) is not widely used and the impact of the exploit is just a Denial of Service. For these reasons the issue was assessed as Low severity.  The FIPS modules in 3.5, 3.4, 3.3 and 3.0 are not affected by this issue, as the TimeStamp Response implementation is outside the OpenSSL FIPS module boundary.  OpenSSL 3.6, 3.5, 3.4, 3.3, 3.0 and 1.1.1 are vulnerable to this issue.  OpenSSL 1.0.2 is not affected by this issue."
"qubership-jaeger","trivy","ghcr.io/jaegertracing/spark-dependencies/spark-dependencies:latest","CVE-2025-69421","LOW","openssl","3.0.13-0ubuntu3.6","3.0.13-0ubuntu3.7","Issue summary: Processing a malformed PKCS#12 file can trigger a NULL pointer dereference in the PKCS12_item_decrypt_d2i_ex() function.  Impact summary: A NULL pointer dereference can trigger a crash which leads to Denial of Service for an application processing PKCS#12 files.  The PKCS12_item_decrypt_d2i_ex() function does not check whether the oct parameter is NULL before dereferencing it. When called from PKCS12_unpack_p7encdata() with a malformed PKCS#12 file, this parameter can be NULL, causing a crash. The vulnerability is limited to Denial of Service and cannot be escalated to achieve code execution or memory disclosure.  Exploiting this issue requires an attacker to provide a malformed PKCS#12 file to an application that processes it. For that reason the issue was assessed as Low severity according to our Security Policy.  The FIPS modules in 3.6, 3.5, 3.4, 3.3 and 3.0 are not affected by this issue, as the PKCS#12 implementation is outside the OpenSSL FIPS module boundary.  OpenSSL 3.6, 3.5, 3.4, 3.3, 3.0, 1.1.1 and 1.0.2 are vulnerable to this issue."
"qubership-jaeger","trivy","ghcr.io/jaegertracing/spark-dependencies/spark-dependencies:latest","CVE-2026-22795","LOW","openssl","3.0.13-0ubuntu3.6","3.0.13-0ubuntu3.7","Issue summary: An invalid or NULL pointer dereference can happen in an application processing a malformed PKCS#12 file.  Impact summary: An application processing a malformed PKCS#12 file can be caused to dereference an invalid or NULL pointer on memory read, resulting in a Denial of Service.  A type confusion vulnerability exists in PKCS#12 parsing code where an ASN1_TYPE union member is accessed without first validating the type, causing an invalid pointer read.  The location is constrained to a 1-byte address space, meaning any attempted pointer manipulation can only target addresses between 0x00 and 0xFF. This range corresponds to the zero page, which is unmapped on most modern operating systems and will reliably result in a crash, leading only to a Denial of Service. Exploiting this issue also requires a user or application to process a maliciously crafted PKCS#12 file. It is uncommon to accept untrusted PKCS#12 files in applications as they are usually used to store private keys which are trusted by definition. For these reasons, the issue was assessed as Low severity.  The FIPS modules in 3.5, 3.4, 3.3 and 3.0 are not affected by this issue, as the PKCS12 implementation is outside the OpenSSL FIPS module boundary.  OpenSSL 3.6, 3.5, 3.4, 3.3, 3.0 and 1.1.1 are vulnerable to this issue.  OpenSSL 1.0.2 is not affected by this issue."
"qubership-jaeger","trivy","ghcr.io/jaegertracing/spark-dependencies/spark-dependencies:latest","CVE-2026-22796","LOW","openssl","3.0.13-0ubuntu3.6","3.0.13-0ubuntu3.7","Issue summary: A type confusion vulnerability exists in the signature verification of signed PKCS#7 data where an ASN1_TYPE union member is accessed without first validating the type, causing an invalid or NULL pointer dereference when processing malformed PKCS#7 data.  Impact summary: An application performing signature verification of PKCS#7 data or calling directly the PKCS7_digest_from_attributes() function can be caused to dereference an invalid or NULL pointer when reading, resulting in a Denial of Service.  The function PKCS7_digest_from_attributes() accesses the message digest attribute value without validating its type. When the type is not V_ASN1_OCTET_STRING, this results in accessing invalid memory through the ASN1_TYPE union, causing a crash.  Exploiting this vulnerability requires an attacker to provide a malformed signed PKCS#7 to an application that verifies it. The impact of the exploit is just a Denial of Service, the PKCS7 API is legacy and applications should be using the CMS API instead. For these reasons the issue was assessed as Low severity.  The FIPS modules in 3.5, 3.4, 3.3 and 3.0 are not affected by this issue, as the PKCS#7 parsing implementation is outside the OpenSSL FIPS module boundary.  OpenSSL 3.6, 3.5, 3.4, 3.3, 3.0, 1.1.1 and 1.0.2 are vulnerable to this issue."
"qubership-jaeger","trivy","ghcr.io/jaegertracing/spark-dependencies/spark-dependencies:latest","CVE-2024-56433","LOW","passwd","1:4.13+dfsg1-4ubuntu3.2","","shadow-utils (aka shadow) 4.4 through 4.17.0 establishes a default /etc/subuid behavior (e.g., uid 100000 through 165535 for the first user account) that can realistically conflict with the uids of users defined on locally administered networks, potentially leading to account takeover, e.g., by leveraging newuidmap for access to an NFS home directory (or same-host resources in the case of remote logins by these local network users). NOTE: it may also be argued that system administrators should not have assigned uids, within local networks, that are within the range that can occur in /etc/subuid."
"qubership-jaeger","trivy","ghcr.io/jaegertracing/spark-dependencies/spark-dependencies:latest","CVE-2025-45582","MEDIUM","tar","1.35+dfsg-3build1","","GNU Tar through 1.35 allows file overwrite via directory traversal in crafted TAR archives, with a certain two-step process. First, the victim must extract an archive that contains a ../ symlink to a critical directory. Second, the victim must extract an archive that contains a critical file, specified via a relative pathname that begins with the symlink name and ends with that critical file's name. Here, the extraction follows the symlink and overwrites the critical file. This bypasses the protection mechanism of ""Member name contains '..'"" that would occur for a single TAR archive that attempted to specify the critical file via a ../ approach. For example, the first archive can contain ""x -> ../../../../../home/victim/.ssh"" and the second archive can contain x/authorized_keys. This can affect server applications that automatically extract any number of user-supplied TAR archives, and were relying on the blocking of traversal. This can also affect software installation processes in which ""tar xf"" is run more than once (e.g., when installing a package can automatically install two dependencies that are set up as untrusted tarballs instead of official packages). NOTE: the official GNU Tar manual has an otherwise-empty directory for each ""tar xf"" in its Security Rules of Thumb; however, third-party advice leads users to run ""tar xf"" more than once into the same directory."
"qubership-jaeger","trivy","ghcr.io/jaegertracing/spark-dependencies/spark-dependencies:latest","CVE-2021-31879","MEDIUM","wget","1.21.4-1ubuntu4.1","","GNU Wget through 1.21.1 does not omit the Authorization header upon a redirect to a different origin, a related issue to CVE-2018-1000007."
"qubership-jaeger","trivy","ghcr.io/jaegertracing/spark-dependencies/spark-dependencies:latest","CVE-2025-52999","HIGH","com.fasterxml.jackson.core:jackson-core","2.13.4","2.15.0","jackson-core contains core low-level incremental (""streaming"") parser and generator abstractions used by Jackson Data Processor. In versions prior to 2.15.0, if a user parses an input file and it has deeply nested data, Jackson could end up throwing a StackoverflowError if the depth is particularly large. jackson-core 2.15.0 contains a configurable limit for how deep Jackson will traverse in an input document, defaulting to an allowable depth of 1000. jackson-core will throw a StreamConstraintsException if the limit is reached. jackson-databind also benefits from this change because it uses jackson-core to parse JSON inputs. As a workaround, users should avoid parsing input files from untrusted sources."
"qubership-jaeger","trivy","ghcr.io/jaegertracing/spark-dependencies/spark-dependencies:latest","CVE-2018-10237","MEDIUM","com.google.guava:guava","14.0.1","24.1.1-android","Unbounded memory allocation in Google Guava 11.0 through 24.x before 24.1.1 allows remote attackers to conduct denial of service attacks against servers that depend on this library and deserialize attacker-provided data, because the AtomicDoubleArray class (when serialized with Java serialization) and the CompoundOrdering class (when serialized with GWT serialization) perform eager allocation without appropriate checks on what a client has sent and whether the data size is reasonable."
"qubership-jaeger","trivy","ghcr.io/jaegertracing/spark-dependencies/spark-dependencies:latest","CVE-2023-2976","MEDIUM","com.google.guava:guava","14.0.1","32.0.0-android","Use of Java's default temporary directory for file creation in `FileBackedOutputStream` in Google Guava versions 1.0 to 31.1 on Unix systems and Android Ice Cream Sandwich allows other users and apps on the machine with access to the default Java temporary directory to be able to access the files created by the class.  Even though the security vulnerability is fixed in version 32.0.0, we recommend using version 32.0.1 as version 32.0.0 breaks some functionality under Windows."
"qubership-jaeger","trivy","ghcr.io/jaegertracing/spark-dependencies/spark-dependencies:latest","CVE-2020-8908","LOW","com.google.guava:guava","14.0.1","32.0.0-android","A temp directory creation vulnerability exists in all versions of Guava, allowing an attacker with access to the machine to potentially access data in a temporary directory created by the Guava API com.google.common.io.Files.createTempDir(). By default, on unix-like systems, the created directory is world-readable (readable by an attacker with access to the system). The method in question has been marked @Deprecated in versions 30.0 and later and should not be used. For Android developers, we recommend choosing a temporary directory API provided by Android, such as context.getCacheDir(). For other Java developers, we recommend migrating to the Java 7 API java.nio.file.Files.createTempDirectory() which explicitly configures permissions of 700, or configuring the Java runtime's java.io.tmpdir system property to point to a location whose permissions are appropriately configured.  "
"qubership-jaeger","trivy","ghcr.io/jaegertracing/spark-dependencies/spark-dependencies:latest","CVE-2023-52428","HIGH","com.nimbusds:nimbus-jose-jwt","9.8.1","9.37.2","In Connect2id Nimbus JOSE+JWT before 9.37.2, an attacker can cause a denial of service (resource consumption) via a large JWE p2c header value (aka iteration count) for the PasswordBasedDecrypter (PBKDF2) component."
"qubership-jaeger","trivy","ghcr.io/jaegertracing/spark-dependencies/spark-dependencies:latest","CVE-2025-53864","MEDIUM","com.nimbusds:nimbus-jose-jwt","9.8.1","10.0.2, 9.37.4","Connect2id Nimbus JOSE + JWT 10.0.x before 10.0.2 and 9.37.x before 9.37.4 allows a remote attacker to cause a denial of service via a deeply nested JSON object supplied in a JWT claim set, because of uncontrolled recursion. NOTE: this is independent of the Gson 2.11.0 issue because the Connect2id product could have checked the JSON object nesting depth, regardless of what limits (if any) were imposed by Gson."
"qubership-jaeger","trivy","ghcr.io/jaegertracing/spark-dependencies/spark-dependencies:latest","CVE-2024-25638","HIGH","dnsjava:dnsjava","2.1.7","3.6.0","dnsjava is an implementation of DNS in Java. Records in DNS replies are not checked for their relevance to the query, allowing an attacker to respond with RRs from different zones. This vulnerability is fixed in 3.6.0."
"qubership-jaeger","trivy","ghcr.io/jaegertracing/spark-dependencies/spark-dependencies:latest","CVE-2021-31684","HIGH","net.minidev:json-smart","1.3.2","1.3.3, 2.4.4","A vulnerability was discovered in the indexOf function of JSONParserByteArray in JSON Smart versions 1.3 and 2.4 which causes a denial of service (DOS) via a crafted web request."
"qubership-jaeger","trivy","ghcr.io/jaegertracing/spark-dependencies/spark-dependencies:latest","CVE-2023-1370","HIGH","net.minidev:json-smart","1.3.2","2.4.9","[Json-smart](https://netplex.github.io/json-smart/) is a performance focused, JSON processor lib.  When reaching a ‘[‘ or ‘{‘ character in the JSON input, the code parses an array or an object respectively.  It was discovered that the code does not have any limit to the nesting of such arrays or objects. Since the parsing of nested arrays and objects is done recursively, nesting too many of them can cause a stack exhaustion (stack overflow) and crash the software."
"qubership-jaeger","trivy","ghcr.io/jaegertracing/spark-dependencies/spark-dependencies:latest","CVE-2024-25710","MEDIUM","org.apache.commons:commons-compress","1.24.0","1.26.0","Loop with Unreachable Exit Condition ('Infinite Loop') vulnerability in Apache Commons Compress.This issue affects Apache Commons Compress: from 1.3 through 1.25.0.  Users are recommended to upgrade to version 1.26.0 which fixes the issue."
"qubership-jaeger","trivy","ghcr.io/jaegertracing/spark-dependencies/spark-dependencies:latest","CVE-2024-26308","MEDIUM","org.apache.commons:commons-compress","1.24.0","1.26.0","Allocation of Resources Without Limits or Throttling vulnerability in Apache Commons Compress.This issue affects Apache Commons Compress: from 1.21 before 1.26.  Users are recommended to upgrade to version 1.26, which fixes the issue."
"qubership-jaeger","trivy","ghcr.io/jaegertracing/spark-dependencies/spark-dependencies:latest","CVE-2024-29131","MEDIUM","org.apache.commons:commons-configuration2","2.8.0","2.10.1","Out-of-bounds Write vulnerability in Apache Commons Configuration.This issue affects Apache Commons Configuration: from 2.0 before 2.10.1.  Users are recommended to upgrade to version 2.10.1, which fixes the issue."
"qubership-jaeger","trivy","ghcr.io/jaegertracing/spark-dependencies/spark-dependencies:latest","CVE-2024-29133","MEDIUM","org.apache.commons:commons-configuration2","2.8.0","2.10.1","Out-of-bounds Write vulnerability in Apache Commons Configuration.This issue affects Apache Commons Configuration: from 2.0 before 2.10.1.  Users are recommended to upgrade to version 2.10.1, which fixes the issue."
"qubership-jaeger","trivy","ghcr.io/jaegertracing/spark-dependencies/spark-dependencies:latest","CVE-2025-48924","MEDIUM","org.apache.commons:commons-lang3","3.12.0","3.18.0","Uncontrolled Recursion vulnerability in Apache Commons Lang.  This issue affects Apache Commons Lang: Starting with commons-lang:commons-lang 2.0 to 2.6, and, from org.apache.commons:commons-lang3 3.0 before 3.18.0.  The methods ClassUtils.getClass(...) can throw StackOverflowError on very long inputs. Because an Error is usually not handled by applications and libraries, a  StackOverflowError could cause an application to stop.  Users are recommended to upgrade to version 3.18.0, which fixes the issue."
"qubership-jaeger","trivy","ghcr.io/jaegertracing/spark-dependencies/spark-dependencies:latest","CVE-2024-23454","LOW","org.apache.hadoop:hadoop-common","3.3.6","3.4.0","Apache Hadoop’s RunJar.run() does not set permissions for temporary directory by default. If sensitive data will be present in this file, all the other local users may be able to view the content. This is because, on unix-like systems, the system temporary directory is shared between all local users. As such, files written in this directory, without setting the correct posix permissions explicitly, may be viewable by all other local users."
"qubership-jaeger","trivy","ghcr.io/jaegertracing/spark-dependencies/spark-dependencies:latest","CVE-2025-68161","MEDIUM","org.apache.logging.log4j:log4j-core","2.20.0","2.25.3","The Socket Appender in Apache Log4j Core versions 2.0-beta9 through 2.25.2 does not perform TLS hostname verification of the peer certificate, even when the  verifyHostName https://logging.apache.org/log4j/2.x/manual/appenders/network.html#SslConfiguration-attr-verifyHostName  configuration attribute or the  log4j2.sslVerifyHostName https://logging.apache.org/log4j/2.x/manual/systemproperties.html#log4j2.sslVerifyHostName  system property is set to true.  This issue may allow a man-in-the-middle attacker to intercept or redirect log traffic under the following conditions:    *  The attacker is able to intercept or redirect network traffic between the client and the log receiver.   *  The attacker can present a server certificate issued by a certification authority trusted by the Socket Appender’s configured trust store (or by the default Java trust store if no custom trust store is configured).   Users are advised to upgrade to Apache Log4j Core version 2.25.3, which addresses this issue.  As an alternative mitigation, the Socket Appender may be configured to use a private or restricted trust root to limit the set of trusted certificates."
"qubership-jaeger","trivy","ghcr.io/jaegertracing/spark-dependencies/spark-dependencies:latest","CVE-2024-6763","MEDIUM","org.eclipse.jetty:jetty-http","9.4.58.v20250814","12.0.12","Eclipse Jetty is a lightweight, highly scalable, Java-based web server and Servlet engine . It includes a utility class, HttpURI, for URI/URL parsing.  The HttpURI class does insufficient validation on the authority segment of a URI.  However the behaviour of HttpURI  differs from the common browsers in how it handles a URI that would be  considered invalid if fully validated against the RRC.  Specifically HttpURI  and the browser may differ on the value of the host extracted from an  invalid URI and thus a combination of Jetty and a vulnerable browser may  be vulnerable to a open redirect attack or to a SSRF attack if the URI  is used after passing validation checks."
"qubership-jaeger","trivy","ghcr.io/jaegertracing/spark-dependencies/spark-dependencies:latest","GHSA-58qw-p7qm-5rvh","LOW","org.eclipse.jetty:jetty-xml","9.4.51.v20230217","10.0.16, 11.0.16, 12.0.0, 9.4.52.v20230823","### From the reporter  > `XmlParser` is vulnerable to XML external entity (XXE) vulnerability. >  XmlParser is being used when parsing Jetty’s xml configuration files. An attacker might exploit > this vulnerability in order to achieve SSRF or cause a denial of service. > One possible scenario is importing a (remote) malicious WAR into a Jetty’s server, while the > WAR includes a malicious web.xml.  ### Impact There are no circumstances in a normally deployed Jetty server where potentially hostile XML is given to the XmlParser class without the attacker already having arbitrary access to the server. I.e. in order to exploit `XmlParser` the attacker would already have the ability to deploy and execute hostile code.  Specifically, Jetty has no protection against malicious web application and potentially hostile web applications should only be run on an isolated virtualisation.    Thus this is not considered a vulnerability of the Jetty server itself, as any such usage of the jetty XmlParser is equally vulnerable as a direct usage of the JVM supplied SAX parser.  No CVE will be allocated to this advisory.  However, any direct usage of the `XmlParser` class by an application may be vulnerable.  The impact would greatly depend on how the application uses `XmlParser`, but it could be a denial of service due to large entity expansion, or possibly the revealing local files if the XML results are accessible remotely.  ### Patches Ability to configure the SAXParserFactory to fit the needs of your particular XML parser implementation have been merged as part of PR #10067  ### Workarounds Don't use `XmlParser` to parse data from users.   "
