"Component","Tool","Image","CVE","Severity","Package","Affected Version","Fix Version","Summary"
"qubership-monitoring-operator","grype","docker.io/prom/alertmanager:v0.28.1","GHSA-hcg3-q754-cr77","HIGH","golang.org/x/crypto","v0.31.0","0.35.0","A high vulnerability in go-module package: golang.org/x/crypto, version v0.31.0 was found in image docker.io/prom/alertmanager:v0.28.1 at: /bin/amtool"
"qubership-monitoring-operator","grype","docker.io/prom/alertmanager:v0.28.1","GHSA-hcg3-q754-cr77","HIGH","golang.org/x/crypto","v0.31.0","0.35.0","A high vulnerability in go-module package: golang.org/x/crypto, version v0.31.0 was found in image docker.io/prom/alertmanager:v0.28.1 at: /bin/alertmanager"
"qubership-monitoring-operator","grype","docker.io/prom/alertmanager:v0.28.1","CVE-2025-22871","CRITICAL","stdlib","go1.23.7","1.23.8,1.24.2","A critical vulnerability in go-module package: stdlib, version go1.23.7 was found in image docker.io/prom/alertmanager:v0.28.1 at: /bin/alertmanager"
"qubership-monitoring-operator","grype","docker.io/prom/alertmanager:v0.28.1","CVE-2025-22871","CRITICAL","stdlib","go1.23.7","1.23.8,1.24.2","A critical vulnerability in go-module package: stdlib, version go1.23.7 was found in image docker.io/prom/alertmanager:v0.28.1 at: /bin/amtool"
"qubership-monitoring-operator","grype","docker.io/prom/alertmanager:v0.28.1","GHSA-6v2p-p543-phr9","HIGH","golang.org/x/oauth2","v0.24.0","0.27.0","A high vulnerability in go-module package: golang.org/x/oauth2, version v0.24.0 was found in image docker.io/prom/alertmanager:v0.28.1 at: /bin/alertmanager"
"qubership-monitoring-operator","grype","docker.io/prom/alertmanager:v0.28.1","GHSA-6v2p-p543-phr9","HIGH","golang.org/x/oauth2","v0.24.0","0.27.0","A high vulnerability in go-module package: golang.org/x/oauth2, version v0.24.0 was found in image docker.io/prom/alertmanager:v0.28.1 at: /bin/amtool"
"qubership-monitoring-operator","grype","docker.io/prom/alertmanager:v0.28.1","CVE-2025-61723","HIGH","stdlib","go1.23.7","1.24.8,1.25.2","A high vulnerability in go-module package: stdlib, version go1.23.7 was found in image docker.io/prom/alertmanager:v0.28.1 at: /bin/amtool"
"qubership-monitoring-operator","grype","docker.io/prom/alertmanager:v0.28.1","CVE-2025-61723","HIGH","stdlib","go1.23.7","1.24.8,1.25.2","A high vulnerability in go-module package: stdlib, version go1.23.7 was found in image docker.io/prom/alertmanager:v0.28.1 at: /bin/alertmanager"
"qubership-monitoring-operator","grype","docker.io/prom/alertmanager:v0.28.1","CVE-2025-61725","HIGH","stdlib","go1.23.7","1.24.8,1.25.2","A high vulnerability in go-module package: stdlib, version go1.23.7 was found in image docker.io/prom/alertmanager:v0.28.1 at: /bin/alertmanager"
"qubership-monitoring-operator","grype","docker.io/prom/alertmanager:v0.28.1","CVE-2025-61725","HIGH","stdlib","go1.23.7","1.24.8,1.25.2","A high vulnerability in go-module package: stdlib, version go1.23.7 was found in image docker.io/prom/alertmanager:v0.28.1 at: /bin/amtool"
"qubership-monitoring-operator","grype","docker.io/prom/alertmanager:v0.28.1","CVE-2025-61726","HIGH","stdlib","go1.23.7","1.24.12,1.25.6","A high vulnerability in go-module package: stdlib, version go1.23.7 was found in image docker.io/prom/alertmanager:v0.28.1 at: /bin/amtool"
"qubership-monitoring-operator","grype","docker.io/prom/alertmanager:v0.28.1","CVE-2025-61726","HIGH","stdlib","go1.23.7","1.24.12,1.25.6","A high vulnerability in go-module package: stdlib, version go1.23.7 was found in image docker.io/prom/alertmanager:v0.28.1 at: /bin/alertmanager"
"qubership-monitoring-operator","grype","docker.io/prom/alertmanager:v0.28.1","CVE-2025-68121","CRITICAL","stdlib","go1.23.7","1.24.13,1.25.7,1.26.0-rc.3","A critical vulnerability in go-module package: stdlib, version go1.23.7 was found in image docker.io/prom/alertmanager:v0.28.1 at: /bin/alertmanager"
"qubership-monitoring-operator","grype","docker.io/prom/alertmanager:v0.28.1","CVE-2025-68121","CRITICAL","stdlib","go1.23.7","1.24.13,1.25.7,1.26.0-rc.3","A critical vulnerability in go-module package: stdlib, version go1.23.7 was found in image docker.io/prom/alertmanager:v0.28.1 at: /bin/amtool"
"qubership-monitoring-operator","grype","docker.io/prom/alertmanager:v0.28.1","CVE-2025-58188","HIGH","stdlib","go1.23.7","1.24.8,1.25.2","A high vulnerability in go-module package: stdlib, version go1.23.7 was found in image docker.io/prom/alertmanager:v0.28.1 at: /bin/alertmanager"
"qubership-monitoring-operator","grype","docker.io/prom/alertmanager:v0.28.1","CVE-2025-58188","HIGH","stdlib","go1.23.7","1.24.8,1.25.2","A high vulnerability in go-module package: stdlib, version go1.23.7 was found in image docker.io/prom/alertmanager:v0.28.1 at: /bin/amtool"
"qubership-monitoring-operator","grype","docker.io/prom/alertmanager:v0.28.1","CVE-2025-58187","HIGH","stdlib","go1.23.7","1.24.9,1.25.3","A high vulnerability in go-module package: stdlib, version go1.23.7 was found in image docker.io/prom/alertmanager:v0.28.1 at: /bin/amtool"
"qubership-monitoring-operator","grype","docker.io/prom/alertmanager:v0.28.1","CVE-2025-58187","HIGH","stdlib","go1.23.7","1.24.9,1.25.3","A high vulnerability in go-module package: stdlib, version go1.23.7 was found in image docker.io/prom/alertmanager:v0.28.1 at: /bin/alertmanager"
"qubership-monitoring-operator","grype","docker.io/prom/alertmanager:v0.28.1","CVE-2025-61729","HIGH","stdlib","go1.23.7","1.24.11,1.25.5","A high vulnerability in go-module package: stdlib, version go1.23.7 was found in image docker.io/prom/alertmanager:v0.28.1 at: /bin/amtool"
"qubership-monitoring-operator","grype","docker.io/prom/alertmanager:v0.28.1","CVE-2025-61729","HIGH","stdlib","go1.23.7","1.24.11,1.25.5","A high vulnerability in go-module package: stdlib, version go1.23.7 was found in image docker.io/prom/alertmanager:v0.28.1 at: /bin/alertmanager"
"qubership-monitoring-operator","grype","docker.io/prom/alertmanager:v0.28.1","CVE-2025-47907","HIGH","stdlib","go1.23.7","1.23.12,1.24.6","A high vulnerability in go-module package: stdlib, version go1.23.7 was found in image docker.io/prom/alertmanager:v0.28.1 at: /bin/alertmanager"
"qubership-monitoring-operator","grype","docker.io/prom/alertmanager:v0.28.1","CVE-2025-47907","HIGH","stdlib","go1.23.7","1.23.12,1.24.6","A high vulnerability in go-module package: stdlib, version go1.23.7 was found in image docker.io/prom/alertmanager:v0.28.1 at: /bin/amtool"
"qubership-monitoring-operator","grype","docker.io/prom/alertmanager:v0.28.1","CVE-2025-61731","HIGH","stdlib","go1.23.7","1.24.12,1.25.6","A high vulnerability in go-module package: stdlib, version go1.23.7 was found in image docker.io/prom/alertmanager:v0.28.1 at: /bin/alertmanager"
"qubership-monitoring-operator","grype","docker.io/prom/alertmanager:v0.28.1","CVE-2025-61731","HIGH","stdlib","go1.23.7","1.24.12,1.25.6","A high vulnerability in go-module package: stdlib, version go1.23.7 was found in image docker.io/prom/alertmanager:v0.28.1 at: /bin/amtool"
"qubership-monitoring-operator","grype","docker.io/prom/alertmanager:v0.28.1","CVE-2025-61732","HIGH","stdlib","go1.23.7","1.24.13,1.25.7","A high vulnerability in go-module package: stdlib, version go1.23.7 was found in image docker.io/prom/alertmanager:v0.28.1 at: /bin/amtool"
"qubership-monitoring-operator","grype","docker.io/prom/alertmanager:v0.28.1","CVE-2025-61732","HIGH","stdlib","go1.23.7","1.24.13,1.25.7","A high vulnerability in go-module package: stdlib, version go1.23.7 was found in image docker.io/prom/alertmanager:v0.28.1 at: /bin/alertmanager"
"qubership-monitoring-operator","grype","docker.io/prom/alertmanager:v0.28.1","CVE-2025-4674","HIGH","stdlib","go1.23.7","1.23.11,1.24.5","A high vulnerability in go-module package: stdlib, version go1.23.7 was found in image docker.io/prom/alertmanager:v0.28.1 at: /bin/amtool"
"qubership-monitoring-operator","grype","docker.io/prom/alertmanager:v0.28.1","CVE-2025-4674","HIGH","stdlib","go1.23.7","1.23.11,1.24.5","A high vulnerability in go-module package: stdlib, version go1.23.7 was found in image docker.io/prom/alertmanager:v0.28.1 at: /bin/alertmanager"
"qubership-logging-operator","grype","docker.io/alpine:3.21.3","CVE-2025-15467","CRITICAL","libcrypto3","3.3.3-r0","3.3.6-r0","A critical vulnerability in apk package: libcrypto3, version 3.3.3-r0 was found in image docker.io/alpine:3.21.3 at: /lib/apk/db/installed"
"qubership-logging-operator","grype","docker.io/alpine:3.21.3","CVE-2025-15467","CRITICAL","libssl3","3.3.3-r0","3.3.6-r0","A critical vulnerability in apk package: libssl3, version 3.3.3-r0 was found in image docker.io/alpine:3.21.3 at: /lib/apk/db/installed"
"qubership-logging-operator","grype","docker.io/alpine:3.21.3","CVE-2025-69420","HIGH","libcrypto3","3.3.3-r0","3.3.6-r0","A high vulnerability in apk package: libcrypto3, version 3.3.3-r0 was found in image docker.io/alpine:3.21.3 at: /lib/apk/db/installed"
"qubership-logging-operator","grype","docker.io/alpine:3.21.3","CVE-2025-69420","HIGH","libssl3","3.3.3-r0","3.3.6-r0","A high vulnerability in apk package: libssl3, version 3.3.3-r0 was found in image docker.io/alpine:3.21.3 at: /lib/apk/db/installed"
"qubership-logging-operator","grype","docker.io/alpine:3.21.3","CVE-2025-69421","HIGH","libcrypto3","3.3.3-r0","3.3.6-r0","A high vulnerability in apk package: libcrypto3, version 3.3.3-r0 was found in image docker.io/alpine:3.21.3 at: /lib/apk/db/installed"
"qubership-logging-operator","grype","docker.io/alpine:3.21.3","CVE-2025-69421","HIGH","libssl3","3.3.3-r0","3.3.6-r0","A high vulnerability in apk package: libssl3, version 3.3.3-r0 was found in image docker.io/alpine:3.21.3 at: /lib/apk/db/installed"
"qubership-logging-operator","grype","docker.io/alpine:3.21.3","CVE-2025-69419","HIGH","libcrypto3","3.3.3-r0","3.3.6-r0","A high vulnerability in apk package: libcrypto3, version 3.3.3-r0 was found in image docker.io/alpine:3.21.3 at: /lib/apk/db/installed"
"qubership-logging-operator","grype","docker.io/alpine:3.21.3","CVE-2025-69419","HIGH","libssl3","3.3.3-r0","3.3.6-r0","A high vulnerability in apk package: libssl3, version 3.3.3-r0 was found in image docker.io/alpine:3.21.3 at: /lib/apk/db/installed"
"qubership-logging-operator","grype","docker.io/alpine:3.21.3","CVE-2025-9230","HIGH","libcrypto3","3.3.3-r0","3.3.5-r0","A high vulnerability in apk package: libcrypto3, version 3.3.3-r0 was found in image docker.io/alpine:3.21.3 at: /lib/apk/db/installed"
"qubership-logging-operator","grype","docker.io/alpine:3.21.3","CVE-2025-9230","HIGH","libssl3","3.3.3-r0","3.3.5-r0","A high vulnerability in apk package: libssl3, version 3.3.3-r0 was found in image docker.io/alpine:3.21.3 at: /lib/apk/db/installed"
"qubership-monitoring-operator","grype","docker.io/prom/blackbox-exporter:v0.27.0","CVE-2025-61723","HIGH","stdlib","go1.24.4","1.24.8,1.25.2","A high vulnerability in go-module package: stdlib, version go1.24.4 was found in image docker.io/prom/blackbox-exporter:v0.27.0 at: /bin/blackbox_exporter"
"qubership-monitoring-operator","grype","docker.io/prom/blackbox-exporter:v0.27.0","CVE-2025-61725","HIGH","stdlib","go1.24.4","1.24.8,1.25.2","A high vulnerability in go-module package: stdlib, version go1.24.4 was found in image docker.io/prom/blackbox-exporter:v0.27.0 at: /bin/blackbox_exporter"
"qubership-monitoring-operator","grype","docker.io/prom/blackbox-exporter:v0.27.0","CVE-2025-61726","HIGH","stdlib","go1.24.4","1.24.12,1.25.6","A high vulnerability in go-module package: stdlib, version go1.24.4 was found in image docker.io/prom/blackbox-exporter:v0.27.0 at: /bin/blackbox_exporter"
"qubership-monitoring-operator","grype","docker.io/prom/blackbox-exporter:v0.27.0","CVE-2025-68121","CRITICAL","stdlib","go1.24.4","1.24.13,1.25.7,1.26.0-rc.3","A critical vulnerability in go-module package: stdlib, version go1.24.4 was found in image docker.io/prom/blackbox-exporter:v0.27.0 at: /bin/blackbox_exporter"
"qubership-monitoring-operator","grype","docker.io/prom/blackbox-exporter:v0.27.0","CVE-2025-58188","HIGH","stdlib","go1.24.4","1.24.8,1.25.2","A high vulnerability in go-module package: stdlib, version go1.24.4 was found in image docker.io/prom/blackbox-exporter:v0.27.0 at: /bin/blackbox_exporter"
"qubership-monitoring-operator","grype","docker.io/prom/blackbox-exporter:v0.27.0","CVE-2025-58187","HIGH","stdlib","go1.24.4","1.24.9,1.25.3","A high vulnerability in go-module package: stdlib, version go1.24.4 was found in image docker.io/prom/blackbox-exporter:v0.27.0 at: /bin/blackbox_exporter"
"qubership-monitoring-operator","grype","docker.io/prom/blackbox-exporter:v0.27.0","CVE-2025-61729","HIGH","stdlib","go1.24.4","1.24.11,1.25.5","A high vulnerability in go-module package: stdlib, version go1.24.4 was found in image docker.io/prom/blackbox-exporter:v0.27.0 at: /bin/blackbox_exporter"
"qubership-monitoring-operator","grype","docker.io/prom/blackbox-exporter:v0.27.0","CVE-2025-47907","HIGH","stdlib","go1.24.4","1.23.12,1.24.6","A high vulnerability in go-module package: stdlib, version go1.24.4 was found in image docker.io/prom/blackbox-exporter:v0.27.0 at: /bin/blackbox_exporter"
"qubership-monitoring-operator","grype","docker.io/prom/blackbox-exporter:v0.27.0","CVE-2025-61731","HIGH","stdlib","go1.24.4","1.24.12,1.25.6","A high vulnerability in go-module package: stdlib, version go1.24.4 was found in image docker.io/prom/blackbox-exporter:v0.27.0 at: /bin/blackbox_exporter"
"qubership-monitoring-operator","grype","docker.io/prom/blackbox-exporter:v0.27.0","CVE-2025-61732","HIGH","stdlib","go1.24.4","1.24.13,1.25.7","A high vulnerability in go-module package: stdlib, version go1.24.4 was found in image docker.io/prom/blackbox-exporter:v0.27.0 at: /bin/blackbox_exporter"
"qubership-monitoring-operator","grype","docker.io/prom/blackbox-exporter:v0.27.0","CVE-2025-4674","HIGH","stdlib","go1.24.4","1.23.11,1.24.5","A high vulnerability in go-module package: stdlib, version go1.24.4 was found in image docker.io/prom/blackbox-exporter:v0.27.0 at: /bin/blackbox_exporter"
"qubership-monitoring-operator","grype","docker.io/joeelliott/cert-exporter:v2.14.0","GHSA-v778-237x-gjrc","CRITICAL","golang.org/x/crypto","v0.28.0","0.31.0","A critical vulnerability in go-module package: golang.org/x/crypto, version v0.28.0 was found in image docker.io/joeelliott/cert-exporter:v2.14.0 at: /app/app"
"qubership-monitoring-operator","grype","docker.io/joeelliott/cert-exporter:v2.14.0","GHSA-hcg3-q754-cr77","HIGH","golang.org/x/crypto","v0.28.0","0.35.0","A high vulnerability in go-module package: golang.org/x/crypto, version v0.28.0 was found in image docker.io/joeelliott/cert-exporter:v2.14.0 at: /app/app"
"qubership-monitoring-operator","grype","docker.io/joeelliott/cert-exporter:v2.14.0","CVE-2025-22871","CRITICAL","stdlib","go1.23.3","1.23.8,1.24.2","A critical vulnerability in go-module package: stdlib, version go1.23.3 was found in image docker.io/joeelliott/cert-exporter:v2.14.0 at: /app/app"
"qubership-monitoring-operator","grype","docker.io/joeelliott/cert-exporter:v2.14.0","GHSA-6v2p-p543-phr9","HIGH","golang.org/x/oauth2","v0.23.0","0.27.0","A high vulnerability in go-module package: golang.org/x/oauth2, version v0.23.0 was found in image docker.io/joeelliott/cert-exporter:v2.14.0 at: /app/app"
"qubership-monitoring-operator","grype","docker.io/joeelliott/cert-exporter:v2.14.0","CVE-2025-61723","HIGH","stdlib","go1.23.3","1.24.8,1.25.2","A high vulnerability in go-module package: stdlib, version go1.23.3 was found in image docker.io/joeelliott/cert-exporter:v2.14.0 at: /app/app"
"qubership-monitoring-operator","grype","docker.io/joeelliott/cert-exporter:v2.14.0","CVE-2025-61725","HIGH","stdlib","go1.23.3","1.24.8,1.25.2","A high vulnerability in go-module package: stdlib, version go1.23.3 was found in image docker.io/joeelliott/cert-exporter:v2.14.0 at: /app/app"
"qubership-monitoring-operator","grype","docker.io/joeelliott/cert-exporter:v2.14.0","CVE-2025-61726","HIGH","stdlib","go1.23.3","1.24.12,1.25.6","A high vulnerability in go-module package: stdlib, version go1.23.3 was found in image docker.io/joeelliott/cert-exporter:v2.14.0 at: /app/app"
"qubership-monitoring-operator","grype","docker.io/joeelliott/cert-exporter:v2.14.0","CVE-2025-26519","HIGH","musl","1.2.3-r3","1.2.3-r4","A high vulnerability in apk package: musl, version 1.2.3-r3 was found in image docker.io/joeelliott/cert-exporter:v2.14.0 at: /lib/apk/db/installed"
"qubership-monitoring-operator","grype","docker.io/joeelliott/cert-exporter:v2.14.0","CVE-2025-26519","HIGH","musl-utils","1.2.3-r3","1.2.3-r4","A high vulnerability in apk package: musl-utils, version 1.2.3-r3 was found in image docker.io/joeelliott/cert-exporter:v2.14.0 at: /lib/apk/db/installed"
"qubership-monitoring-operator","grype","docker.io/joeelliott/cert-exporter:v2.14.0","GHSA-6wxm-mpqj-6jpf","HIGH","github.com/golang/glog","v0.0.0-20160126235308-23def4e6c14b","1.2.4","A medium vulnerability in go-module package: github.com/golang/glog, version v0.0.0-20160126235308-23def4e6c14b was found in image docker.io/joeelliott/cert-exporter:v2.14.0 at: /app/app"
"qubership-monitoring-operator","grype","docker.io/joeelliott/cert-exporter:v2.14.0","CVE-2025-68121","CRITICAL","stdlib","go1.23.3","1.24.13,1.25.7,1.26.0-rc.3","A critical vulnerability in go-module package: stdlib, version go1.23.3 was found in image docker.io/joeelliott/cert-exporter:v2.14.0 at: /app/app"
"qubership-monitoring-operator","grype","docker.io/joeelliott/cert-exporter:v2.14.0","CVE-2025-58188","HIGH","stdlib","go1.23.3","1.24.8,1.25.2","A high vulnerability in go-module package: stdlib, version go1.23.3 was found in image docker.io/joeelliott/cert-exporter:v2.14.0 at: /app/app"
"qubership-monitoring-operator","grype","docker.io/joeelliott/cert-exporter:v2.14.0","CVE-2025-58187","HIGH","stdlib","go1.23.3","1.24.9,1.25.3","A high vulnerability in go-module package: stdlib, version go1.23.3 was found in image docker.io/joeelliott/cert-exporter:v2.14.0 at: /app/app"
"qubership-monitoring-operator","grype","docker.io/joeelliott/cert-exporter:v2.14.0","CVE-2025-61729","HIGH","stdlib","go1.23.3","1.24.11,1.25.5","A high vulnerability in go-module package: stdlib, version go1.23.3 was found in image docker.io/joeelliott/cert-exporter:v2.14.0 at: /app/app"
"qubership-monitoring-operator","grype","docker.io/joeelliott/cert-exporter:v2.14.0","CVE-2025-47907","HIGH","stdlib","go1.23.3","1.23.12,1.24.6","A high vulnerability in go-module package: stdlib, version go1.23.3 was found in image docker.io/joeelliott/cert-exporter:v2.14.0 at: /app/app"
"qubership-monitoring-operator","grype","docker.io/joeelliott/cert-exporter:v2.14.0","CVE-2025-61731","HIGH","stdlib","go1.23.3","1.24.12,1.25.6","A high vulnerability in go-module package: stdlib, version go1.23.3 was found in image docker.io/joeelliott/cert-exporter:v2.14.0 at: /app/app"
"qubership-monitoring-operator","grype","docker.io/joeelliott/cert-exporter:v2.14.0","CVE-2025-61732","HIGH","stdlib","go1.23.3","1.24.13,1.25.7","A high vulnerability in go-module package: stdlib, version go1.23.3 was found in image docker.io/joeelliott/cert-exporter:v2.14.0 at: /app/app"
"qubership-monitoring-operator","grype","docker.io/joeelliott/cert-exporter:v2.14.0","CVE-2025-4674","HIGH","stdlib","go1.23.3","1.23.11,1.24.5","A high vulnerability in go-module package: stdlib, version go1.23.3 was found in image docker.io/joeelliott/cert-exporter:v2.14.0 at: /app/app"
"qubership-monitoring-operator","grype","docker.io/prom/cloudwatch-exporter:v0.16.0","CVE-2024-3596","CRITICAL","libgssapi-krb5-2","1.20.1-6ubuntu2.1","1.20.1-6ubuntu2.3","A medium vulnerability in deb package: libgssapi-krb5-2, version 1.20.1-6ubuntu2.1 was found in image docker.io/prom/cloudwatch-exporter:v0.16.0 at: /var/lib/dpkg/status"
"qubership-monitoring-operator","grype","docker.io/prom/cloudwatch-exporter:v0.16.0","CVE-2024-3596","CRITICAL","libk5crypto3","1.20.1-6ubuntu2.1","1.20.1-6ubuntu2.3","A medium vulnerability in deb package: libk5crypto3, version 1.20.1-6ubuntu2.1 was found in image docker.io/prom/cloudwatch-exporter:v0.16.0 at: /var/lib/dpkg/status"
"qubership-monitoring-operator","grype","docker.io/prom/cloudwatch-exporter:v0.16.0","CVE-2024-3596","CRITICAL","libkrb5-3","1.20.1-6ubuntu2.1","1.20.1-6ubuntu2.3","A medium vulnerability in deb package: libkrb5-3, version 1.20.1-6ubuntu2.1 was found in image docker.io/prom/cloudwatch-exporter:v0.16.0 at: /var/lib/dpkg/status"
"qubership-monitoring-operator","grype","docker.io/prom/cloudwatch-exporter:v0.16.0","CVE-2024-3596","CRITICAL","libkrb5support0","1.20.1-6ubuntu2.1","1.20.1-6ubuntu2.3","A medium vulnerability in deb package: libkrb5support0, version 1.20.1-6ubuntu2.1 was found in image docker.io/prom/cloudwatch-exporter:v0.16.0 at: /var/lib/dpkg/status"
"qubership-monitoring-operator","grype","docker.io/prom/cloudwatch-exporter:v0.16.0","CVE-2024-6119","HIGH","libssl3t64","3.0.13-0ubuntu3.2","3.0.13-0ubuntu3.4","A medium vulnerability in deb package: libssl3t64, version 3.0.13-0ubuntu3.2 was found in image docker.io/prom/cloudwatch-exporter:v0.16.0 at: /var/lib/dpkg/status"
"qubership-monitoring-operator","grype","docker.io/prom/cloudwatch-exporter:v0.16.0","CVE-2024-6119","HIGH","openssl","3.0.13-0ubuntu3.2","3.0.13-0ubuntu3.4","A medium vulnerability in deb package: openssl, version 3.0.13-0ubuntu3.2 was found in image docker.io/prom/cloudwatch-exporter:v0.16.0 at: /var/lib/dpkg/status"
"qubership-monitoring-operator","grype","docker.io/prom/cloudwatch-exporter:v0.16.0","CVE-2024-45492","CRITICAL","libexpat1","2.6.1-2build1","2.6.1-2ubuntu0.1","A medium vulnerability in deb package: libexpat1, version 2.6.1-2build1 was found in image docker.io/prom/cloudwatch-exporter:v0.16.0 at: /var/lib/dpkg/status"
"qubership-monitoring-operator","grype","docker.io/prom/cloudwatch-exporter:v0.16.0","CVE-2025-21587","HIGH","openjdk","21.0.4+7-LTS","1.8.0_452,8.0.452,11.0.27,17.0.15,21.0.7,24.0.1","A high vulnerability in binary package: openjdk, version 21.0.4+7-LTS was found in image docker.io/prom/cloudwatch-exporter:v0.16.0 at: /opt/java/openjdk/release"
"qubership-monitoring-operator","grype","docker.io/prom/cloudwatch-exporter:v0.16.0","CVE-2025-15467","CRITICAL","libssl3t64","3.0.13-0ubuntu3.2","3.0.13-0ubuntu3.7","A medium vulnerability in deb package: libssl3t64, version 3.0.13-0ubuntu3.2 was found in image docker.io/prom/cloudwatch-exporter:v0.16.0 at: /var/lib/dpkg/status"
"qubership-monitoring-operator","grype","docker.io/prom/cloudwatch-exporter:v0.16.0","CVE-2025-15467","CRITICAL","openssl","3.0.13-0ubuntu3.2","3.0.13-0ubuntu3.7","A medium vulnerability in deb package: openssl, version 3.0.13-0ubuntu3.2 was found in image docker.io/prom/cloudwatch-exporter:v0.16.0 at: /var/lib/dpkg/status"
"qubership-monitoring-operator","grype","docker.io/prom/cloudwatch-exporter:v0.16.0","CVE-2024-45491","CRITICAL","libexpat1","2.6.1-2build1","2.6.1-2ubuntu0.1","A medium vulnerability in deb package: libexpat1, version 2.6.1-2build1 was found in image docker.io/prom/cloudwatch-exporter:v0.16.0 at: /var/lib/dpkg/status"
"qubership-monitoring-operator","grype","docker.io/prom/cloudwatch-exporter:v0.16.0","CVE-2024-45490","CRITICAL","libexpat1","2.6.1-2build1","2.6.1-2ubuntu0.1","A medium vulnerability in deb package: libexpat1, version 2.6.1-2build1 was found in image docker.io/prom/cloudwatch-exporter:v0.16.0 at: /var/lib/dpkg/status"
"qubership-monitoring-operator","grype","docker.io/prom/cloudwatch-exporter:v0.16.0","GHSA-4g8c-wm8x-jfhw","HIGH","netty-handler","4.1.112.Final","4.1.118.Final","A high vulnerability in java-archive package: netty-handler, version 4.1.112.Final was found in image docker.io/prom/cloudwatch-exporter:v0.16.0 at: /cloudwatch_exporter.jar"
"qubership-monitoring-operator","grype","docker.io/prom/cloudwatch-exporter:v0.16.0","CVE-2025-30749","HIGH","openjdk","21.0.4+7-LTS","1.8.0_462,8.0.462,11.0.28,17.0.16,21.0.8,24.0.2","A high vulnerability in binary package: openjdk, version 21.0.4+7-LTS was found in image docker.io/prom/cloudwatch-exporter:v0.16.0 at: /opt/java/openjdk/release"
"qubership-monitoring-operator","grype","docker.io/prom/cloudwatch-exporter:v0.16.0","CVE-2024-8176","HIGH","libexpat1","2.6.1-2build1","2.6.1-2ubuntu0.3","A medium vulnerability in deb package: libexpat1, version 2.6.1-2build1 was found in image docker.io/prom/cloudwatch-exporter:v0.16.0 at: /var/lib/dpkg/status"
"qubership-monitoring-operator","grype","docker.io/prom/cloudwatch-exporter:v0.16.0","CVE-2024-10963","HIGH","libpam-modules","1.5.3-5ubuntu5.1","1.5.3-5ubuntu5.5","A medium vulnerability in deb package: libpam-modules, version 1.5.3-5ubuntu5.1 was found in image docker.io/prom/cloudwatch-exporter:v0.16.0 at: /var/lib/dpkg/status"
"qubership-monitoring-operator","grype","docker.io/prom/cloudwatch-exporter:v0.16.0","CVE-2024-10963","HIGH","libpam-modules-bin","1.5.3-5ubuntu5.1","1.5.3-5ubuntu5.5","A medium vulnerability in deb package: libpam-modules-bin, version 1.5.3-5ubuntu5.1 was found in image docker.io/prom/cloudwatch-exporter:v0.16.0 at: /var/lib/dpkg/status"
"qubership-monitoring-operator","grype","docker.io/prom/cloudwatch-exporter:v0.16.0","CVE-2024-10963","HIGH","libpam-runtime","1.5.3-5ubuntu5.1","1.5.3-5ubuntu5.5","A medium vulnerability in deb package: libpam-runtime, version 1.5.3-5ubuntu5.1 was found in image docker.io/prom/cloudwatch-exporter:v0.16.0 at: /var/lib/dpkg/status"
"qubership-monitoring-operator","grype","docker.io/prom/cloudwatch-exporter:v0.16.0","CVE-2024-10963","HIGH","libpam0g","1.5.3-5ubuntu5.1","1.5.3-5ubuntu5.5","A medium vulnerability in deb package: libpam0g, version 1.5.3-5ubuntu5.1 was found in image docker.io/prom/cloudwatch-exporter:v0.16.0 at: /var/lib/dpkg/status"
"qubership-monitoring-operator","grype","docker.io/prom/cloudwatch-exporter:v0.16.0","CVE-2025-50106","HIGH","openjdk","21.0.4+7-LTS","1.8.0_462,8.0.462,11.0.28,17.0.16,21.0.8,24.0.2","A high vulnerability in binary package: openjdk, version 21.0.4+7-LTS was found in image docker.io/prom/cloudwatch-exporter:v0.16.0 at: /opt/java/openjdk/release"
"qubership-monitoring-operator","grype","docker.io/prom/cloudwatch-exporter:v0.16.0","CVE-2025-31115","HIGH","liblzma5","5.6.1+really5.4.5-1","5.6.1+really5.4.5-1ubuntu0.2","A medium vulnerability in deb package: liblzma5, version 5.6.1+really5.4.5-1 was found in image docker.io/prom/cloudwatch-exporter:v0.16.0 at: /var/lib/dpkg/status"
"qubership-monitoring-operator","grype","docker.io/prom/cloudwatch-exporter:v0.16.0","GHSA-prj3-ccx8-p6x4","HIGH","netty-codec-http2","4.1.112.Final","4.1.124.Final","A high vulnerability in java-archive package: netty-codec-http2, version 4.1.112.Final was found in image docker.io/prom/cloudwatch-exporter:v0.16.0 at: /cloudwatch_exporter.jar"
"qubership-monitoring-operator","grype","docker.io/prom/cloudwatch-exporter:v0.16.0","CVE-2025-53066","HIGH","openjdk","21.0.4+7-LTS","1.8.0_472,8.0.472,11.0.29,17.0.17,21.0.9,25.0.1","A high vulnerability in binary package: openjdk, version 21.0.4+7-LTS was found in image docker.io/prom/cloudwatch-exporter:v0.16.0 at: /opt/java/openjdk/release"
"qubership-monitoring-operator","grype","docker.io/prom/cloudwatch-exporter:v0.16.0","CVE-2024-56406","HIGH","perl-base","5.38.2-3.2build2","5.38.2-3.2ubuntu0.1","A medium vulnerability in deb package: perl-base, version 5.38.2-3.2build2 was found in image docker.io/prom/cloudwatch-exporter:v0.16.0 at: /var/lib/dpkg/status"
"qubership-monitoring-operator","grype","docker.io/prom/cloudwatch-exporter:v0.16.0","CVE-2025-50059","HIGH","openjdk","21.0.4+7-LTS","11.0.28,17.0.16,21.0.8,24.0.2","A high vulnerability in binary package: openjdk, version 21.0.4+7-LTS was found in image docker.io/prom/cloudwatch-exporter:v0.16.0 at: /opt/java/openjdk/release"
"qubership-monitoring-operator","grype","docker.io/prom/cloudwatch-exporter:v0.16.0","CVE-2025-5318","HIGH","libssh-4","0.10.6-2build2","0.10.6-2ubuntu0.1","A medium vulnerability in deb package: libssh-4, version 0.10.6-2build2 was found in image docker.io/prom/cloudwatch-exporter:v0.16.0 at: /var/lib/dpkg/status"
"qubership-monitoring-operator","grype","docker.io/prom/cloudwatch-exporter:v0.16.0","CVE-2025-66293","HIGH","libpng16-16t64","1.6.43-5build1","1.6.43-5ubuntu0.3","A medium vulnerability in deb package: libpng16-16t64, version 1.6.43-5build1 was found in image docker.io/prom/cloudwatch-exporter:v0.16.0 at: /var/lib/dpkg/status"
"qubership-monitoring-operator","grype","docker.io/prom/cloudwatch-exporter:v0.16.0","CVE-2025-6297","HIGH","dpkg","1.22.6ubuntu6","1.22.6ubuntu6.5","A low vulnerability in deb package: dpkg, version 1.22.6ubuntu6 was found in image docker.io/prom/cloudwatch-exporter:v0.16.0 at: /var/lib/dpkg/status"
"qubership-monitoring-operator","grype","docker.io/prom/cloudwatch-exporter:v0.16.0","CVE-2026-21945","HIGH","openjdk","21.0.4+7-LTS","1.8.0_482,8.0.482,11.0.30,17.0.18,21.0.10,25.0.2","A high vulnerability in binary package: openjdk, version 21.0.4+7-LTS was found in image docker.io/prom/cloudwatch-exporter:v0.16.0 at: /opt/java/openjdk/release"
"qubership-monitoring-operator","grype","docker.io/prom/cloudwatch-exporter:v0.16.0","CVE-2025-64720","HIGH","libpng16-16t64","1.6.43-5build1","1.6.43-5ubuntu0.1","A medium vulnerability in deb package: libpng16-16t64, version 1.6.43-5build1 was found in image docker.io/prom/cloudwatch-exporter:v0.16.0 at: /var/lib/dpkg/status"
"qubership-monitoring-operator","grype","docker.io/prom/cloudwatch-exporter:v0.16.0","CVE-2025-5372","HIGH","libssh-4","0.10.6-2build2","0.10.6-2ubuntu0.1","A medium vulnerability in deb package: libssh-4, version 0.10.6-2build2 was found in image docker.io/prom/cloudwatch-exporter:v0.16.0 at: /var/lib/dpkg/status"
"qubership-monitoring-operator","grype","docker.io/prom/cloudwatch-exporter:v0.16.0","CVE-2026-25646","HIGH","libpng16-16t64","1.6.43-5build1","1.6.43-5ubuntu0.5","A medium vulnerability in deb package: libpng16-16t64, version 1.6.43-5build1 was found in image docker.io/prom/cloudwatch-exporter:v0.16.0 at: /var/lib/dpkg/status"
"qubership-monitoring-operator","grype","docker.io/prom/cloudwatch-exporter:v0.16.0","CVE-2025-13151","HIGH","libtasn1-6","4.19.0-3build1","4.19.0-3ubuntu0.24.04.2","A medium vulnerability in deb package: libtasn1-6, version 4.19.0-3build1 was found in image docker.io/prom/cloudwatch-exporter:v0.16.0 at: /var/lib/dpkg/status"
"qubership-monitoring-operator","grype","docker.io/prom/cloudwatch-exporter:v0.16.0","CVE-2025-15281","HIGH","libc-bin","2.39-0ubuntu8.2","2.39-0ubuntu8.7","A medium vulnerability in deb package: libc-bin, version 2.39-0ubuntu8.2 was found in image docker.io/prom/cloudwatch-exporter:v0.16.0 at: /var/lib/dpkg/status"
"qubership-monitoring-operator","grype","docker.io/prom/cloudwatch-exporter:v0.16.0","CVE-2025-15281","HIGH","libc6","2.39-0ubuntu8.2","2.39-0ubuntu8.7","A medium vulnerability in deb package: libc6, version 2.39-0ubuntu8.2 was found in image docker.io/prom/cloudwatch-exporter:v0.16.0 at: /var/lib/dpkg/status"
"qubership-monitoring-operator","grype","docker.io/prom/cloudwatch-exporter:v0.16.0","CVE-2025-15281","HIGH","locales","2.39-0ubuntu8.2","2.39-0ubuntu8.7","A medium vulnerability in deb package: locales, version 2.39-0ubuntu8.2 was found in image docker.io/prom/cloudwatch-exporter:v0.16.0 at: /var/lib/dpkg/status"
"qubership-monitoring-operator","grype","docker.io/prom/cloudwatch-exporter:v0.16.0","CVE-2025-32990","HIGH","libgnutls30t64","3.8.3-1.1ubuntu3.1","3.8.3-1.1ubuntu3.4","A medium vulnerability in deb package: libgnutls30t64, version 3.8.3-1.1ubuntu3.1 was found in image docker.io/prom/cloudwatch-exporter:v0.16.0 at: /var/lib/dpkg/status"
"qubership-monitoring-operator","grype","docker.io/prom/cloudwatch-exporter:v0.16.0","CVE-2025-5987","HIGH","libssh-4","0.10.6-2build2","0.10.6-2ubuntu0.1","A medium vulnerability in deb package: libssh-4, version 0.10.6-2build2 was found in image docker.io/prom/cloudwatch-exporter:v0.16.0 at: /var/lib/dpkg/status"
"qubership-monitoring-operator","grype","docker.io/prom/cloudwatch-exporter:v0.16.0","CVE-2025-69420","HIGH","libssl3t64","3.0.13-0ubuntu3.2","3.0.13-0ubuntu3.7","A low vulnerability in deb package: libssl3t64, version 3.0.13-0ubuntu3.2 was found in image docker.io/prom/cloudwatch-exporter:v0.16.0 at: /var/lib/dpkg/status"
"qubership-monitoring-operator","grype","docker.io/prom/cloudwatch-exporter:v0.16.0","CVE-2025-69420","HIGH","openssl","3.0.13-0ubuntu3.2","3.0.13-0ubuntu3.7","A low vulnerability in deb package: openssl, version 3.0.13-0ubuntu3.2 was found in image docker.io/prom/cloudwatch-exporter:v0.16.0 at: /var/lib/dpkg/status"
"qubership-monitoring-operator","grype","docker.io/prom/cloudwatch-exporter:v0.16.0","CVE-2026-21932","HIGH","openjdk","21.0.4+7-LTS","1.8.0_482,8.0.482,11.0.30,17.0.18,21.0.10,25.0.2","A high vulnerability in binary package: openjdk, version 21.0.4+7-LTS was found in image docker.io/prom/cloudwatch-exporter:v0.16.0 at: /opt/java/openjdk/release"
"qubership-monitoring-operator","grype","docker.io/prom/cloudwatch-exporter:v0.16.0","CVE-2025-65018","HIGH","libpng16-16t64","1.6.43-5build1","1.6.43-5ubuntu0.1","A medium vulnerability in deb package: libpng16-16t64, version 1.6.43-5build1 was found in image docker.io/prom/cloudwatch-exporter:v0.16.0 at: /var/lib/dpkg/status"
"qubership-monitoring-operator","grype","docker.io/prom/cloudwatch-exporter:v0.16.0","CVE-2024-26461","HIGH","libgssapi-krb5-2","1.20.1-6ubuntu2.1","1.20.1-6ubuntu2.5","A low vulnerability in deb package: libgssapi-krb5-2, version 1.20.1-6ubuntu2.1 was found in image docker.io/prom/cloudwatch-exporter:v0.16.0 at: /var/lib/dpkg/status"
"qubership-monitoring-operator","grype","docker.io/prom/cloudwatch-exporter:v0.16.0","CVE-2024-26461","HIGH","libk5crypto3","1.20.1-6ubuntu2.1","1.20.1-6ubuntu2.5","A low vulnerability in deb package: libk5crypto3, version 1.20.1-6ubuntu2.1 was found in image docker.io/prom/cloudwatch-exporter:v0.16.0 at: /var/lib/dpkg/status"
"qubership-monitoring-operator","grype","docker.io/prom/cloudwatch-exporter:v0.16.0","CVE-2024-26461","HIGH","libkrb5-3","1.20.1-6ubuntu2.1","1.20.1-6ubuntu2.5","A low vulnerability in deb package: libkrb5-3, version 1.20.1-6ubuntu2.1 was found in image docker.io/prom/cloudwatch-exporter:v0.16.0 at: /var/lib/dpkg/status"
"qubership-monitoring-operator","grype","docker.io/prom/cloudwatch-exporter:v0.16.0","CVE-2024-26461","HIGH","libkrb5support0","1.20.1-6ubuntu2.1","1.20.1-6ubuntu2.5","A low vulnerability in deb package: libkrb5support0, version 1.20.1-6ubuntu2.1 was found in image docker.io/prom/cloudwatch-exporter:v0.16.0 at: /var/lib/dpkg/status"
"qubership-monitoring-operator","grype","docker.io/prom/cloudwatch-exporter:v0.16.0","CVE-2025-32988","HIGH","libgnutls30t64","3.8.3-1.1ubuntu3.1","3.8.3-1.1ubuntu3.4","A medium vulnerability in deb package: libgnutls30t64, version 3.8.3-1.1ubuntu3.1 was found in image docker.io/prom/cloudwatch-exporter:v0.16.0 at: /var/lib/dpkg/status"
"qubership-monitoring-operator","grype","docker.io/prom/cloudwatch-exporter:v0.16.0","CVE-2025-69421","HIGH","libssl3t64","3.0.13-0ubuntu3.2","3.0.13-0ubuntu3.7","A low vulnerability in deb package: libssl3t64, version 3.0.13-0ubuntu3.2 was found in image docker.io/prom/cloudwatch-exporter:v0.16.0 at: /var/lib/dpkg/status"
"qubership-monitoring-operator","grype","docker.io/prom/cloudwatch-exporter:v0.16.0","CVE-2025-69421","HIGH","openssl","3.0.13-0ubuntu3.2","3.0.13-0ubuntu3.7","A low vulnerability in deb package: openssl, version 3.0.13-0ubuntu3.2 was found in image docker.io/prom/cloudwatch-exporter:v0.16.0 at: /var/lib/dpkg/status"
"qubership-monitoring-operator","grype","docker.io/prom/cloudwatch-exporter:v0.16.0","CVE-2025-69419","HIGH","libssl3t64","3.0.13-0ubuntu3.2","3.0.13-0ubuntu3.7","A low vulnerability in deb package: libssl3t64, version 3.0.13-0ubuntu3.2 was found in image docker.io/prom/cloudwatch-exporter:v0.16.0 at: /var/lib/dpkg/status"
"qubership-monitoring-operator","grype","docker.io/prom/cloudwatch-exporter:v0.16.0","CVE-2025-69419","HIGH","openssl","3.0.13-0ubuntu3.2","3.0.13-0ubuntu3.7","A low vulnerability in deb package: openssl, version 3.0.13-0ubuntu3.2 was found in image docker.io/prom/cloudwatch-exporter:v0.16.0 at: /var/lib/dpkg/status"
"qubership-monitoring-operator","grype","docker.io/prom/cloudwatch-exporter:v0.16.0","CVE-2026-22695","HIGH","libpng16-16t64","1.6.43-5build1","1.6.43-5ubuntu0.3","A medium vulnerability in deb package: libpng16-16t64, version 1.6.43-5build1 was found in image docker.io/prom/cloudwatch-exporter:v0.16.0 at: /var/lib/dpkg/status"
"qubership-monitoring-operator","grype","docker.io/prom/cloudwatch-exporter:v0.16.0","CVE-2025-68973","HIGH","gpgv","2.4.4-2ubuntu17","2.4.4-2ubuntu17.4","A high vulnerability in deb package: gpgv, version 2.4.4-2ubuntu17 was found in image docker.io/prom/cloudwatch-exporter:v0.16.0 at: /var/lib/dpkg/status"
"qubership-monitoring-operator","grype","docker.io/prom/cloudwatch-exporter:v0.16.0","CVE-2025-9230","HIGH","libssl3t64","3.0.13-0ubuntu3.2","3.0.13-0ubuntu3.6","A medium vulnerability in deb package: libssl3t64, version 3.0.13-0ubuntu3.2 was found in image docker.io/prom/cloudwatch-exporter:v0.16.0 at: /var/lib/dpkg/status"
"qubership-monitoring-operator","grype","docker.io/prom/cloudwatch-exporter:v0.16.0","CVE-2025-9230","HIGH","openssl","3.0.13-0ubuntu3.2","3.0.13-0ubuntu3.6","A medium vulnerability in deb package: openssl, version 3.0.13-0ubuntu3.2 was found in image docker.io/prom/cloudwatch-exporter:v0.16.0 at: /var/lib/dpkg/status"
"qubership-monitoring-operator","grype","docker.io/prom/cloudwatch-exporter:v0.16.0","GHSA-fghv-69vj-qj49","HIGH","netty-codec-http","4.1.112.Final","4.1.125.Final","A low vulnerability in java-archive package: netty-codec-http, version 4.1.112.Final was found in image docker.io/prom/cloudwatch-exporter:v0.16.0 at: /cloudwatch_exporter.jar"
"qubership-monitoring-operator","grype","docker.io/prom/cloudwatch-exporter:v0.16.0","CVE-2026-0915","HIGH","libc-bin","2.39-0ubuntu8.2","2.39-0ubuntu8.7","A medium vulnerability in deb package: libc-bin, version 2.39-0ubuntu8.2 was found in image docker.io/prom/cloudwatch-exporter:v0.16.0 at: /var/lib/dpkg/status"
"qubership-monitoring-operator","grype","docker.io/prom/cloudwatch-exporter:v0.16.0","CVE-2026-0915","HIGH","libc6","2.39-0ubuntu8.2","2.39-0ubuntu8.7","A medium vulnerability in deb package: libc6, version 2.39-0ubuntu8.2 was found in image docker.io/prom/cloudwatch-exporter:v0.16.0 at: /var/lib/dpkg/status"
"qubership-monitoring-operator","grype","docker.io/prom/cloudwatch-exporter:v0.16.0","CVE-2026-0915","HIGH","locales","2.39-0ubuntu8.2","2.39-0ubuntu8.7","A medium vulnerability in deb package: locales, version 2.39-0ubuntu8.2 was found in image docker.io/prom/cloudwatch-exporter:v0.16.0 at: /var/lib/dpkg/status"
"qubership-monitoring-operator","grype","docker.io/prom/cloudwatch-exporter:v0.16.0","CVE-2026-22801","HIGH","libpng16-16t64","1.6.43-5build1","1.6.43-5ubuntu0.3","A medium vulnerability in deb package: libpng16-16t64, version 1.6.43-5build1 was found in image docker.io/prom/cloudwatch-exporter:v0.16.0 at: /var/lib/dpkg/status"
"qubership-monitoring-operator","grype","docker.io/prom/cloudwatch-exporter:v0.16.0","CVE-2025-24528","HIGH","libgssapi-krb5-2","1.20.1-6ubuntu2.1","1.20.1-6ubuntu2.5","A medium vulnerability in deb package: libgssapi-krb5-2, version 1.20.1-6ubuntu2.1 was found in image docker.io/prom/cloudwatch-exporter:v0.16.0 at: /var/lib/dpkg/status"
"qubership-monitoring-operator","grype","docker.io/prom/cloudwatch-exporter:v0.16.0","CVE-2025-24528","HIGH","libk5crypto3","1.20.1-6ubuntu2.1","1.20.1-6ubuntu2.5","A medium vulnerability in deb package: libk5crypto3, version 1.20.1-6ubuntu2.1 was found in image docker.io/prom/cloudwatch-exporter:v0.16.0 at: /var/lib/dpkg/status"
"qubership-monitoring-operator","grype","docker.io/prom/cloudwatch-exporter:v0.16.0","CVE-2025-24528","HIGH","libkrb5-3","1.20.1-6ubuntu2.1","1.20.1-6ubuntu2.5","A medium vulnerability in deb package: libkrb5-3, version 1.20.1-6ubuntu2.1 was found in image docker.io/prom/cloudwatch-exporter:v0.16.0 at: /var/lib/dpkg/status"
"qubership-monitoring-operator","grype","docker.io/prom/cloudwatch-exporter:v0.16.0","CVE-2025-24528","HIGH","libkrb5support0","1.20.1-6ubuntu2.1","1.20.1-6ubuntu2.5","A medium vulnerability in deb package: libkrb5support0, version 1.20.1-6ubuntu2.1 was found in image docker.io/prom/cloudwatch-exporter:v0.16.0 at: /var/lib/dpkg/status"
"qubership-monitoring-operator","grype","docker.io/prom/cloudwatch-exporter:v0.16.0","CVE-2025-6020","HIGH","libpam-modules","1.5.3-5ubuntu5.1","1.5.3-5ubuntu5.4","A medium vulnerability in deb package: libpam-modules, version 1.5.3-5ubuntu5.1 was found in image docker.io/prom/cloudwatch-exporter:v0.16.0 at: /var/lib/dpkg/status"
"qubership-monitoring-operator","grype","docker.io/prom/cloudwatch-exporter:v0.16.0","CVE-2025-6020","HIGH","libpam-modules-bin","1.5.3-5ubuntu5.1","1.5.3-5ubuntu5.4","A medium vulnerability in deb package: libpam-modules-bin, version 1.5.3-5ubuntu5.1 was found in image docker.io/prom/cloudwatch-exporter:v0.16.0 at: /var/lib/dpkg/status"
"qubership-monitoring-operator","grype","docker.io/prom/cloudwatch-exporter:v0.16.0","CVE-2025-6020","HIGH","libpam-runtime","1.5.3-5ubuntu5.1","1.5.3-5ubuntu5.4","A medium vulnerability in deb package: libpam-runtime, version 1.5.3-5ubuntu5.1 was found in image docker.io/prom/cloudwatch-exporter:v0.16.0 at: /var/lib/dpkg/status"
"qubership-monitoring-operator","grype","docker.io/prom/cloudwatch-exporter:v0.16.0","CVE-2025-6020","HIGH","libpam0g","1.5.3-5ubuntu5.1","1.5.3-5ubuntu5.4","A medium vulnerability in deb package: libpam0g, version 1.5.3-5ubuntu5.1 was found in image docker.io/prom/cloudwatch-exporter:v0.16.0 at: /var/lib/dpkg/status"
"qubership-monitoring-operator","grype","docker.io/prom/cloudwatch-exporter:v0.16.0","CVE-2026-0861","HIGH","libc-bin","2.39-0ubuntu8.2","2.39-0ubuntu8.7","A medium vulnerability in deb package: libc-bin, version 2.39-0ubuntu8.2 was found in image docker.io/prom/cloudwatch-exporter:v0.16.0 at: /var/lib/dpkg/status"
"qubership-monitoring-operator","grype","docker.io/prom/cloudwatch-exporter:v0.16.0","CVE-2026-0861","HIGH","libc6","2.39-0ubuntu8.2","2.39-0ubuntu8.7","A medium vulnerability in deb package: libc6, version 2.39-0ubuntu8.2 was found in image docker.io/prom/cloudwatch-exporter:v0.16.0 at: /var/lib/dpkg/status"
"qubership-monitoring-operator","grype","docker.io/prom/cloudwatch-exporter:v0.16.0","CVE-2026-0861","HIGH","locales","2.39-0ubuntu8.2","2.39-0ubuntu8.7","A medium vulnerability in deb package: locales, version 2.39-0ubuntu8.2 was found in image docker.io/prom/cloudwatch-exporter:v0.16.0 at: /var/lib/dpkg/status"
"qubership-logging-operator","grype","ghcr.io/jimmidyson/configmap-reload:v0.13.1","CVE-2024-24791","HIGH","stdlib","go1.22.4","1.21.12,1.22.5","A high vulnerability in go-module package: stdlib, version go1.22.4 was found in image ghcr.io/jimmidyson/configmap-reload:v0.13.1 at: /configmap-reload"
"qubership-logging-operator","grype","ghcr.io/jimmidyson/configmap-reload:v0.13.1","CVE-2024-34156","HIGH","stdlib","go1.22.4","1.22.7,1.23.1","A high vulnerability in go-module package: stdlib, version go1.22.4 was found in image ghcr.io/jimmidyson/configmap-reload:v0.13.1 at: /configmap-reload"
"qubership-logging-operator","grype","ghcr.io/jimmidyson/configmap-reload:v0.13.1","CVE-2025-22871","CRITICAL","stdlib","go1.22.4","1.23.8,1.24.2","A critical vulnerability in go-module package: stdlib, version go1.22.4 was found in image ghcr.io/jimmidyson/configmap-reload:v0.13.1 at: /configmap-reload"
"qubership-logging-operator","grype","ghcr.io/jimmidyson/configmap-reload:v0.13.1","CVE-2024-34158","HIGH","stdlib","go1.22.4","1.22.7,1.23.1","A high vulnerability in go-module package: stdlib, version go1.22.4 was found in image ghcr.io/jimmidyson/configmap-reload:v0.13.1 at: /configmap-reload"
"qubership-logging-operator","grype","ghcr.io/jimmidyson/configmap-reload:v0.13.1","CVE-2025-61723","HIGH","stdlib","go1.22.4","1.24.8,1.25.2","A high vulnerability in go-module package: stdlib, version go1.22.4 was found in image ghcr.io/jimmidyson/configmap-reload:v0.13.1 at: /configmap-reload"
"qubership-logging-operator","grype","ghcr.io/jimmidyson/configmap-reload:v0.13.1","CVE-2025-61725","HIGH","stdlib","go1.22.4","1.24.8,1.25.2","A high vulnerability in go-module package: stdlib, version go1.22.4 was found in image ghcr.io/jimmidyson/configmap-reload:v0.13.1 at: /configmap-reload"
"qubership-logging-operator","grype","ghcr.io/jimmidyson/configmap-reload:v0.13.1","CVE-2025-61726","HIGH","stdlib","go1.22.4","1.24.12,1.25.6","A high vulnerability in go-module package: stdlib, version go1.22.4 was found in image ghcr.io/jimmidyson/configmap-reload:v0.13.1 at: /configmap-reload"
"qubership-logging-operator","grype","ghcr.io/jimmidyson/configmap-reload:v0.13.1","CVE-2025-68121","CRITICAL","stdlib","go1.22.4","1.24.13,1.25.7,1.26.0-rc.3","A critical vulnerability in go-module package: stdlib, version go1.22.4 was found in image ghcr.io/jimmidyson/configmap-reload:v0.13.1 at: /configmap-reload"
"qubership-logging-operator","grype","ghcr.io/jimmidyson/configmap-reload:v0.13.1","CVE-2025-58188","HIGH","stdlib","go1.22.4","1.24.8,1.25.2","A high vulnerability in go-module package: stdlib, version go1.22.4 was found in image ghcr.io/jimmidyson/configmap-reload:v0.13.1 at: /configmap-reload"
"qubership-logging-operator","grype","ghcr.io/jimmidyson/configmap-reload:v0.13.1","CVE-2025-58187","HIGH","stdlib","go1.22.4","1.24.9,1.25.3","A high vulnerability in go-module package: stdlib, version go1.22.4 was found in image ghcr.io/jimmidyson/configmap-reload:v0.13.1 at: /configmap-reload"
"qubership-logging-operator","grype","ghcr.io/jimmidyson/configmap-reload:v0.13.1","CVE-2025-61729","HIGH","stdlib","go1.22.4","1.24.11,1.25.5","A high vulnerability in go-module package: stdlib, version go1.22.4 was found in image ghcr.io/jimmidyson/configmap-reload:v0.13.1 at: /configmap-reload"
"qubership-logging-operator","grype","ghcr.io/jimmidyson/configmap-reload:v0.13.1","CVE-2025-47907","HIGH","stdlib","go1.22.4","1.23.12,1.24.6","A high vulnerability in go-module package: stdlib, version go1.22.4 was found in image ghcr.io/jimmidyson/configmap-reload:v0.13.1 at: /configmap-reload"
"qubership-logging-operator","grype","ghcr.io/jimmidyson/configmap-reload:v0.13.1","CVE-2025-61731","HIGH","stdlib","go1.22.4","1.24.12,1.25.6","A high vulnerability in go-module package: stdlib, version go1.22.4 was found in image ghcr.io/jimmidyson/configmap-reload:v0.13.1 at: /configmap-reload"
"qubership-logging-operator","grype","ghcr.io/jimmidyson/configmap-reload:v0.13.1","CVE-2025-61732","HIGH","stdlib","go1.22.4","1.24.13,1.25.7","A high vulnerability in go-module package: stdlib, version go1.22.4 was found in image ghcr.io/jimmidyson/configmap-reload:v0.13.1 at: /configmap-reload"
"qubership-logging-operator","grype","ghcr.io/jimmidyson/configmap-reload:v0.13.1","CVE-2025-4674","HIGH","stdlib","go1.22.4","1.23.11,1.24.5","A high vulnerability in go-module package: stdlib, version go1.22.4 was found in image ghcr.io/jimmidyson/configmap-reload:v0.13.1 at: /configmap-reload"
"qubership-monitoring-operator","grype","ghcr.io/jimmidyson/configmap-reload:v0.14.0","CVE-2025-22871","CRITICAL","stdlib","go1.23.1","1.23.8,1.24.2","A critical vulnerability in go-module package: stdlib, version go1.23.1 was found in image ghcr.io/jimmidyson/configmap-reload:v0.14.0 at: /configmap-reload"
"qubership-monitoring-operator","grype","ghcr.io/jimmidyson/configmap-reload:v0.14.0","CVE-2025-61723","HIGH","stdlib","go1.23.1","1.24.8,1.25.2","A high vulnerability in go-module package: stdlib, version go1.23.1 was found in image ghcr.io/jimmidyson/configmap-reload:v0.14.0 at: /configmap-reload"
"qubership-monitoring-operator","grype","ghcr.io/jimmidyson/configmap-reload:v0.14.0","CVE-2025-61725","HIGH","stdlib","go1.23.1","1.24.8,1.25.2","A high vulnerability in go-module package: stdlib, version go1.23.1 was found in image ghcr.io/jimmidyson/configmap-reload:v0.14.0 at: /configmap-reload"
"qubership-monitoring-operator","grype","ghcr.io/jimmidyson/configmap-reload:v0.14.0","CVE-2025-61726","HIGH","stdlib","go1.23.1","1.24.12,1.25.6","A high vulnerability in go-module package: stdlib, version go1.23.1 was found in image ghcr.io/jimmidyson/configmap-reload:v0.14.0 at: /configmap-reload"
"qubership-monitoring-operator","grype","ghcr.io/jimmidyson/configmap-reload:v0.14.0","CVE-2025-68121","CRITICAL","stdlib","go1.23.1","1.24.13,1.25.7,1.26.0-rc.3","A critical vulnerability in go-module package: stdlib, version go1.23.1 was found in image ghcr.io/jimmidyson/configmap-reload:v0.14.0 at: /configmap-reload"
"qubership-monitoring-operator","grype","ghcr.io/jimmidyson/configmap-reload:v0.14.0","CVE-2025-58188","HIGH","stdlib","go1.23.1","1.24.8,1.25.2","A high vulnerability in go-module package: stdlib, version go1.23.1 was found in image ghcr.io/jimmidyson/configmap-reload:v0.14.0 at: /configmap-reload"
"qubership-monitoring-operator","grype","ghcr.io/jimmidyson/configmap-reload:v0.14.0","CVE-2025-58187","HIGH","stdlib","go1.23.1","1.24.9,1.25.3","A high vulnerability in go-module package: stdlib, version go1.23.1 was found in image ghcr.io/jimmidyson/configmap-reload:v0.14.0 at: /configmap-reload"
"qubership-monitoring-operator","grype","ghcr.io/jimmidyson/configmap-reload:v0.14.0","CVE-2025-61729","HIGH","stdlib","go1.23.1","1.24.11,1.25.5","A high vulnerability in go-module package: stdlib, version go1.23.1 was found in image ghcr.io/jimmidyson/configmap-reload:v0.14.0 at: /configmap-reload"
"qubership-monitoring-operator","grype","ghcr.io/jimmidyson/configmap-reload:v0.14.0","CVE-2025-47907","HIGH","stdlib","go1.23.1","1.23.12,1.24.6","A high vulnerability in go-module package: stdlib, version go1.23.1 was found in image ghcr.io/jimmidyson/configmap-reload:v0.14.0 at: /configmap-reload"
"qubership-monitoring-operator","grype","ghcr.io/jimmidyson/configmap-reload:v0.14.0","CVE-2025-61731","HIGH","stdlib","go1.23.1","1.24.12,1.25.6","A high vulnerability in go-module package: stdlib, version go1.23.1 was found in image ghcr.io/jimmidyson/configmap-reload:v0.14.0 at: /configmap-reload"
"qubership-monitoring-operator","grype","ghcr.io/jimmidyson/configmap-reload:v0.14.0","CVE-2025-61732","HIGH","stdlib","go1.23.1","1.24.13,1.25.7","A high vulnerability in go-module package: stdlib, version go1.23.1 was found in image ghcr.io/jimmidyson/configmap-reload:v0.14.0 at: /configmap-reload"
"qubership-monitoring-operator","grype","ghcr.io/jimmidyson/configmap-reload:v0.14.0","CVE-2025-4674","HIGH","stdlib","go1.23.1","1.23.11,1.24.5","A high vulnerability in go-module package: stdlib, version go1.23.1 was found in image ghcr.io/jimmidyson/configmap-reload:v0.14.0 at: /configmap-reload"
"qubership-logging-operator","grype","ghcr.io/jimmidyson/configmap-reload:v0.15.0","CVE-2025-61723","HIGH","stdlib","go1.24.2","1.24.8,1.25.2","A high vulnerability in go-module package: stdlib, version go1.24.2 was found in image ghcr.io/jimmidyson/configmap-reload:v0.15.0 at: /configmap-reload"
"qubership-logging-operator","grype","ghcr.io/jimmidyson/configmap-reload:v0.15.0","CVE-2025-61725","HIGH","stdlib","go1.24.2","1.24.8,1.25.2","A high vulnerability in go-module package: stdlib, version go1.24.2 was found in image ghcr.io/jimmidyson/configmap-reload:v0.15.0 at: /configmap-reload"
"qubership-logging-operator","grype","ghcr.io/jimmidyson/configmap-reload:v0.15.0","CVE-2025-61726","HIGH","stdlib","go1.24.2","1.24.12,1.25.6","A high vulnerability in go-module package: stdlib, version go1.24.2 was found in image ghcr.io/jimmidyson/configmap-reload:v0.15.0 at: /configmap-reload"
"qubership-logging-operator","grype","ghcr.io/jimmidyson/configmap-reload:v0.15.0","CVE-2025-22874","HIGH","stdlib","go1.24.2","1.24.4","A high vulnerability in go-module package: stdlib, version go1.24.2 was found in image ghcr.io/jimmidyson/configmap-reload:v0.15.0 at: /configmap-reload"
"qubership-logging-operator","grype","ghcr.io/jimmidyson/configmap-reload:v0.15.0","CVE-2025-68121","CRITICAL","stdlib","go1.24.2","1.24.13,1.25.7,1.26.0-rc.3","A critical vulnerability in go-module package: stdlib, version go1.24.2 was found in image ghcr.io/jimmidyson/configmap-reload:v0.15.0 at: /configmap-reload"
"qubership-logging-operator","grype","ghcr.io/jimmidyson/configmap-reload:v0.15.0","CVE-2025-58188","HIGH","stdlib","go1.24.2","1.24.8,1.25.2","A high vulnerability in go-module package: stdlib, version go1.24.2 was found in image ghcr.io/jimmidyson/configmap-reload:v0.15.0 at: /configmap-reload"
"qubership-logging-operator","grype","ghcr.io/jimmidyson/configmap-reload:v0.15.0","CVE-2025-58187","HIGH","stdlib","go1.24.2","1.24.9,1.25.3","A high vulnerability in go-module package: stdlib, version go1.24.2 was found in image ghcr.io/jimmidyson/configmap-reload:v0.15.0 at: /configmap-reload"
"qubership-logging-operator","grype","ghcr.io/jimmidyson/configmap-reload:v0.15.0","CVE-2025-61729","HIGH","stdlib","go1.24.2","1.24.11,1.25.5","A high vulnerability in go-module package: stdlib, version go1.24.2 was found in image ghcr.io/jimmidyson/configmap-reload:v0.15.0 at: /configmap-reload"
"qubership-logging-operator","grype","ghcr.io/jimmidyson/configmap-reload:v0.15.0","CVE-2025-47907","HIGH","stdlib","go1.24.2","1.23.12,1.24.6","A high vulnerability in go-module package: stdlib, version go1.24.2 was found in image ghcr.io/jimmidyson/configmap-reload:v0.15.0 at: /configmap-reload"
"qubership-logging-operator","grype","ghcr.io/jimmidyson/configmap-reload:v0.15.0","CVE-2025-61731","HIGH","stdlib","go1.24.2","1.24.12,1.25.6","A high vulnerability in go-module package: stdlib, version go1.24.2 was found in image ghcr.io/jimmidyson/configmap-reload:v0.15.0 at: /configmap-reload"
"qubership-logging-operator","grype","ghcr.io/jimmidyson/configmap-reload:v0.15.0","CVE-2025-61732","HIGH","stdlib","go1.24.2","1.24.13,1.25.7","A high vulnerability in go-module package: stdlib, version go1.24.2 was found in image ghcr.io/jimmidyson/configmap-reload:v0.15.0 at: /configmap-reload"
"qubership-logging-operator","grype","ghcr.io/jimmidyson/configmap-reload:v0.15.0","CVE-2025-4674","HIGH","stdlib","go1.24.2","1.23.11,1.24.5","A high vulnerability in go-module package: stdlib, version go1.24.2 was found in image ghcr.io/jimmidyson/configmap-reload:v0.15.0 at: /configmap-reload"
"qubership-monitoring-operator","grype","docker.io/jimmidyson/configmap-reload:v0.5.0","CVE-2023-44487","HIGH","stdlib","go1.15.7","1.20.10,1.21.3","A high vulnerability in go-module package: stdlib, version go1.15.7 was found in image docker.io/jimmidyson/configmap-reload:v0.5.0 at: /configmap-reload"
"qubership-monitoring-operator","grype","docker.io/jimmidyson/configmap-reload:v0.5.0","CVE-2023-45288","HIGH","stdlib","go1.15.7","1.21.9,1.22.2","A high vulnerability in go-module package: stdlib, version go1.15.7 was found in image docker.io/jimmidyson/configmap-reload:v0.5.0 at: /configmap-reload"
"qubership-monitoring-operator","grype","docker.io/jimmidyson/configmap-reload:v0.5.0","CVE-2021-38297","CRITICAL","stdlib","go1.15.7","1.16.9,1.17.2","A critical vulnerability in go-module package: stdlib, version go1.15.7 was found in image docker.io/jimmidyson/configmap-reload:v0.5.0 at: /configmap-reload"
"qubership-monitoring-operator","grype","docker.io/jimmidyson/configmap-reload:v0.5.0","CVE-2024-24784","HIGH","stdlib","go1.15.7","1.21.8,1.22.1","A high vulnerability in go-module package: stdlib, version go1.15.7 was found in image docker.io/jimmidyson/configmap-reload:v0.5.0 at: /configmap-reload"
"qubership-monitoring-operator","grype","docker.io/jimmidyson/configmap-reload:v0.5.0","CVE-2023-24538","CRITICAL","stdlib","go1.15.7","1.19.8,1.20.3","A critical vulnerability in go-module package: stdlib, version go1.15.7 was found in image docker.io/jimmidyson/configmap-reload:v0.5.0 at: /configmap-reload"
"qubership-monitoring-operator","grype","docker.io/jimmidyson/configmap-reload:v0.5.0","CVE-2021-41771","HIGH","stdlib","go1.15.7","1.16.10,1.17.3","A high vulnerability in go-module package: stdlib, version go1.15.7 was found in image docker.io/jimmidyson/configmap-reload:v0.5.0 at: /configmap-reload"
"qubership-monitoring-operator","grype","docker.io/jimmidyson/configmap-reload:v0.5.0","CVE-2024-24791","HIGH","stdlib","go1.15.7","1.21.12,1.22.5","A high vulnerability in go-module package: stdlib, version go1.15.7 was found in image docker.io/jimmidyson/configmap-reload:v0.5.0 at: /configmap-reload"
"qubership-monitoring-operator","grype","docker.io/jimmidyson/configmap-reload:v0.5.0","CVE-2023-24531","CRITICAL","stdlib","go1.15.7","1.21.0-0","A critical vulnerability in go-module package: stdlib, version go1.15.7 was found in image docker.io/jimmidyson/configmap-reload:v0.5.0 at: /configmap-reload"
"qubership-monitoring-operator","grype","docker.io/jimmidyson/configmap-reload:v0.5.0","CVE-2023-29405","CRITICAL","stdlib","go1.15.7","1.19.10,1.20.5","A critical vulnerability in go-module package: stdlib, version go1.15.7 was found in image docker.io/jimmidyson/configmap-reload:v0.5.0 at: /configmap-reload"
"qubership-monitoring-operator","grype","docker.io/jimmidyson/configmap-reload:v0.5.0","CVE-2023-24540","CRITICAL","stdlib","go1.15.7","1.19.9,1.20.4","A critical vulnerability in go-module package: stdlib, version go1.15.7 was found in image docker.io/jimmidyson/configmap-reload:v0.5.0 at: /configmap-reload"
"qubership-monitoring-operator","grype","docker.io/jimmidyson/configmap-reload:v0.5.0","CVE-2024-34156","HIGH","stdlib","go1.15.7","1.22.7,1.23.1","A high vulnerability in go-module package: stdlib, version go1.15.7 was found in image docker.io/jimmidyson/configmap-reload:v0.5.0 at: /configmap-reload"
"qubership-monitoring-operator","grype","docker.io/jimmidyson/configmap-reload:v0.5.0","GHSA-cg3q-j54f-5p7p","HIGH","github.com/prometheus/client_golang","v1.7.0","1.11.1","A high vulnerability in go-module package: github.com/prometheus/client_golang, version v1.7.0 was found in image docker.io/jimmidyson/configmap-reload:v0.5.0 at: /configmap-reload"
"qubership-monitoring-operator","grype","docker.io/jimmidyson/configmap-reload:v0.5.0","CVE-2025-22871","CRITICAL","stdlib","go1.15.7","1.23.8,1.24.2","A critical vulnerability in go-module package: stdlib, version go1.15.7 was found in image docker.io/jimmidyson/configmap-reload:v0.5.0 at: /configmap-reload"
"qubership-monitoring-operator","grype","docker.io/jimmidyson/configmap-reload:v0.5.0","CVE-2022-41723","HIGH","stdlib","go1.15.7","1.19.6","A high vulnerability in go-module package: stdlib, version go1.15.7 was found in image docker.io/jimmidyson/configmap-reload:v0.5.0 at: /configmap-reload"
"qubership-monitoring-operator","grype","docker.io/jimmidyson/configmap-reload:v0.5.0","GHSA-8r3f-844c-mc37","HIGH","google.golang.org/protobuf","v1.23.0","1.33.0","A medium vulnerability in go-module package: google.golang.org/protobuf, version v1.23.0 was found in image docker.io/jimmidyson/configmap-reload:v0.5.0 at: /configmap-reload"
"qubership-monitoring-operator","grype","docker.io/jimmidyson/configmap-reload:v0.5.0","CVE-2023-45287","HIGH","stdlib","go1.15.7","1.20.0","A high vulnerability in go-module package: stdlib, version go1.15.7 was found in image docker.io/jimmidyson/configmap-reload:v0.5.0 at: /configmap-reload"
"qubership-monitoring-operator","grype","docker.io/jimmidyson/configmap-reload:v0.5.0","CVE-2022-24675","HIGH","stdlib","go1.15.7","1.17.9,1.18.1","A high vulnerability in go-module package: stdlib, version go1.15.7 was found in image docker.io/jimmidyson/configmap-reload:v0.5.0 at: /configmap-reload"
"qubership-monitoring-operator","grype","docker.io/jimmidyson/configmap-reload:v0.5.0","CVE-2024-34158","HIGH","stdlib","go1.15.7","1.22.7,1.23.1","A high vulnerability in go-module package: stdlib, version go1.15.7 was found in image docker.io/jimmidyson/configmap-reload:v0.5.0 at: /configmap-reload"
"qubership-monitoring-operator","grype","docker.io/jimmidyson/configmap-reload:v0.5.0","CVE-2022-28327","HIGH","stdlib","go1.15.7","1.17.9,1.18.1","A high vulnerability in go-module package: stdlib, version go1.15.7 was found in image docker.io/jimmidyson/configmap-reload:v0.5.0 at: /configmap-reload"
"qubership-monitoring-operator","grype","docker.io/jimmidyson/configmap-reload:v0.5.0","CVE-2023-29402","CRITICAL","stdlib","go1.15.7","1.19.10,1.20.5","A critical vulnerability in go-module package: stdlib, version go1.15.7 was found in image docker.io/jimmidyson/configmap-reload:v0.5.0 at: /configmap-reload"
"qubership-monitoring-operator","grype","docker.io/jimmidyson/configmap-reload:v0.5.0","CVE-2020-29509","CRITICAL","stdlib","go1.15.7","1.17","A medium vulnerability in go-module package: stdlib, version go1.15.7 was found in image docker.io/jimmidyson/configmap-reload:v0.5.0 at: /configmap-reload"
"qubership-monitoring-operator","grype","docker.io/jimmidyson/configmap-reload:v0.5.0","CVE-2020-29511","CRITICAL","stdlib","go1.15.7","1.17","A medium vulnerability in go-module package: stdlib, version go1.15.7 was found in image docker.io/jimmidyson/configmap-reload:v0.5.0 at: /configmap-reload"
"qubership-monitoring-operator","grype","docker.io/jimmidyson/configmap-reload:v0.5.0","CVE-2022-32189","HIGH","stdlib","go1.15.7","1.17.13,1.18.5","A high vulnerability in go-module package: stdlib, version go1.15.7 was found in image docker.io/jimmidyson/configmap-reload:v0.5.0 at: /configmap-reload"
"qubership-monitoring-operator","grype","docker.io/jimmidyson/configmap-reload:v0.5.0","CVE-2022-23773","HIGH","stdlib","go1.15.7","1.16.14,1.17.7","A high vulnerability in go-module package: stdlib, version go1.15.7 was found in image docker.io/jimmidyson/configmap-reload:v0.5.0 at: /configmap-reload"
"qubership-monitoring-operator","grype","docker.io/jimmidyson/configmap-reload:v0.5.0","CVE-2021-29923","HIGH","stdlib","go1.15.7","1.17","A high vulnerability in go-module package: stdlib, version go1.15.7 was found in image docker.io/jimmidyson/configmap-reload:v0.5.0 at: /configmap-reload"
"qubership-monitoring-operator","grype","docker.io/jimmidyson/configmap-reload:v0.5.0","CVE-2023-29404","CRITICAL","stdlib","go1.15.7","1.19.10,1.20.5","A critical vulnerability in go-module package: stdlib, version go1.15.7 was found in image docker.io/jimmidyson/configmap-reload:v0.5.0 at: /configmap-reload"
"qubership-monitoring-operator","grype","docker.io/jimmidyson/configmap-reload:v0.5.0","CVE-2024-24790","CRITICAL","stdlib","go1.15.7","1.21.11,1.22.4","A critical vulnerability in go-module package: stdlib, version go1.15.7 was found in image docker.io/jimmidyson/configmap-reload:v0.5.0 at: /configmap-reload"
"qubership-monitoring-operator","grype","docker.io/jimmidyson/configmap-reload:v0.5.0","CVE-2022-30635","HIGH","stdlib","go1.15.7","1.17.12,1.18.4","A high vulnerability in go-module package: stdlib, version go1.15.7 was found in image docker.io/jimmidyson/configmap-reload:v0.5.0 at: /configmap-reload"
"qubership-monitoring-operator","grype","docker.io/jimmidyson/configmap-reload:v0.5.0","CVE-2022-30632","HIGH","stdlib","go1.15.7","1.17.12,1.18.4","A high vulnerability in go-module package: stdlib, version go1.15.7 was found in image docker.io/jimmidyson/configmap-reload:v0.5.0 at: /configmap-reload"
"qubership-monitoring-operator","grype","docker.io/jimmidyson/configmap-reload:v0.5.0","CVE-2022-30633","HIGH","stdlib","go1.15.7","1.17.12,1.18.4","A high vulnerability in go-module package: stdlib, version go1.15.7 was found in image docker.io/jimmidyson/configmap-reload:v0.5.0 at: /configmap-reload"
"qubership-monitoring-operator","grype","docker.io/jimmidyson/configmap-reload:v0.5.0","CVE-2022-27664","HIGH","stdlib","go1.15.7","1.18.6","A high vulnerability in go-module package: stdlib, version go1.15.7 was found in image docker.io/jimmidyson/configmap-reload:v0.5.0 at: /configmap-reload"
"qubership-monitoring-operator","grype","docker.io/jimmidyson/configmap-reload:v0.5.0","CVE-2021-44716","HIGH","stdlib","go1.15.7","1.16.12,1.17.5","A high vulnerability in go-module package: stdlib, version go1.15.7 was found in image docker.io/jimmidyson/configmap-reload:v0.5.0 at: /configmap-reload"
"qubership-monitoring-operator","grype","docker.io/jimmidyson/configmap-reload:v0.5.0","CVE-2023-24536","HIGH","stdlib","go1.15.7","1.19.8,1.20.3","A high vulnerability in go-module package: stdlib, version go1.15.7 was found in image docker.io/jimmidyson/configmap-reload:v0.5.0 at: /configmap-reload"
"qubership-monitoring-operator","grype","docker.io/jimmidyson/configmap-reload:v0.5.0","CVE-2023-24539","HIGH","stdlib","go1.15.7","1.19.9,1.20.4","A high vulnerability in go-module package: stdlib, version go1.15.7 was found in image docker.io/jimmidyson/configmap-reload:v0.5.0 at: /configmap-reload"
"qubership-monitoring-operator","grype","docker.io/jimmidyson/configmap-reload:v0.5.0","CVE-2023-39323","HIGH","stdlib","go1.15.7","1.20.9,1.21.2","A high vulnerability in go-module package: stdlib, version go1.15.7 was found in image docker.io/jimmidyson/configmap-reload:v0.5.0 at: /configmap-reload"
"qubership-monitoring-operator","grype","docker.io/jimmidyson/configmap-reload:v0.5.0","CVE-2022-30580","HIGH","stdlib","go1.15.7","1.17.11,1.18.3","A high vulnerability in go-module package: stdlib, version go1.15.7 was found in image docker.io/jimmidyson/configmap-reload:v0.5.0 at: /configmap-reload"
"qubership-monitoring-operator","grype","docker.io/jimmidyson/configmap-reload:v0.5.0","CVE-2021-41772","HIGH","stdlib","go1.15.7","1.16.10,1.17.3","A high vulnerability in go-module package: stdlib, version go1.15.7 was found in image docker.io/jimmidyson/configmap-reload:v0.5.0 at: /configmap-reload"
"qubership-monitoring-operator","grype","docker.io/jimmidyson/configmap-reload:v0.5.0","CVE-2022-41725","HIGH","stdlib","go1.15.7","1.19.6","A high vulnerability in go-module package: stdlib, version go1.15.7 was found in image docker.io/jimmidyson/configmap-reload:v0.5.0 at: /configmap-reload"
"qubership-monitoring-operator","grype","docker.io/jimmidyson/configmap-reload:v0.5.0","CVE-2023-45285","HIGH","stdlib","go1.15.7","1.20.12,1.21.5","A high vulnerability in go-module package: stdlib, version go1.15.7 was found in image docker.io/jimmidyson/configmap-reload:v0.5.0 at: /configmap-reload"
"qubership-monitoring-operator","grype","docker.io/jimmidyson/configmap-reload:v0.5.0","CVE-2021-33196","HIGH","stdlib","go1.15.7","1.15.13,1.16.5","A high vulnerability in go-module package: stdlib, version go1.15.7 was found in image docker.io/jimmidyson/configmap-reload:v0.5.0 at: /configmap-reload"
"qubership-monitoring-operator","grype","docker.io/jimmidyson/configmap-reload:v0.5.0","CVE-2023-24534","HIGH","stdlib","go1.15.7","1.19.8,1.20.3","A high vulnerability in go-module package: stdlib, version go1.15.7 was found in image docker.io/jimmidyson/configmap-reload:v0.5.0 at: /configmap-reload"
"qubership-monitoring-operator","grype","docker.io/jimmidyson/configmap-reload:v0.5.0","CVE-2023-29400","HIGH","stdlib","go1.15.7","1.19.9,1.20.4","A high vulnerability in go-module package: stdlib, version go1.15.7 was found in image docker.io/jimmidyson/configmap-reload:v0.5.0 at: /configmap-reload"
"qubership-monitoring-operator","grype","docker.io/jimmidyson/configmap-reload:v0.5.0","CVE-2022-30631","HIGH","stdlib","go1.15.7","1.17.12,1.18.4","A high vulnerability in go-module package: stdlib, version go1.15.7 was found in image docker.io/jimmidyson/configmap-reload:v0.5.0 at: /configmap-reload"
"qubership-monitoring-operator","grype","docker.io/jimmidyson/configmap-reload:v0.5.0","CVE-2025-61723","HIGH","stdlib","go1.15.7","1.24.8,1.25.2","A high vulnerability in go-module package: stdlib, version go1.15.7 was found in image docker.io/jimmidyson/configmap-reload:v0.5.0 at: /configmap-reload"
"qubership-monitoring-operator","grype","docker.io/jimmidyson/configmap-reload:v0.5.0","CVE-2022-30630","HIGH","stdlib","go1.15.7","1.17.12,1.18.4","A high vulnerability in go-module package: stdlib, version go1.15.7 was found in image docker.io/jimmidyson/configmap-reload:v0.5.0 at: /configmap-reload"
"qubership-monitoring-operator","grype","docker.io/jimmidyson/configmap-reload:v0.5.0","CVE-2021-39293","HIGH","stdlib","go1.15.7","1.16.8,1.17.1","A high vulnerability in go-module package: stdlib, version go1.15.7 was found in image docker.io/jimmidyson/configmap-reload:v0.5.0 at: /configmap-reload"
"qubership-monitoring-operator","grype","docker.io/jimmidyson/configmap-reload:v0.5.0","CVE-2022-2880","HIGH","stdlib","go1.15.7","1.18.7,1.19.2","A high vulnerability in go-module package: stdlib, version go1.15.7 was found in image docker.io/jimmidyson/configmap-reload:v0.5.0 at: /configmap-reload"
"qubership-monitoring-operator","grype","docker.io/jimmidyson/configmap-reload:v0.5.0","CVE-2021-33195","HIGH","stdlib","go1.15.7","1.15.13,1.16.5","A high vulnerability in go-module package: stdlib, version go1.15.7 was found in image docker.io/jimmidyson/configmap-reload:v0.5.0 at: /configmap-reload"
"qubership-monitoring-operator","grype","docker.io/jimmidyson/configmap-reload:v0.5.0","CVE-2025-61725","HIGH","stdlib","go1.15.7","1.24.8,1.25.2","A high vulnerability in go-module package: stdlib, version go1.15.7 was found in image docker.io/jimmidyson/configmap-reload:v0.5.0 at: /configmap-reload"
"qubership-monitoring-operator","grype","docker.io/jimmidyson/configmap-reload:v0.5.0","CVE-2021-33198","HIGH","stdlib","go1.15.7","1.15.13,1.16.5","A high vulnerability in go-module package: stdlib, version go1.15.7 was found in image docker.io/jimmidyson/configmap-reload:v0.5.0 at: /configmap-reload"
"qubership-monitoring-operator","grype","docker.io/jimmidyson/configmap-reload:v0.5.0","CVE-2022-23806","CRITICAL","stdlib","go1.15.7","1.16.14,1.17.7","A critical vulnerability in go-module package: stdlib, version go1.15.7 was found in image docker.io/jimmidyson/configmap-reload:v0.5.0 at: /configmap-reload"
"qubership-monitoring-operator","grype","docker.io/jimmidyson/configmap-reload:v0.5.0","CVE-2025-61726","HIGH","stdlib","go1.15.7","1.24.12,1.25.6","A high vulnerability in go-module package: stdlib, version go1.15.7 was found in image docker.io/jimmidyson/configmap-reload:v0.5.0 at: /configmap-reload"
"qubership-monitoring-operator","grype","docker.io/jimmidyson/configmap-reload:v0.5.0","CVE-2021-27918","HIGH","stdlib","go1.15.7","1.15.9,1.16.1","A high vulnerability in go-module package: stdlib, version go1.15.7 was found in image docker.io/jimmidyson/configmap-reload:v0.5.0 at: /configmap-reload"
"qubership-monitoring-operator","grype","docker.io/jimmidyson/configmap-reload:v0.5.0","CVE-2025-68121","CRITICAL","stdlib","go1.15.7","1.24.13,1.25.7,1.26.0-rc.3","A critical vulnerability in go-module package: stdlib, version go1.15.7 was found in image docker.io/jimmidyson/configmap-reload:v0.5.0 at: /configmap-reload"
"qubership-monitoring-operator","grype","docker.io/jimmidyson/configmap-reload:v0.5.0","CVE-2025-58188","HIGH","stdlib","go1.15.7","1.24.8,1.25.2","A high vulnerability in go-module package: stdlib, version go1.15.7 was found in image docker.io/jimmidyson/configmap-reload:v0.5.0 at: /configmap-reload"
"qubership-monitoring-operator","grype","docker.io/jimmidyson/configmap-reload:v0.5.0","CVE-2025-58187","HIGH","stdlib","go1.15.7","1.24.9,1.25.3","A high vulnerability in go-module package: stdlib, version go1.15.7 was found in image docker.io/jimmidyson/configmap-reload:v0.5.0 at: /configmap-reload"
"qubership-monitoring-operator","grype","docker.io/jimmidyson/configmap-reload:v0.5.0","CVE-2025-61729","HIGH","stdlib","go1.15.7","1.24.11,1.25.5","A high vulnerability in go-module package: stdlib, version go1.15.7 was found in image docker.io/jimmidyson/configmap-reload:v0.5.0 at: /configmap-reload"
"qubership-monitoring-operator","grype","docker.io/jimmidyson/configmap-reload:v0.5.0","CVE-2022-24921","HIGH","stdlib","go1.15.7","1.16.15,1.17.8","A high vulnerability in go-module package: stdlib, version go1.15.7 was found in image docker.io/jimmidyson/configmap-reload:v0.5.0 at: /configmap-reload"
"qubership-monitoring-operator","grype","docker.io/jimmidyson/configmap-reload:v0.5.0","CVE-2022-23772","HIGH","stdlib","go1.15.7","1.16.14,1.17.7","A high vulnerability in go-module package: stdlib, version go1.15.7 was found in image docker.io/jimmidyson/configmap-reload:v0.5.0 at: /configmap-reload"
"qubership-monitoring-operator","grype","docker.io/jimmidyson/configmap-reload:v0.5.0","CVE-2022-41715","HIGH","stdlib","go1.15.7","1.18.7,1.19.2","A high vulnerability in go-module package: stdlib, version go1.15.7 was found in image docker.io/jimmidyson/configmap-reload:v0.5.0 at: /configmap-reload"
"qubership-monitoring-operator","grype","docker.io/jimmidyson/configmap-reload:v0.5.0","CVE-2022-2879","HIGH","stdlib","go1.15.7","1.18.7,1.19.2","A high vulnerability in go-module package: stdlib, version go1.15.7 was found in image docker.io/jimmidyson/configmap-reload:v0.5.0 at: /configmap-reload"
"qubership-monitoring-operator","grype","docker.io/jimmidyson/configmap-reload:v0.5.0","CVE-2022-28131","HIGH","stdlib","go1.15.7","1.17.12,1.18.4","A high vulnerability in go-module package: stdlib, version go1.15.7 was found in image docker.io/jimmidyson/configmap-reload:v0.5.0 at: /configmap-reload"
"qubership-monitoring-operator","grype","docker.io/jimmidyson/configmap-reload:v0.5.0","CVE-2022-41724","HIGH","stdlib","go1.15.7","1.19.6","A high vulnerability in go-module package: stdlib, version go1.15.7 was found in image docker.io/jimmidyson/configmap-reload:v0.5.0 at: /configmap-reload"
"qubership-monitoring-operator","grype","docker.io/jimmidyson/configmap-reload:v0.5.0","CVE-2023-24537","HIGH","stdlib","go1.15.7","1.19.8,1.20.3","A high vulnerability in go-module package: stdlib, version go1.15.7 was found in image docker.io/jimmidyson/configmap-reload:v0.5.0 at: /configmap-reload"
"qubership-monitoring-operator","grype","docker.io/jimmidyson/configmap-reload:v0.5.0","CVE-2025-47907","HIGH","stdlib","go1.15.7","1.23.12,1.24.6","A high vulnerability in go-module package: stdlib, version go1.15.7 was found in image docker.io/jimmidyson/configmap-reload:v0.5.0 at: /configmap-reload"
"qubership-monitoring-operator","grype","docker.io/jimmidyson/configmap-reload:v0.5.0","CVE-2023-29403","HIGH","stdlib","go1.15.7","1.19.10,1.20.5","A high vulnerability in go-module package: stdlib, version go1.15.7 was found in image docker.io/jimmidyson/configmap-reload:v0.5.0 at: /configmap-reload"
"qubership-monitoring-operator","grype","docker.io/jimmidyson/configmap-reload:v0.5.0","CVE-2025-61731","HIGH","stdlib","go1.15.7","1.24.12,1.25.6","A high vulnerability in go-module package: stdlib, version go1.15.7 was found in image docker.io/jimmidyson/configmap-reload:v0.5.0 at: /configmap-reload"
"qubership-monitoring-operator","grype","docker.io/jimmidyson/configmap-reload:v0.5.0","CVE-2025-61732","HIGH","stdlib","go1.15.7","1.24.13,1.25.7","A high vulnerability in go-module package: stdlib, version go1.15.7 was found in image docker.io/jimmidyson/configmap-reload:v0.5.0 at: /configmap-reload"
"qubership-monitoring-operator","grype","docker.io/jimmidyson/configmap-reload:v0.5.0","CVE-2025-4674","HIGH","stdlib","go1.15.7","1.23.11,1.24.5","A high vulnerability in go-module package: stdlib, version go1.15.7 was found in image docker.io/jimmidyson/configmap-reload:v0.5.0 at: /configmap-reload"
"qubership-jaeger","grype","envoyproxy/envoy:v1.35.2","CVE-2025-15467","CRITICAL","libssl3","3.0.2-0ubuntu1.19","3.0.2-0ubuntu1.21","A medium vulnerability in deb package: libssl3, version 3.0.2-0ubuntu1.19 was found in image envoyproxy/envoy:v1.35.2 at: /var/lib/dpkg/status"
"qubership-jaeger","grype","envoyproxy/envoy:v1.35.2","CVE-2025-15467","CRITICAL","openssl","3.0.2-0ubuntu1.19","3.0.2-0ubuntu1.21","A medium vulnerability in deb package: openssl, version 3.0.2-0ubuntu1.19 was found in image envoyproxy/envoy:v1.35.2 at: /var/lib/dpkg/status"
"qubership-jaeger","grype","envoyproxy/envoy:v1.35.2","CVE-2021-46848","CRITICAL","libtasn1-6","4.18.0-4ubuntu0.1","4.18.0-4ubuntu0.2","A low vulnerability in deb package: libtasn1-6, version 4.18.0-4ubuntu0.1 was found in image envoyproxy/envoy:v1.35.2 at: /var/lib/dpkg/status"
"qubership-jaeger","grype","envoyproxy/envoy:v1.35.2","CVE-2025-6297","HIGH","dpkg","1.21.1ubuntu2.3","1.21.1ubuntu2.6","A low vulnerability in deb package: dpkg, version 1.21.1ubuntu2.3 was found in image envoyproxy/envoy:v1.35.2 at: /var/lib/dpkg/status"
"qubership-jaeger","grype","envoyproxy/envoy:v1.35.2","CVE-2025-13151","HIGH","libtasn1-6","4.18.0-4ubuntu0.1","4.18.0-4ubuntu0.2","A medium vulnerability in deb package: libtasn1-6, version 4.18.0-4ubuntu0.1 was found in image envoyproxy/envoy:v1.35.2 at: /var/lib/dpkg/status"
"qubership-jaeger","grype","envoyproxy/envoy:v1.35.2","CVE-2025-15281","HIGH","libc-bin","2.35-0ubuntu3.10","2.35-0ubuntu3.13","A medium vulnerability in deb package: libc-bin, version 2.35-0ubuntu3.10 was found in image envoyproxy/envoy:v1.35.2 at: /var/lib/dpkg/status"
"qubership-jaeger","grype","envoyproxy/envoy:v1.35.2","CVE-2025-15281","HIGH","libc6","2.35-0ubuntu3.10","2.35-0ubuntu3.13","A medium vulnerability in deb package: libc6, version 2.35-0ubuntu3.10 was found in image envoyproxy/envoy:v1.35.2 at: /var/lib/dpkg/status"
"qubership-jaeger","grype","envoyproxy/envoy:v1.35.2","CVE-2025-69420","HIGH","libssl3","3.0.2-0ubuntu1.19","3.0.2-0ubuntu1.21","A low vulnerability in deb package: libssl3, version 3.0.2-0ubuntu1.19 was found in image envoyproxy/envoy:v1.35.2 at: /var/lib/dpkg/status"
"qubership-jaeger","grype","envoyproxy/envoy:v1.35.2","CVE-2025-69420","HIGH","openssl","3.0.2-0ubuntu1.19","3.0.2-0ubuntu1.21","A low vulnerability in deb package: openssl, version 3.0.2-0ubuntu1.19 was found in image envoyproxy/envoy:v1.35.2 at: /var/lib/dpkg/status"
"qubership-jaeger","grype","envoyproxy/envoy:v1.35.2","CVE-2025-62504","HIGH","envoy","1.35.2","1.33.12,1.34.10,1.35.6,1.36.2","A high vulnerability in binary package: envoy, version 1.35.2 was found in image envoyproxy/envoy:v1.35.2 at: /usr/local/bin/envoy"
"qubership-jaeger","grype","envoyproxy/envoy:v1.35.2","CVE-2025-69421","HIGH","libssl3","3.0.2-0ubuntu1.19","3.0.2-0ubuntu1.21","A low vulnerability in deb package: libssl3, version 3.0.2-0ubuntu1.19 was found in image envoyproxy/envoy:v1.35.2 at: /var/lib/dpkg/status"
"qubership-jaeger","grype","envoyproxy/envoy:v1.35.2","CVE-2025-69421","HIGH","openssl","3.0.2-0ubuntu1.19","3.0.2-0ubuntu1.21","A low vulnerability in deb package: openssl, version 3.0.2-0ubuntu1.19 was found in image envoyproxy/envoy:v1.35.2 at: /var/lib/dpkg/status"
"qubership-jaeger","grype","envoyproxy/envoy:v1.35.2","CVE-2025-69419","HIGH","libssl3","3.0.2-0ubuntu1.19","3.0.2-0ubuntu1.21","A low vulnerability in deb package: libssl3, version 3.0.2-0ubuntu1.19 was found in image envoyproxy/envoy:v1.35.2 at: /var/lib/dpkg/status"
"qubership-jaeger","grype","envoyproxy/envoy:v1.35.2","CVE-2025-69419","HIGH","openssl","3.0.2-0ubuntu1.19","3.0.2-0ubuntu1.21","A low vulnerability in deb package: openssl, version 3.0.2-0ubuntu1.19 was found in image envoyproxy/envoy:v1.35.2 at: /var/lib/dpkg/status"
"qubership-jaeger","grype","envoyproxy/envoy:v1.35.2","CVE-2025-68973","HIGH","gpgv","2.2.27-3ubuntu2.4","2.2.27-3ubuntu2.5","A high vulnerability in deb package: gpgv, version 2.2.27-3ubuntu2.4 was found in image envoyproxy/envoy:v1.35.2 at: /var/lib/dpkg/status"
"qubership-jaeger","grype","envoyproxy/envoy:v1.35.2","CVE-2025-9230","HIGH","libssl3","3.0.2-0ubuntu1.19","3.0.2-0ubuntu1.20","A medium vulnerability in deb package: libssl3, version 3.0.2-0ubuntu1.19 was found in image envoyproxy/envoy:v1.35.2 at: /var/lib/dpkg/status"
"qubership-jaeger","grype","envoyproxy/envoy:v1.35.2","CVE-2025-9230","HIGH","openssl","3.0.2-0ubuntu1.19","3.0.2-0ubuntu1.20","A medium vulnerability in deb package: openssl, version 3.0.2-0ubuntu1.19 was found in image envoyproxy/envoy:v1.35.2 at: /var/lib/dpkg/status"
"qubership-jaeger","grype","envoyproxy/envoy:v1.35.2","CVE-2025-62409","HIGH","envoy","1.35.2","1.33.10,1.34.9,1.35.5,1.36.1","A high vulnerability in binary package: envoy, version 1.35.2 was found in image envoyproxy/envoy:v1.35.2 at: /usr/local/bin/envoy"
"qubership-jaeger","grype","envoyproxy/envoy:v1.35.2","CVE-2026-0915","HIGH","libc-bin","2.35-0ubuntu3.10","2.35-0ubuntu3.13","A medium vulnerability in deb package: libc-bin, version 2.35-0ubuntu3.10 was found in image envoyproxy/envoy:v1.35.2 at: /var/lib/dpkg/status"
"qubership-jaeger","grype","envoyproxy/envoy:v1.35.2","CVE-2026-0915","HIGH","libc6","2.35-0ubuntu3.10","2.35-0ubuntu3.13","A medium vulnerability in deb package: libc6, version 2.35-0ubuntu3.10 was found in image envoyproxy/envoy:v1.35.2 at: /var/lib/dpkg/status"
"qubership-jaeger","grype","envoyproxy/envoy:v1.35.2","CVE-2026-0861","HIGH","libc-bin","2.35-0ubuntu3.10","2.35-0ubuntu3.13","A medium vulnerability in deb package: libc-bin, version 2.35-0ubuntu3.10 was found in image envoyproxy/envoy:v1.35.2 at: /var/lib/dpkg/status"
"qubership-jaeger","grype","envoyproxy/envoy:v1.35.2","CVE-2026-0861","HIGH","libc6","2.35-0ubuntu3.10","2.35-0ubuntu3.13","A medium vulnerability in deb package: libc6, version 2.35-0ubuntu3.10 was found in image envoyproxy/envoy:v1.35.2 at: /var/lib/dpkg/status"
"qubership-jaeger","grype","envoyproxy/envoy:v1.35.2","CVE-2025-66220","HIGH","envoy","1.35.2","1.33.13,1.34.11,1.35.7,1.36.3","A high vulnerability in binary package: envoy, version 1.35.2 was found in image envoyproxy/envoy:v1.35.2 at: /usr/local/bin/envoy"
"qubership-jaeger","grype","jaegertracing/example-hotrod:1.74.0","CVE-2025-61723","HIGH","stdlib","go1.25.1","1.24.8,1.25.2","A high vulnerability in go-module package: stdlib, version go1.25.1 was found in image jaegertracing/example-hotrod:1.74.0 at: /go/bin/hotrod-linux"
"qubership-jaeger","grype","jaegertracing/example-hotrod:1.74.0","CVE-2025-61725","HIGH","stdlib","go1.25.1","1.24.8,1.25.2","A high vulnerability in go-module package: stdlib, version go1.25.1 was found in image jaegertracing/example-hotrod:1.74.0 at: /go/bin/hotrod-linux"
"qubership-jaeger","grype","jaegertracing/example-hotrod:1.74.0","CVE-2025-61726","HIGH","stdlib","go1.25.1","1.24.12,1.25.6","A high vulnerability in go-module package: stdlib, version go1.25.1 was found in image jaegertracing/example-hotrod:1.74.0 at: /go/bin/hotrod-linux"
"qubership-jaeger","grype","jaegertracing/example-hotrod:1.74.0","CVE-2025-68121","CRITICAL","stdlib","go1.25.1","1.24.13,1.25.7,1.26.0-rc.3","A critical vulnerability in go-module package: stdlib, version go1.25.1 was found in image jaegertracing/example-hotrod:1.74.0 at: /go/bin/hotrod-linux"
"qubership-jaeger","grype","jaegertracing/example-hotrod:1.74.0","CVE-2025-58188","HIGH","stdlib","go1.25.1","1.24.8,1.25.2","A high vulnerability in go-module package: stdlib, version go1.25.1 was found in image jaegertracing/example-hotrod:1.74.0 at: /go/bin/hotrod-linux"
"qubership-jaeger","grype","jaegertracing/example-hotrod:1.74.0","CVE-2025-58187","HIGH","stdlib","go1.25.1","1.24.9,1.25.3","A high vulnerability in go-module package: stdlib, version go1.25.1 was found in image jaegertracing/example-hotrod:1.74.0 at: /go/bin/hotrod-linux"
"qubership-jaeger","grype","jaegertracing/example-hotrod:1.74.0","CVE-2025-61729","HIGH","stdlib","go1.25.1","1.24.11,1.25.5","A high vulnerability in go-module package: stdlib, version go1.25.1 was found in image jaegertracing/example-hotrod:1.74.0 at: /go/bin/hotrod-linux"
"qubership-jaeger","grype","jaegertracing/example-hotrod:1.74.0","CVE-2025-68119","HIGH","stdlib","go1.25.1","1.25.6","A high vulnerability in go-module package: stdlib, version go1.25.1 was found in image jaegertracing/example-hotrod:1.74.0 at: /go/bin/hotrod-linux"
"qubership-jaeger","grype","jaegertracing/example-hotrod:1.74.0","CVE-2025-61731","HIGH","stdlib","go1.25.1","1.24.12,1.25.6","A high vulnerability in go-module package: stdlib, version go1.25.1 was found in image jaegertracing/example-hotrod:1.74.0 at: /go/bin/hotrod-linux"
"qubership-jaeger","grype","jaegertracing/example-hotrod:1.74.0","CVE-2025-61732","HIGH","stdlib","go1.25.1","1.24.13,1.25.7","A high vulnerability in go-module package: stdlib, version go1.25.1 was found in image jaegertracing/example-hotrod:1.74.0 at: /go/bin/hotrod-linux"
"qubership-jaeger","grype","jaegertracing/example-hotrod:1.74.0","GHSA-9h8m-3fm2-qjrq","HIGH","go.opentelemetry.io/otel/sdk","v1.37.0","1.40.0","A high vulnerability in go-module package: go.opentelemetry.io/otel/sdk, version v1.37.0 was found in image jaegertracing/example-hotrod:1.74.0 at: /go/bin/hotrod-linux"
"qubership-logging-operator","grype","fluent/fluent-bit:3.0.6","CVE-2025-1094","HIGH","libpq5","13.14-0+deb11u1","13.20-0+deb11u1","A high vulnerability in deb package: libpq5, version 13.14-0+deb11u1 was found in image fluent/fluent-bit:3.0.6 at: /var/lib/dpkg/status.d/libpq5"
"qubership-logging-operator","grype","fluent/fluent-bit:3.0.6","CVE-2024-10979","HIGH","libpq5","13.14-0+deb11u1","13.17-0+deb11u1","A high vulnerability in deb package: libpq5, version 13.14-0+deb11u1 was found in image fluent/fluent-bit:3.0.6 at: /var/lib/dpkg/status.d/libpq5"
"qubership-logging-operator","grype","fluent/fluent-bit:3.0.6","CVE-2024-5535","CRITICAL","libssl1.1","1.1.1w-0+deb11u1","1.1.1w-0+deb11u2","A critical vulnerability in deb package: libssl1.1, version 1.1.1w-0+deb11u1 was found in image fluent/fluent-bit:3.0.6 at: /var/lib/dpkg/status.d/libssl1.1"
"qubership-logging-operator","grype","fluent/fluent-bit:3.0.6","CVE-2024-5535","CRITICAL","openssl","1.1.1w-0+deb11u1","1.1.1w-0+deb11u2","A critical vulnerability in deb package: openssl, version 1.1.1w-0+deb11u1 was found in image fluent/fluent-bit:3.0.6 at: /var/lib/dpkg/status.d/openssl"
"qubership-logging-operator","grype","fluent/fluent-bit:3.0.6","CVE-2024-37371","CRITICAL","libgssapi-krb5-2","1.18.3-6+deb11u4","1.18.3-6+deb11u5","A critical vulnerability in deb package: libgssapi-krb5-2, version 1.18.3-6+deb11u4 was found in image fluent/fluent-bit:3.0.6 at: /var/lib/dpkg/status.d/libgssapi-krb5-2"
"qubership-logging-operator","grype","fluent/fluent-bit:3.0.6","CVE-2024-37371","CRITICAL","libk5crypto3","1.18.3-6+deb11u4","1.18.3-6+deb11u5","A critical vulnerability in deb package: libk5crypto3, version 1.18.3-6+deb11u4 was found in image fluent/fluent-bit:3.0.6 at: /var/lib/dpkg/status.d/libk5crypto3"
"qubership-logging-operator","grype","fluent/fluent-bit:3.0.6","CVE-2024-37371","CRITICAL","libkrb5-3","1.18.3-6+deb11u4","1.18.3-6+deb11u5","A critical vulnerability in deb package: libkrb5-3, version 1.18.3-6+deb11u4 was found in image fluent/fluent-bit:3.0.6 at: /var/lib/dpkg/status.d/libkrb5-3"
"qubership-logging-operator","grype","fluent/fluent-bit:3.0.6","CVE-2024-37371","CRITICAL","libkrb5support0","1.18.3-6+deb11u4","1.18.3-6+deb11u5","A critical vulnerability in deb package: libkrb5support0, version 1.18.3-6+deb11u4 was found in image fluent/fluent-bit:3.0.6 at: /var/lib/dpkg/status.d/libkrb5support0"
"qubership-logging-operator","grype","fluent/fluent-bit:3.0.6","CVE-2024-0567","HIGH","libgnutls30","3.7.1-5+deb11u4","3.7.1-5+deb11u5","A high vulnerability in deb package: libgnutls30, version 3.7.1-5+deb11u4 was found in image fluent/fluent-bit:3.0.6 at: /var/lib/dpkg/status.d/libgnutls30"
"qubership-logging-operator","grype","fluent/fluent-bit:3.0.6","CVE-2024-0553","HIGH","libgnutls30","3.7.1-5+deb11u4","3.7.1-5+deb11u5","A high vulnerability in deb package: libgnutls30, version 3.7.1-5+deb11u4 was found in image fluent/fluent-bit:3.0.6 at: /var/lib/dpkg/status.d/libgnutls30"
"qubership-logging-operator","grype","fluent/fluent-bit:3.0.6","CVE-2024-7348","HIGH","libpq5","13.14-0+deb11u1","13.16-0+deb11u1","A high vulnerability in deb package: libpq5, version 13.14-0+deb11u1 was found in image fluent/fluent-bit:3.0.6 at: /var/lib/dpkg/status.d/libpq5"
"qubership-logging-operator","grype","fluent/fluent-bit:3.0.6","CVE-2024-37370","HIGH","libgssapi-krb5-2","1.18.3-6+deb11u4","1.18.3-6+deb11u5","A high vulnerability in deb package: libgssapi-krb5-2, version 1.18.3-6+deb11u4 was found in image fluent/fluent-bit:3.0.6 at: /var/lib/dpkg/status.d/libgssapi-krb5-2"
"qubership-logging-operator","grype","fluent/fluent-bit:3.0.6","CVE-2024-37370","HIGH","libk5crypto3","1.18.3-6+deb11u4","1.18.3-6+deb11u5","A high vulnerability in deb package: libk5crypto3, version 1.18.3-6+deb11u4 was found in image fluent/fluent-bit:3.0.6 at: /var/lib/dpkg/status.d/libk5crypto3"
"qubership-logging-operator","grype","fluent/fluent-bit:3.0.6","CVE-2024-37370","HIGH","libkrb5-3","1.18.3-6+deb11u4","1.18.3-6+deb11u5","A high vulnerability in deb package: libkrb5-3, version 1.18.3-6+deb11u4 was found in image fluent/fluent-bit:3.0.6 at: /var/lib/dpkg/status.d/libkrb5-3"
"qubership-logging-operator","grype","fluent/fluent-bit:3.0.6","CVE-2024-37370","HIGH","libkrb5support0","1.18.3-6+deb11u4","1.18.3-6+deb11u5","A high vulnerability in deb package: libkrb5support0, version 1.18.3-6+deb11u4 was found in image fluent/fluent-bit:3.0.6 at: /var/lib/dpkg/status.d/libkrb5support0"
"qubership-logging-operator","grype","fluent/fluent-bit:3.0.6","CVE-2022-1304","HIGH","libcom-err2","1.46.2-2","1.46.2-2+deb11u1","A high vulnerability in deb package: libcom-err2, version 1.46.2-2 was found in image fluent/fluent-bit:3.0.6 at: /var/lib/dpkg/status.d/libcom-err2"
"qubership-logging-operator","grype","fluent/fluent-bit:3.0.6","CVE-2024-4741","HIGH","libssl1.1","1.1.1w-0+deb11u1","1.1.1w-0+deb11u2","A high vulnerability in deb package: libssl1.1, version 1.1.1w-0+deb11u1 was found in image fluent/fluent-bit:3.0.6 at: /var/lib/dpkg/status.d/libssl1.1"
"qubership-logging-operator","grype","fluent/fluent-bit:3.0.6","CVE-2024-4741","HIGH","openssl","1.1.1w-0+deb11u1","1.1.1w-0+deb11u2","A high vulnerability in deb package: openssl, version 1.1.1w-0+deb11u1 was found in image fluent/fluent-bit:3.0.6 at: /var/lib/dpkg/status.d/openssl"
"qubership-logging-operator","grype","fluent/fluent-bit:3.0.6","CVE-2025-69420","HIGH","libssl1.1","1.1.1w-0+deb11u1","1.1.1w-0+deb11u5","A high vulnerability in deb package: libssl1.1, version 1.1.1w-0+deb11u1 was found in image fluent/fluent-bit:3.0.6 at: /var/lib/dpkg/status.d/libssl1.1"
"qubership-logging-operator","grype","fluent/fluent-bit:3.0.6","CVE-2025-69420","HIGH","openssl","1.1.1w-0+deb11u1","1.1.1w-0+deb11u5","A high vulnerability in deb package: openssl, version 1.1.1w-0+deb11u1 was found in image fluent/fluent-bit:3.0.6 at: /var/lib/dpkg/status.d/openssl"
"qubership-logging-operator","grype","fluent/fluent-bit:3.0.6","CVE-2025-69421","HIGH","libssl1.1","1.1.1w-0+deb11u1","1.1.1w-0+deb11u5","A high vulnerability in deb package: libssl1.1, version 1.1.1w-0+deb11u1 was found in image fluent/fluent-bit:3.0.6 at: /var/lib/dpkg/status.d/libssl1.1"
"qubership-logging-operator","grype","fluent/fluent-bit:3.0.6","CVE-2025-69421","HIGH","openssl","1.1.1w-0+deb11u1","1.1.1w-0+deb11u5","A high vulnerability in deb package: openssl, version 1.1.1w-0+deb11u1 was found in image fluent/fluent-bit:3.0.6 at: /var/lib/dpkg/status.d/openssl"
"qubership-logging-operator","grype","fluent/fluent-bit:3.0.6","CVE-2025-69419","HIGH","libssl1.1","1.1.1w-0+deb11u1","1.1.1w-0+deb11u5","A high vulnerability in deb package: libssl1.1, version 1.1.1w-0+deb11u1 was found in image fluent/fluent-bit:3.0.6 at: /var/lib/dpkg/status.d/libssl1.1"
"qubership-logging-operator","grype","fluent/fluent-bit:3.0.6","CVE-2025-69419","HIGH","openssl","1.1.1w-0+deb11u1","1.1.1w-0+deb11u5","A high vulnerability in deb package: openssl, version 1.1.1w-0+deb11u1 was found in image fluent/fluent-bit:3.0.6 at: /var/lib/dpkg/status.d/openssl"
"qubership-logging-operator","grype","fluent/fluent-bit:3.0.6","CVE-2025-32990","HIGH","libgnutls30","3.7.1-5+deb11u4","3.7.1-5+deb11u8","A high vulnerability in deb package: libgnutls30, version 3.7.1-5+deb11u4 was found in image fluent/fluent-bit:3.0.6 at: /var/lib/dpkg/status.d/libgnutls30"
"qubership-logging-operator","grype","fluent/fluent-bit:3.0.6","CVE-2025-32988","HIGH","libgnutls30","3.7.1-5+deb11u4","3.7.1-5+deb11u8","A high vulnerability in deb package: libgnutls30, version 3.7.1-5+deb11u4 was found in image fluent/fluent-bit:3.0.6 at: /var/lib/dpkg/status.d/libgnutls30"
"qubership-logging-operator","grype","fluent/fluent-bit:3.0.6","CVE-2025-8715","HIGH","libpq5","13.14-0+deb11u1","13.22-0+deb11u1","A high vulnerability in deb package: libpq5, version 13.14-0+deb11u1 was found in image fluent/fluent-bit:3.0.6 at: /var/lib/dpkg/status.d/libpq5"
"qubership-logging-operator","grype","fluent/fluent-bit:3.0.6","CVE-2025-9230","HIGH","libssl1.1","1.1.1w-0+deb11u1","1.1.1w-0+deb11u4","A high vulnerability in deb package: libssl1.1, version 1.1.1w-0+deb11u1 was found in image fluent/fluent-bit:3.0.6 at: /var/lib/dpkg/status.d/libssl1.1"
"qubership-logging-operator","grype","fluent/fluent-bit:3.0.6","CVE-2025-9230","HIGH","openssl","1.1.1w-0+deb11u1","1.1.1w-0+deb11u4","A high vulnerability in deb package: openssl, version 1.1.1w-0+deb11u1 was found in image fluent/fluent-bit:3.0.6 at: /var/lib/dpkg/status.d/openssl"
"qubership-logging-operator","grype","fluent/fluent-bit:3.0.6","CVE-2025-8714","HIGH","libpq5","13.14-0+deb11u1","13.22-0+deb11u1","A high vulnerability in deb package: libpq5, version 13.14-0+deb11u1 was found in image fluent/fluent-bit:3.0.6 at: /var/lib/dpkg/status.d/libpq5"
"qubership-logging-operator","grype","fluent/fluent-bit:3.0.6","CVE-2025-4802","HIGH","libc6","2.31-13+deb11u10","2.31-13+deb11u13","A high vulnerability in deb package: libc6, version 2.31-13+deb11u10 was found in image fluent/fluent-bit:3.0.6 at: /var/lib/dpkg/status.d/libc6"
"qubership-logging-operator","grype","fluent/fluent-bit:3.0.6","CVE-2025-24528","HIGH","libgssapi-krb5-2","1.18.3-6+deb11u4","1.18.3-6+deb11u6","A high vulnerability in deb package: libgssapi-krb5-2, version 1.18.3-6+deb11u4 was found in image fluent/fluent-bit:3.0.6 at: /var/lib/dpkg/status.d/libgssapi-krb5-2"
"qubership-logging-operator","grype","fluent/fluent-bit:3.0.6","CVE-2025-24528","HIGH","libk5crypto3","1.18.3-6+deb11u4","1.18.3-6+deb11u6","A high vulnerability in deb package: libk5crypto3, version 1.18.3-6+deb11u4 was found in image fluent/fluent-bit:3.0.6 at: /var/lib/dpkg/status.d/libk5crypto3"
"qubership-logging-operator","grype","fluent/fluent-bit:3.0.6","CVE-2025-24528","HIGH","libkrb5-3","1.18.3-6+deb11u4","1.18.3-6+deb11u6","A high vulnerability in deb package: libkrb5-3, version 1.18.3-6+deb11u4 was found in image fluent/fluent-bit:3.0.6 at: /var/lib/dpkg/status.d/libkrb5-3"
"qubership-logging-operator","grype","fluent/fluent-bit:3.0.6","CVE-2025-24528","HIGH","libkrb5support0","1.18.3-6+deb11u4","1.18.3-6+deb11u6","A high vulnerability in deb package: libkrb5support0, version 1.18.3-6+deb11u4 was found in image fluent/fluent-bit:3.0.6 at: /var/lib/dpkg/status.d/libkrb5support0"
"qubership-logging-operator","grype","docker.io/fluent/fluent-bit:4.0.1","CVE-2025-15467","CRITICAL","libssl3","3.0.15-1~deb12u1","3.0.18-1~deb12u2","A critical vulnerability in deb package: libssl3, version 3.0.15-1~deb12u1 was found in image docker.io/fluent/fluent-bit:4.0.1 at: /var/lib/dpkg/status.d/libssl3"
"qubership-logging-operator","grype","docker.io/fluent/fluent-bit:4.0.1","CVE-2026-2004","HIGH","libpq5","15.12-0+deb12u2","15.16-0+deb12u1","A high vulnerability in deb package: libpq5, version 15.12-0+deb12u2 was found in image docker.io/fluent/fluent-bit:4.0.1 at: /var/lib/dpkg/status.d/libpq5"
"qubership-logging-operator","grype","docker.io/fluent/fluent-bit:4.0.1","CVE-2026-2006","HIGH","libpq5","15.12-0+deb12u2","15.16-0+deb12u1","A high vulnerability in deb package: libpq5, version 15.12-0+deb12u2 was found in image docker.io/fluent/fluent-bit:4.0.1 at: /var/lib/dpkg/status.d/libpq5"
"qubership-logging-operator","grype","docker.io/fluent/fluent-bit:4.0.1","CVE-2026-2005","HIGH","libpq5","15.12-0+deb12u2","15.16-0+deb12u1","A high vulnerability in deb package: libpq5, version 15.12-0+deb12u2 was found in image docker.io/fluent/fluent-bit:4.0.1 at: /var/lib/dpkg/status.d/libpq5"
"qubership-logging-operator","grype","docker.io/fluent/fluent-bit:4.0.1","CVE-2025-69420","HIGH","libssl3","3.0.15-1~deb12u1","3.0.18-1~deb12u2","A high vulnerability in deb package: libssl3, version 3.0.15-1~deb12u1 was found in image docker.io/fluent/fluent-bit:4.0.1 at: /var/lib/dpkg/status.d/libssl3"
"qubership-logging-operator","grype","docker.io/fluent/fluent-bit:4.0.1","CVE-2025-69421","HIGH","libssl3","3.0.15-1~deb12u1","3.0.18-1~deb12u2","A high vulnerability in deb package: libssl3, version 3.0.15-1~deb12u1 was found in image docker.io/fluent/fluent-bit:4.0.1 at: /var/lib/dpkg/status.d/libssl3"
"qubership-logging-operator","grype","docker.io/fluent/fluent-bit:4.0.1","CVE-2025-69419","HIGH","libssl3","3.0.15-1~deb12u1","3.0.18-1~deb12u2","A high vulnerability in deb package: libssl3, version 3.0.15-1~deb12u1 was found in image docker.io/fluent/fluent-bit:4.0.1 at: /var/lib/dpkg/status.d/libssl3"
"qubership-logging-operator","grype","docker.io/fluent/fluent-bit:4.0.1","CVE-2025-32990","HIGH","libgnutls30","3.7.9-2+deb12u4","3.7.9-2+deb12u5","A high vulnerability in deb package: libgnutls30, version 3.7.9-2+deb12u4 was found in image docker.io/fluent/fluent-bit:4.0.1 at: /var/lib/dpkg/status.d/libgnutls30"
"qubership-logging-operator","grype","docker.io/fluent/fluent-bit:4.0.1","CVE-2025-32988","HIGH","libgnutls30","3.7.9-2+deb12u4","3.7.9-2+deb12u5","A high vulnerability in deb package: libgnutls30, version 3.7.9-2+deb12u4 was found in image docker.io/fluent/fluent-bit:4.0.1 at: /var/lib/dpkg/status.d/libgnutls30"
"qubership-logging-operator","grype","docker.io/fluent/fluent-bit:4.0.1","CVE-2025-8715","HIGH","libpq5","15.12-0+deb12u2","15.14-0+deb12u1","A high vulnerability in deb package: libpq5, version 15.12-0+deb12u2 was found in image docker.io/fluent/fluent-bit:4.0.1 at: /var/lib/dpkg/status.d/libpq5"
"qubership-logging-operator","grype","docker.io/fluent/fluent-bit:4.0.1","CVE-2025-9230","HIGH","libssl3","3.0.15-1~deb12u1","3.0.17-1~deb12u3","A high vulnerability in deb package: libssl3, version 3.0.15-1~deb12u1 was found in image docker.io/fluent/fluent-bit:4.0.1 at: /var/lib/dpkg/status.d/libssl3"
"qubership-logging-operator","grype","docker.io/fluent/fluent-bit:4.0.1","CVE-2025-8714","HIGH","libpq5","15.12-0+deb12u2","15.14-0+deb12u1","A high vulnerability in deb package: libpq5, version 15.12-0+deb12u2 was found in image docker.io/fluent/fluent-bit:4.0.1 at: /var/lib/dpkg/status.d/libpq5"
"qubership-logging-operator","grype","docker.io/fluent/fluent-bit:4.0.1","CVE-2025-4802","HIGH","libc6","2.36-9+deb12u10","2.36-9+deb12u11","A high vulnerability in deb package: libc6, version 2.36-9+deb12u10 was found in image docker.io/fluent/fluent-bit:4.0.1 at: /var/lib/dpkg/status.d/libc6"
"qubership-logging-operator","grype","docker.io/fluent/fluent-bit:4.0.1","CVE-2025-24528","HIGH","libgssapi-krb5-2","1.20.1-2+deb12u2","1.20.1-2+deb12u3","A high vulnerability in deb package: libgssapi-krb5-2, version 1.20.1-2+deb12u2 was found in image docker.io/fluent/fluent-bit:4.0.1 at: /var/lib/dpkg/status.d/libgssapi-krb5-2"
"qubership-logging-operator","grype","docker.io/fluent/fluent-bit:4.0.1","CVE-2025-24528","HIGH","libk5crypto3","1.20.1-2+deb12u2","1.20.1-2+deb12u3","A high vulnerability in deb package: libk5crypto3, version 1.20.1-2+deb12u2 was found in image docker.io/fluent/fluent-bit:4.0.1 at: /var/lib/dpkg/status.d/libk5crypto3"
"qubership-logging-operator","grype","docker.io/fluent/fluent-bit:4.0.1","CVE-2025-24528","HIGH","libkrb5-3","1.20.1-2+deb12u2","1.20.1-2+deb12u3","A high vulnerability in deb package: libkrb5-3, version 1.20.1-2+deb12u2 was found in image docker.io/fluent/fluent-bit:4.0.1 at: /var/lib/dpkg/status.d/libkrb5-3"
"qubership-logging-operator","grype","docker.io/fluent/fluent-bit:4.0.1","CVE-2025-24528","HIGH","libkrb5support0","1.20.1-2+deb12u2","1.20.1-2+deb12u3","A high vulnerability in deb package: libkrb5support0, version 1.20.1-2+deb12u2 was found in image docker.io/fluent/fluent-bit:4.0.1 at: /var/lib/dpkg/status.d/libkrb5support0"
"qubership-monitoring-operator","grype","docker.io/bloomberg/goldpinger:3.10.2","CVE-2025-22871","CRITICAL","stdlib","go1.23.3","1.23.8,1.24.2","A critical vulnerability in go-module package: stdlib, version go1.23.3 was found in image docker.io/bloomberg/goldpinger:3.10.2 at: /goldpinger"
"qubership-monitoring-operator","grype","docker.io/bloomberg/goldpinger:3.10.2","GHSA-6v2p-p543-phr9","HIGH","golang.org/x/oauth2","v0.19.0","0.27.0","A high vulnerability in go-module package: golang.org/x/oauth2, version v0.19.0 was found in image docker.io/bloomberg/goldpinger:3.10.2 at: /goldpinger"
"qubership-monitoring-operator","grype","docker.io/bloomberg/goldpinger:3.10.2","CVE-2025-61723","HIGH","stdlib","go1.23.3","1.24.8,1.25.2","A high vulnerability in go-module package: stdlib, version go1.23.3 was found in image docker.io/bloomberg/goldpinger:3.10.2 at: /goldpinger"
"qubership-monitoring-operator","grype","docker.io/bloomberg/goldpinger:3.10.2","CVE-2025-61725","HIGH","stdlib","go1.23.3","1.24.8,1.25.2","A high vulnerability in go-module package: stdlib, version go1.23.3 was found in image docker.io/bloomberg/goldpinger:3.10.2 at: /goldpinger"
"qubership-monitoring-operator","grype","docker.io/bloomberg/goldpinger:3.10.2","CVE-2025-61726","HIGH","stdlib","go1.23.3","1.24.12,1.25.6","A high vulnerability in go-module package: stdlib, version go1.23.3 was found in image docker.io/bloomberg/goldpinger:3.10.2 at: /goldpinger"
"qubership-monitoring-operator","grype","docker.io/bloomberg/goldpinger:3.10.2","CVE-2025-68121","CRITICAL","stdlib","go1.23.3","1.24.13,1.25.7,1.26.0-rc.3","A critical vulnerability in go-module package: stdlib, version go1.23.3 was found in image docker.io/bloomberg/goldpinger:3.10.2 at: /goldpinger"
"qubership-monitoring-operator","grype","docker.io/bloomberg/goldpinger:3.10.2","CVE-2025-58188","HIGH","stdlib","go1.23.3","1.24.8,1.25.2","A high vulnerability in go-module package: stdlib, version go1.23.3 was found in image docker.io/bloomberg/goldpinger:3.10.2 at: /goldpinger"
"qubership-monitoring-operator","grype","docker.io/bloomberg/goldpinger:3.10.2","CVE-2025-58187","HIGH","stdlib","go1.23.3","1.24.9,1.25.3","A high vulnerability in go-module package: stdlib, version go1.23.3 was found in image docker.io/bloomberg/goldpinger:3.10.2 at: /goldpinger"
"qubership-monitoring-operator","grype","docker.io/bloomberg/goldpinger:3.10.2","CVE-2025-61729","HIGH","stdlib","go1.23.3","1.24.11,1.25.5","A high vulnerability in go-module package: stdlib, version go1.23.3 was found in image docker.io/bloomberg/goldpinger:3.10.2 at: /goldpinger"
"qubership-monitoring-operator","grype","docker.io/bloomberg/goldpinger:3.10.2","CVE-2025-47907","HIGH","stdlib","go1.23.3","1.23.12,1.24.6","A high vulnerability in go-module package: stdlib, version go1.23.3 was found in image docker.io/bloomberg/goldpinger:3.10.2 at: /goldpinger"
"qubership-monitoring-operator","grype","docker.io/bloomberg/goldpinger:3.10.2","CVE-2025-61731","HIGH","stdlib","go1.23.3","1.24.12,1.25.6","A high vulnerability in go-module package: stdlib, version go1.23.3 was found in image docker.io/bloomberg/goldpinger:3.10.2 at: /goldpinger"
"qubership-monitoring-operator","grype","docker.io/bloomberg/goldpinger:3.10.2","CVE-2025-61732","HIGH","stdlib","go1.23.3","1.24.13,1.25.7","A high vulnerability in go-module package: stdlib, version go1.23.3 was found in image docker.io/bloomberg/goldpinger:3.10.2 at: /goldpinger"
"qubership-monitoring-operator","grype","docker.io/bloomberg/goldpinger:3.10.2","CVE-2025-4674","HIGH","stdlib","go1.23.3","1.23.11,1.24.5","A high vulnerability in go-module package: stdlib, version go1.23.3 was found in image docker.io/bloomberg/goldpinger:3.10.2 at: /goldpinger"
"qubership-monitoring-operator","grype","docker.io/grafana/grafana:11.6.5","CVE-2025-15467","CRITICAL","libcrypto3","3.5.1-r0","3.5.5-r0","A critical vulnerability in apk package: libcrypto3, version 3.5.1-r0 was found in image docker.io/grafana/grafana:11.6.5 at: /lib/apk/db/installed"
"qubership-monitoring-operator","grype","docker.io/grafana/grafana:11.6.5","CVE-2025-15467","CRITICAL","libssl3","3.5.1-r0","3.5.5-r0","A critical vulnerability in apk package: libssl3, version 3.5.1-r0 was found in image docker.io/grafana/grafana:11.6.5 at: /lib/apk/db/installed"
"qubership-monitoring-operator","grype","docker.io/grafana/grafana:11.6.5","CVE-2025-69420","HIGH","libcrypto3","3.5.1-r0","3.5.5-r0","A high vulnerability in apk package: libcrypto3, version 3.5.1-r0 was found in image docker.io/grafana/grafana:11.6.5 at: /lib/apk/db/installed"
"qubership-monitoring-operator","grype","docker.io/grafana/grafana:11.6.5","CVE-2025-69420","HIGH","libssl3","3.5.1-r0","3.5.5-r0","A high vulnerability in apk package: libssl3, version 3.5.1-r0 was found in image docker.io/grafana/grafana:11.6.5 at: /lib/apk/db/installed"
"qubership-monitoring-operator","grype","docker.io/grafana/grafana:11.6.5","CVE-2025-69421","HIGH","libcrypto3","3.5.1-r0","3.5.5-r0","A high vulnerability in apk package: libcrypto3, version 3.5.1-r0 was found in image docker.io/grafana/grafana:11.6.5 at: /lib/apk/db/installed"
"qubership-monitoring-operator","grype","docker.io/grafana/grafana:11.6.5","CVE-2025-69421","HIGH","libssl3","3.5.1-r0","3.5.5-r0","A high vulnerability in apk package: libssl3, version 3.5.1-r0 was found in image docker.io/grafana/grafana:11.6.5 at: /lib/apk/db/installed"
"qubership-monitoring-operator","grype","docker.io/grafana/grafana:11.6.5","CVE-2025-69419","HIGH","libcrypto3","3.5.1-r0","3.5.5-r0","A high vulnerability in apk package: libcrypto3, version 3.5.1-r0 was found in image docker.io/grafana/grafana:11.6.5 at: /lib/apk/db/installed"
"qubership-monitoring-operator","grype","docker.io/grafana/grafana:11.6.5","CVE-2025-69419","HIGH","libssl3","3.5.1-r0","3.5.5-r0","A high vulnerability in apk package: libssl3, version 3.5.1-r0 was found in image docker.io/grafana/grafana:11.6.5 at: /lib/apk/db/installed"
"qubership-monitoring-operator","grype","docker.io/grafana/grafana:11.6.5","CVE-2025-61723","HIGH","stdlib","go1.24.6","1.24.8,1.25.2","A high vulnerability in go-module package: stdlib, version go1.24.6 was found in image docker.io/grafana/grafana:11.6.5 at: /usr/share/grafana/bin/grafana-cli"
"qubership-monitoring-operator","grype","docker.io/grafana/grafana:11.6.5","CVE-2025-61723","HIGH","stdlib","go1.24.6","1.24.8,1.25.2","A high vulnerability in go-module package: stdlib, version go1.24.6 was found in image docker.io/grafana/grafana:11.6.5 at: /usr/share/grafana/bin/grafana"
"qubership-monitoring-operator","grype","docker.io/grafana/grafana:11.6.5","CVE-2025-61723","HIGH","stdlib","go1.24.6","1.24.8,1.25.2","A high vulnerability in go-module package: stdlib, version go1.24.6 was found in image docker.io/grafana/grafana:11.6.5 at: /usr/share/grafana/bin/grafana-server"
"qubership-monitoring-operator","grype","docker.io/grafana/grafana:11.6.5","CVE-2025-9086","HIGH","curl","8.14.1-r1","8.14.1-r2","A high vulnerability in apk package: curl, version 8.14.1-r1 was found in image docker.io/grafana/grafana:11.6.5 at: /lib/apk/db/installed"
"qubership-monitoring-operator","grype","docker.io/grafana/grafana:11.6.5","CVE-2025-9086","HIGH","libcurl","8.14.1-r1","8.14.1-r2","A high vulnerability in apk package: libcurl, version 8.14.1-r1 was found in image docker.io/grafana/grafana:11.6.5 at: /lib/apk/db/installed"
"qubership-monitoring-operator","grype","docker.io/grafana/grafana:11.6.5","CVE-2025-61725","HIGH","stdlib","go1.24.6","1.24.8,1.25.2","A high vulnerability in go-module package: stdlib, version go1.24.6 was found in image docker.io/grafana/grafana:11.6.5 at: /usr/share/grafana/bin/grafana-cli"
"qubership-monitoring-operator","grype","docker.io/grafana/grafana:11.6.5","CVE-2025-61725","HIGH","stdlib","go1.24.6","1.24.8,1.25.2","A high vulnerability in go-module package: stdlib, version go1.24.6 was found in image docker.io/grafana/grafana:11.6.5 at: /usr/share/grafana/bin/grafana"
"qubership-monitoring-operator","grype","docker.io/grafana/grafana:11.6.5","CVE-2025-61725","HIGH","stdlib","go1.24.6","1.24.8,1.25.2","A high vulnerability in go-module package: stdlib, version go1.24.6 was found in image docker.io/grafana/grafana:11.6.5 at: /usr/share/grafana/bin/grafana-server"
"qubership-monitoring-operator","grype","docker.io/grafana/grafana:11.6.5","CVE-2025-61726","HIGH","stdlib","go1.24.6","1.24.12,1.25.6","A high vulnerability in go-module package: stdlib, version go1.24.6 was found in image docker.io/grafana/grafana:11.6.5 at: /usr/share/grafana/bin/grafana-server"
"qubership-monitoring-operator","grype","docker.io/grafana/grafana:11.6.5","CVE-2025-61726","HIGH","stdlib","go1.24.6","1.24.12,1.25.6","A high vulnerability in go-module package: stdlib, version go1.24.6 was found in image docker.io/grafana/grafana:11.6.5 at: /usr/share/grafana/bin/grafana-cli"
"qubership-monitoring-operator","grype","docker.io/grafana/grafana:11.6.5","CVE-2025-61726","HIGH","stdlib","go1.24.6","1.24.12,1.25.6","A high vulnerability in go-module package: stdlib, version go1.24.6 was found in image docker.io/grafana/grafana:11.6.5 at: /usr/share/grafana/bin/grafana"
"qubership-monitoring-operator","grype","docker.io/grafana/grafana:11.6.5","CVE-2025-9230","HIGH","libcrypto3","3.5.1-r0","3.5.4-r0","A high vulnerability in apk package: libcrypto3, version 3.5.1-r0 was found in image docker.io/grafana/grafana:11.6.5 at: /lib/apk/db/installed"
"qubership-monitoring-operator","grype","docker.io/grafana/grafana:11.6.5","CVE-2025-9230","HIGH","libssl3","3.5.1-r0","3.5.4-r0","A high vulnerability in apk package: libssl3, version 3.5.1-r0 was found in image docker.io/grafana/grafana:11.6.5 at: /lib/apk/db/installed"
"qubership-monitoring-operator","grype","docker.io/grafana/grafana:11.6.5","CVE-2025-68121","CRITICAL","stdlib","go1.24.6","1.24.13,1.25.7,1.26.0-rc.3","A critical vulnerability in go-module package: stdlib, version go1.24.6 was found in image docker.io/grafana/grafana:11.6.5 at: /usr/share/grafana/bin/grafana-cli"
"qubership-monitoring-operator","grype","docker.io/grafana/grafana:11.6.5","CVE-2025-68121","CRITICAL","stdlib","go1.24.6","1.24.13,1.25.7,1.26.0-rc.3","A critical vulnerability in go-module package: stdlib, version go1.24.6 was found in image docker.io/grafana/grafana:11.6.5 at: /usr/share/grafana/bin/grafana"
"qubership-monitoring-operator","grype","docker.io/grafana/grafana:11.6.5","CVE-2025-68121","CRITICAL","stdlib","go1.24.6","1.24.13,1.25.7,1.26.0-rc.3","A critical vulnerability in go-module package: stdlib, version go1.24.6 was found in image docker.io/grafana/grafana:11.6.5 at: /usr/share/grafana/bin/grafana-server"
"qubership-monitoring-operator","grype","docker.io/grafana/grafana:11.6.5","CVE-2025-58188","HIGH","stdlib","go1.24.6","1.24.8,1.25.2","A high vulnerability in go-module package: stdlib, version go1.24.6 was found in image docker.io/grafana/grafana:11.6.5 at: /usr/share/grafana/bin/grafana-server"
"qubership-monitoring-operator","grype","docker.io/grafana/grafana:11.6.5","CVE-2025-58188","HIGH","stdlib","go1.24.6","1.24.8,1.25.2","A high vulnerability in go-module package: stdlib, version go1.24.6 was found in image docker.io/grafana/grafana:11.6.5 at: /usr/share/grafana/bin/grafana-cli"
"qubership-monitoring-operator","grype","docker.io/grafana/grafana:11.6.5","CVE-2025-58188","HIGH","stdlib","go1.24.6","1.24.8,1.25.2","A high vulnerability in go-module package: stdlib, version go1.24.6 was found in image docker.io/grafana/grafana:11.6.5 at: /usr/share/grafana/bin/grafana"
"qubership-monitoring-operator","grype","docker.io/grafana/grafana:11.6.5","CVE-2025-58187","HIGH","stdlib","go1.24.6","1.24.9,1.25.3","A high vulnerability in go-module package: stdlib, version go1.24.6 was found in image docker.io/grafana/grafana:11.6.5 at: /usr/share/grafana/bin/grafana-server"
"qubership-monitoring-operator","grype","docker.io/grafana/grafana:11.6.5","CVE-2025-58187","HIGH","stdlib","go1.24.6","1.24.9,1.25.3","A high vulnerability in go-module package: stdlib, version go1.24.6 was found in image docker.io/grafana/grafana:11.6.5 at: /usr/share/grafana/bin/grafana"
"qubership-monitoring-operator","grype","docker.io/grafana/grafana:11.6.5","CVE-2025-58187","HIGH","stdlib","go1.24.6","1.24.9,1.25.3","A high vulnerability in go-module package: stdlib, version go1.24.6 was found in image docker.io/grafana/grafana:11.6.5 at: /usr/share/grafana/bin/grafana-cli"
"qubership-monitoring-operator","grype","docker.io/grafana/grafana:11.6.5","CVE-2025-61729","HIGH","stdlib","go1.24.6","1.24.11,1.25.5","A high vulnerability in go-module package: stdlib, version go1.24.6 was found in image docker.io/grafana/grafana:11.6.5 at: /usr/share/grafana/bin/grafana-cli"
"qubership-monitoring-operator","grype","docker.io/grafana/grafana:11.6.5","CVE-2025-61729","HIGH","stdlib","go1.24.6","1.24.11,1.25.5","A high vulnerability in go-module package: stdlib, version go1.24.6 was found in image docker.io/grafana/grafana:11.6.5 at: /usr/share/grafana/bin/grafana-server"
"qubership-monitoring-operator","grype","docker.io/grafana/grafana:11.6.5","CVE-2025-61729","HIGH","stdlib","go1.24.6","1.24.11,1.25.5","A high vulnerability in go-module package: stdlib, version go1.24.6 was found in image docker.io/grafana/grafana:11.6.5 at: /usr/share/grafana/bin/grafana"
"qubership-monitoring-operator","grype","docker.io/grafana/grafana:11.6.5","CVE-2026-21720","HIGH","grafana","11.6.5","11.6.9,12.0.8,12.1.5,12.2.3","A high vulnerability in binary package: grafana, version 11.6.5 was found in image docker.io/grafana/grafana:11.6.5 at: /usr/share/grafana/bin/grafana"
"qubership-monitoring-operator","grype","docker.io/grafana/grafana:11.6.5","CVE-2026-21721","HIGH","grafana","11.6.5","11.6.9,12.0.8,12.1.5,12.2.3,12.3.1","A high vulnerability in binary package: grafana, version 11.6.5 was found in image docker.io/grafana/grafana:11.6.5 at: /usr/share/grafana/bin/grafana"
"qubership-monitoring-operator","grype","docker.io/grafana/grafana:11.6.5","CVE-2025-61731","HIGH","stdlib","go1.24.6","1.24.12,1.25.6","A high vulnerability in go-module package: stdlib, version go1.24.6 was found in image docker.io/grafana/grafana:11.6.5 at: /usr/share/grafana/bin/grafana"
"qubership-monitoring-operator","grype","docker.io/grafana/grafana:11.6.5","CVE-2025-61731","HIGH","stdlib","go1.24.6","1.24.12,1.25.6","A high vulnerability in go-module package: stdlib, version go1.24.6 was found in image docker.io/grafana/grafana:11.6.5 at: /usr/share/grafana/bin/grafana-cli"
"qubership-monitoring-operator","grype","docker.io/grafana/grafana:11.6.5","CVE-2025-61731","HIGH","stdlib","go1.24.6","1.24.12,1.25.6","A high vulnerability in go-module package: stdlib, version go1.24.6 was found in image docker.io/grafana/grafana:11.6.5 at: /usr/share/grafana/bin/grafana-server"
"qubership-monitoring-operator","grype","docker.io/grafana/grafana:11.6.5","CVE-2025-61732","HIGH","stdlib","go1.24.6","1.24.13,1.25.7","A high vulnerability in go-module package: stdlib, version go1.24.6 was found in image docker.io/grafana/grafana:11.6.5 at: /usr/share/grafana/bin/grafana-cli"
"qubership-monitoring-operator","grype","docker.io/grafana/grafana:11.6.5","CVE-2025-61732","HIGH","stdlib","go1.24.6","1.24.13,1.25.7","A high vulnerability in go-module package: stdlib, version go1.24.6 was found in image docker.io/grafana/grafana:11.6.5 at: /usr/share/grafana/bin/grafana"
"qubership-monitoring-operator","grype","docker.io/grafana/grafana:11.6.5","CVE-2025-61732","HIGH","stdlib","go1.24.6","1.24.13,1.25.7","A high vulnerability in go-module package: stdlib, version go1.24.6 was found in image docker.io/grafana/grafana:11.6.5 at: /usr/share/grafana/bin/grafana-server"
"qubership-monitoring-operator","grype","docker.io/grafana/grafana:11.6.5","GHSA-9h8m-3fm2-qjrq","HIGH","go.opentelemetry.io/otel/sdk","v1.36.0","1.40.0","A high vulnerability in go-module package: go.opentelemetry.io/otel/sdk, version v1.36.0 was found in image docker.io/grafana/grafana:11.6.5 at: /usr/share/grafana/bin/grafana"
"qubership-monitoring-operator","grype","docker.io/grafana/grafana-image-renderer:3.12.9","CVE-2025-47917","CRITICAL","mbedtls","3.6.3.1-r0","3.6.4-r0","A critical vulnerability in apk package: mbedtls, version 3.6.3.1-r0 was found in image docker.io/grafana/grafana-image-renderer:3.12.9 at: /lib/apk/db/installed"
"qubership-monitoring-operator","grype","docker.io/grafana/grafana-image-renderer:3.12.9","CVE-2025-15467","CRITICAL","libcrypto3","3.5.0-r0","3.5.5-r0","A critical vulnerability in apk package: libcrypto3, version 3.5.0-r0 was found in image docker.io/grafana/grafana-image-renderer:3.12.9 at: /lib/apk/db/installed"
"qubership-monitoring-operator","grype","docker.io/grafana/grafana-image-renderer:3.12.9","CVE-2025-15467","CRITICAL","libssl3","3.5.0-r0","3.5.5-r0","A critical vulnerability in apk package: libssl3, version 3.5.0-r0 was found in image docker.io/grafana/grafana-image-renderer:3.12.9 at: /lib/apk/db/installed"
"qubership-monitoring-operator","grype","docker.io/grafana/grafana-image-renderer:3.12.9","CVE-2025-49796","CRITICAL","libxml2","2.13.8-r0","2.13.9-r0","A critical vulnerability in apk package: libxml2, version 2.13.8-r0 was found in image docker.io/grafana/grafana-image-renderer:3.12.9 at: /lib/apk/db/installed"
"qubership-monitoring-operator","grype","docker.io/grafana/grafana-image-renderer:3.12.9","CVE-2025-6021","HIGH","libxml2","2.13.8-r0","2.13.9-r0","A high vulnerability in apk package: libxml2, version 2.13.8-r0 was found in image docker.io/grafana/grafana-image-renderer:3.12.9 at: /lib/apk/db/installed"
"qubership-monitoring-operator","grype","docker.io/grafana/grafana-image-renderer:3.12.9","GHSA-6rw7-vpxm-498p","HIGH","qs","6.13.0","6.14.1","A high vulnerability in npm package: qs, version 6.13.0 was found in image docker.io/grafana/grafana-image-renderer:3.12.9 at: /usr/src/app/node_modules/qs/package.json"
"qubership-monitoring-operator","grype","docker.io/grafana/grafana-image-renderer:3.12.9","GHSA-fjxv-7rqg-78g4","CRITICAL","form-data","4.0.2","4.0.4","A critical vulnerability in npm package: form-data, version 4.0.2 was found in image docker.io/grafana/grafana-image-renderer:3.12.9 at: /usr/src/app/node_modules/form-data/package.json"
"qubership-monitoring-operator","grype","docker.io/grafana/grafana-image-renderer:3.12.9","CVE-2025-57052","CRITICAL","cjson","1.7.18-r1","1.7.19-r0","A critical vulnerability in apk package: cjson, version 1.7.18-r1 was found in image docker.io/grafana/grafana-image-renderer:3.12.9 at: /lib/apk/db/installed"
"qubership-monitoring-operator","grype","docker.io/grafana/grafana-image-renderer:3.12.9","CVE-2025-49795","HIGH","libxml2","2.13.8-r0","2.13.9-r0","A high vulnerability in apk package: libxml2, version 2.13.8-r0 was found in image docker.io/grafana/grafana-image-renderer:3.12.9 at: /lib/apk/db/installed"
"qubership-monitoring-operator","grype","docker.io/grafana/grafana-image-renderer:3.12.9","CVE-2025-49794","CRITICAL","libxml2","2.13.8-r0","2.13.9-r0","A critical vulnerability in apk package: libxml2, version 2.13.8-r0 was found in image docker.io/grafana/grafana-image-renderer:3.12.9 at: /lib/apk/db/installed"
"qubership-monitoring-operator","grype","docker.io/grafana/grafana-image-renderer:3.12.9","CVE-2025-6965","CRITICAL","sqlite-libs","3.49.2-r0","3.49.2-r1","A critical vulnerability in apk package: sqlite-libs, version 3.49.2-r0 was found in image docker.io/grafana/grafana-image-renderer:3.12.9 at: /lib/apk/db/installed"
"qubership-monitoring-operator","grype","docker.io/grafana/grafana-image-renderer:3.12.9","CVE-2025-66293","HIGH","libpng","1.6.47-r0","1.6.53-r0","A high vulnerability in apk package: libpng, version 1.6.47-r0 was found in image docker.io/grafana/grafana-image-renderer:3.12.9 at: /lib/apk/db/installed"
"qubership-monitoring-operator","grype","docker.io/grafana/grafana-image-renderer:3.12.9","CVE-2025-69420","HIGH","libcrypto3","3.5.0-r0","3.5.5-r0","A high vulnerability in apk package: libcrypto3, version 3.5.0-r0 was found in image docker.io/grafana/grafana-image-renderer:3.12.9 at: /lib/apk/db/installed"
"qubership-monitoring-operator","grype","docker.io/grafana/grafana-image-renderer:3.12.9","CVE-2025-69420","HIGH","libssl3","3.5.0-r0","3.5.5-r0","A high vulnerability in apk package: libssl3, version 3.5.0-r0 was found in image docker.io/grafana/grafana-image-renderer:3.12.9 at: /lib/apk/db/installed"
"qubership-monitoring-operator","grype","docker.io/grafana/grafana-image-renderer:3.12.9","CVE-2025-64720","HIGH","libpng","1.6.47-r0","1.6.51-r0","A high vulnerability in apk package: libpng, version 1.6.47-r0 was found in image docker.io/grafana/grafana-image-renderer:3.12.9 at: /lib/apk/db/installed"
"qubership-monitoring-operator","grype","docker.io/grafana/grafana-image-renderer:3.12.9","CVE-2025-59465","HIGH","node","20.19.3","20.20.0,22.22.0,24.13.0,25.3.0","A high vulnerability in binary package: node, version 20.19.3 was found in image docker.io/grafana/grafana-image-renderer:3.12.9 at: /usr/local/bin/node"
"qubership-monitoring-operator","grype","docker.io/grafana/grafana-image-renderer:3.12.9","GHSA-5rq4-664w-9x2c","CRITICAL","basic-ftp","5.0.5","5.2.0","A critical vulnerability in npm package: basic-ftp, version 5.0.5 was found in image docker.io/grafana/grafana-image-renderer:3.12.9 at: /usr/src/app/node_modules/basic-ftp/package.json"
"qubership-monitoring-operator","grype","docker.io/grafana/grafana-image-renderer:3.12.9","CVE-2026-25646","HIGH","libpng","1.6.47-r0","1.6.55-r0","A high vulnerability in apk package: libpng, version 1.6.47-r0 was found in image docker.io/grafana/grafana-image-renderer:3.12.9 at: /lib/apk/db/installed"
"qubership-monitoring-operator","grype","docker.io/grafana/grafana-image-renderer:3.12.9","CVE-2025-13151","HIGH","libtasn1","4.20.0-r0","4.21.0-r0","A high vulnerability in apk package: libtasn1, version 4.20.0-r0 was found in image docker.io/grafana/grafana-image-renderer:3.12.9 at: /lib/apk/db/installed"
"qubership-monitoring-operator","grype","docker.io/grafana/grafana-image-renderer:3.12.9","CVE-2025-69421","HIGH","libcrypto3","3.5.0-r0","3.5.5-r0","A high vulnerability in apk package: libcrypto3, version 3.5.0-r0 was found in image docker.io/grafana/grafana-image-renderer:3.12.9 at: /lib/apk/db/installed"
"qubership-monitoring-operator","grype","docker.io/grafana/grafana-image-renderer:3.12.9","CVE-2025-69421","HIGH","libssl3","3.5.0-r0","3.5.5-r0","A high vulnerability in apk package: libssl3, version 3.5.0-r0 was found in image docker.io/grafana/grafana-image-renderer:3.12.9 at: /lib/apk/db/installed"
"qubership-monitoring-operator","grype","docker.io/grafana/grafana-image-renderer:3.12.9","CVE-2025-69419","HIGH","libcrypto3","3.5.0-r0","3.5.5-r0","A high vulnerability in apk package: libcrypto3, version 3.5.0-r0 was found in image docker.io/grafana/grafana-image-renderer:3.12.9 at: /lib/apk/db/installed"
"qubership-monitoring-operator","grype","docker.io/grafana/grafana-image-renderer:3.12.9","CVE-2025-69419","HIGH","libssl3","3.5.0-r0","3.5.5-r0","A high vulnerability in apk package: libssl3, version 3.5.0-r0 was found in image docker.io/grafana/grafana-image-renderer:3.12.9 at: /lib/apk/db/installed"
"qubership-monitoring-operator","grype","docker.io/grafana/grafana-image-renderer:3.12.9","CVE-2025-59375","HIGH","libexpat","2.7.1-r0","2.7.2-r0","A high vulnerability in apk package: libexpat, version 2.7.1-r0 was found in image docker.io/grafana/grafana-image-renderer:3.12.9 at: /lib/apk/db/installed"
"qubership-monitoring-operator","grype","docker.io/grafana/grafana-image-renderer:3.12.9","CVE-2025-58060","HIGH","cups-libs","2.4.11-r0","2.4.16-r0","A high vulnerability in apk package: cups-libs, version 2.4.11-r0 was found in image docker.io/grafana/grafana-image-renderer:3.12.9 at: /lib/apk/db/installed"
"qubership-monitoring-operator","grype","docker.io/grafana/grafana-image-renderer:3.12.9","CVE-2025-32990","HIGH","gnutls","3.8.8-r0","3.8.12-r0","A high vulnerability in apk package: gnutls, version 3.8.8-r0 was found in image docker.io/grafana/grafana-image-renderer:3.12.9 at: /lib/apk/db/installed"
"qubership-monitoring-operator","grype","docker.io/grafana/grafana-image-renderer:3.12.9","CVE-2025-5222","HIGH","icu-data-full","76.1-r0","76.1-r1","A high vulnerability in apk package: icu-data-full, version 76.1-r0 was found in image docker.io/grafana/grafana-image-renderer:3.12.9 at: /lib/apk/db/installed"
"qubership-monitoring-operator","grype","docker.io/grafana/grafana-image-renderer:3.12.9","CVE-2025-65018","HIGH","libpng","1.6.47-r0","1.6.51-r0","A high vulnerability in apk package: libpng, version 1.6.47-r0 was found in image docker.io/grafana/grafana-image-renderer:3.12.9 at: /lib/apk/db/installed"
"qubership-monitoring-operator","grype","docker.io/grafana/grafana-image-renderer:3.12.9","CVE-2025-32988","HIGH","gnutls","3.8.8-r0","3.8.12-r0","A high vulnerability in apk package: gnutls, version 3.8.8-r0 was found in image docker.io/grafana/grafana-image-renderer:3.12.9 at: /lib/apk/db/installed"
"qubership-monitoring-operator","grype","docker.io/grafana/grafana-image-renderer:3.12.9","CVE-2025-58050","CRITICAL","pcre2","10.43-r1","10.46-r0","A critical vulnerability in apk package: pcre2, version 10.43-r1 was found in image docker.io/grafana/grafana-image-renderer:3.12.9 at: /lib/apk/db/installed"
"qubership-monitoring-operator","grype","docker.io/grafana/grafana-image-renderer:3.12.9","CVE-2026-21637","HIGH","node","20.19.3","20.20.0,22.22.0,24.13.0,25.3.0","A high vulnerability in binary package: node, version 20.19.3 was found in image docker.io/grafana/grafana-image-renderer:3.12.9 at: /usr/local/bin/node"
"qubership-monitoring-operator","grype","docker.io/grafana/grafana-image-renderer:3.12.9","CVE-2026-22695","HIGH","libpng","1.6.47-r0","1.6.54-r0","A high vulnerability in apk package: libpng, version 1.6.47-r0 was found in image docker.io/grafana/grafana-image-renderer:3.12.9 at: /lib/apk/db/installed"
"qubership-monitoring-operator","grype","docker.io/grafana/grafana-image-renderer:3.12.9","CVE-2025-48965","HIGH","mbedtls","3.6.3.1-r0","3.6.4-r0","A high vulnerability in apk package: mbedtls, version 3.6.3.1-r0 was found in image docker.io/grafana/grafana-image-renderer:3.12.9 at: /lib/apk/db/installed"
"qubership-monitoring-operator","grype","docker.io/grafana/grafana-image-renderer:3.12.9","GHSA-vj76-c3g6-qr5v","HIGH","tar-fs","3.0.10","3.1.1","A high vulnerability in npm package: tar-fs, version 3.0.10 was found in image docker.io/grafana/grafana-image-renderer:3.12.9 at: /usr/src/app/node_modules/@puppeteer/browsers/node_modules/tar-fs/package.json"
"qubership-monitoring-operator","grype","docker.io/grafana/grafana-image-renderer:3.12.9","GHSA-vj76-c3g6-qr5v","HIGH","tar-fs","3.0.10","3.1.1","A high vulnerability in npm package: tar-fs, version 3.0.10 was found in image docker.io/grafana/grafana-image-renderer:3.12.9 at: /usr/src/app/node_modules/puppeteer-core/node_modules/tar-fs/package.json"
"qubership-monitoring-operator","grype","docker.io/grafana/grafana-image-renderer:3.12.9","GHSA-vj76-c3g6-qr5v","HIGH","tar-fs","3.0.10","3.1.1","A high vulnerability in npm package: tar-fs, version 3.0.10 was found in image docker.io/grafana/grafana-image-renderer:3.12.9 at: /usr/src/app/node_modules/puppeteer/node_modules/tar-fs/package.json"
"qubership-monitoring-operator","grype","docker.io/grafana/grafana-image-renderer:3.12.9","CVE-2025-55131","HIGH","node","20.19.3","20.20.0,22.22.0,24.13.0,25.3.0","A high vulnerability in binary package: node, version 20.19.3 was found in image docker.io/grafana/grafana-image-renderer:3.12.9 at: /usr/local/bin/node"
"qubership-monitoring-operator","grype","docker.io/grafana/grafana-image-renderer:3.12.9","CVE-2025-59466","HIGH","node","20.19.3","20.20.0,22.22.0,24.13.0,25.3.0","A high vulnerability in binary package: node, version 20.19.3 was found in image docker.io/grafana/grafana-image-renderer:3.12.9 at: /usr/local/bin/node"
"qubership-monitoring-operator","grype","docker.io/grafana/grafana-image-renderer:3.12.9","CVE-2025-9230","HIGH","libcrypto3","3.5.0-r0","3.5.4-r0","A high vulnerability in apk package: libcrypto3, version 3.5.0-r0 was found in image docker.io/grafana/grafana-image-renderer:3.12.9 at: /lib/apk/db/installed"
"qubership-monitoring-operator","grype","docker.io/grafana/grafana-image-renderer:3.12.9","CVE-2025-9230","HIGH","libssl3","3.5.0-r0","3.5.4-r0","A high vulnerability in apk package: libssl3, version 3.5.0-r0 was found in image docker.io/grafana/grafana-image-renderer:3.12.9 at: /lib/apk/db/installed"
"qubership-monitoring-operator","grype","docker.io/grafana/grafana-image-renderer:3.12.9","CVE-2025-52496","HIGH","mbedtls","3.6.3.1-r0","3.6.4-r0","A high vulnerability in apk package: mbedtls, version 3.6.3.1-r0 was found in image docker.io/grafana/grafana-image-renderer:3.12.9 at: /lib/apk/db/installed"
"qubership-monitoring-operator","grype","docker.io/grafana/grafana-image-renderer:3.12.9","CVE-2026-22801","HIGH","libpng","1.6.47-r0","1.6.54-r0","A high vulnerability in apk package: libpng, version 1.6.47-r0 was found in image docker.io/grafana/grafana-image-renderer:3.12.9 at: /lib/apk/db/installed"
"qubership-monitoring-operator","grype","docker.io/grafana/grafana-image-renderer:3.12.9","CVE-2025-55130","CRITICAL","node","20.19.3","20.20.0,22.22.0,24.13.0,25.3.0","A critical vulnerability in binary package: node, version 20.19.3 was found in image docker.io/grafana/grafana-image-renderer:3.12.9 at: /usr/local/bin/node"
"qubership-monitoring-operator","grype","docker.io/grafana/grafana-image-renderer:3.12.9","GHSA-fjgf-rc76-4x9p","HIGH","multer","2.0.1","2.0.2","A high vulnerability in npm package: multer, version 2.0.1 was found in image docker.io/grafana/grafana-image-renderer:3.12.9 at: /usr/src/app/node_modules/multer/package.json"
"qubership-monitoring-operator","grype","quay.io/grafana-operator/grafana-operator:v4.9.0","CVE-2023-4911","HIGH","glibc","2.28-189.5.el8_6","0:2.28-225.el8_8.6","A high vulnerability in rpm package: glibc, version 2.28-189.5.el8_6 was found in image quay.io/grafana-operator/grafana-operator:v4.9.0 at: /var/lib/rpm/Packages"
"qubership-monitoring-operator","grype","quay.io/grafana-operator/grafana-operator:v4.9.0","CVE-2023-4911","HIGH","glibc-common","2.28-189.5.el8_6","0:2.28-225.el8_8.6","A high vulnerability in rpm package: glibc-common, version 2.28-189.5.el8_6 was found in image quay.io/grafana-operator/grafana-operator:v4.9.0 at: /var/lib/rpm/Packages"
"qubership-monitoring-operator","grype","quay.io/grafana-operator/grafana-operator:v4.9.0","CVE-2023-4911","HIGH","glibc-minimal-langpack","2.28-189.5.el8_6","0:2.28-225.el8_8.6","A high vulnerability in rpm package: glibc-minimal-langpack, version 2.28-189.5.el8_6 was found in image quay.io/grafana-operator/grafana-operator:v4.9.0 at: /var/lib/rpm/Packages"
"qubership-monitoring-operator","grype","quay.io/grafana-operator/grafana-operator:v4.9.0","CVE-2023-44487","HIGH","stdlib","go1.18.10","1.20.10,1.21.3","A high vulnerability in go-module package: stdlib, version go1.18.10 was found in image quay.io/grafana-operator/grafana-operator:v4.9.0 at: /manager"
"qubership-monitoring-operator","grype","quay.io/grafana-operator/grafana-operator:v4.9.0","CVE-2024-2961","HIGH","glibc","2.28-189.5.el8_6","0:2.28-251.el8_10.1","A high vulnerability in rpm package: glibc, version 2.28-189.5.el8_6 was found in image quay.io/grafana-operator/grafana-operator:v4.9.0 at: /var/lib/rpm/Packages"
"qubership-monitoring-operator","grype","quay.io/grafana-operator/grafana-operator:v4.9.0","CVE-2024-2961","HIGH","glibc-common","2.28-189.5.el8_6","0:2.28-251.el8_10.1","A high vulnerability in rpm package: glibc-common, version 2.28-189.5.el8_6 was found in image quay.io/grafana-operator/grafana-operator:v4.9.0 at: /var/lib/rpm/Packages"
"qubership-monitoring-operator","grype","quay.io/grafana-operator/grafana-operator:v4.9.0","CVE-2024-2961","HIGH","glibc-minimal-langpack","2.28-189.5.el8_6","0:2.28-251.el8_10.1","A high vulnerability in rpm package: glibc-minimal-langpack, version 2.28-189.5.el8_6 was found in image quay.io/grafana-operator/grafana-operator:v4.9.0 at: /var/lib/rpm/Packages"
"qubership-monitoring-operator","grype","quay.io/grafana-operator/grafana-operator:v4.9.0","CVE-2023-45288","HIGH","stdlib","go1.18.10","1.21.9,1.22.2","A high vulnerability in go-module package: stdlib, version go1.18.10 was found in image quay.io/grafana-operator/grafana-operator:v4.9.0 at: /manager"
"qubership-monitoring-operator","grype","quay.io/grafana-operator/grafana-operator:v4.9.0","GHSA-v778-237x-gjrc","CRITICAL","golang.org/x/crypto","v0.0.0-20220622213112-05595931fe9d","0.31.0","A critical vulnerability in go-module package: golang.org/x/crypto, version v0.0.0-20220622213112-05595931fe9d was found in image quay.io/grafana-operator/grafana-operator:v4.9.0 at: /manager"
"qubership-monitoring-operator","grype","quay.io/grafana-operator/grafana-operator:v4.9.0","CVE-2024-24784","HIGH","stdlib","go1.18.10","1.21.8,1.22.1","A high vulnerability in go-module package: stdlib, version go1.18.10 was found in image quay.io/grafana-operator/grafana-operator:v4.9.0 at: /manager"
"qubership-monitoring-operator","grype","quay.io/grafana-operator/grafana-operator:v4.9.0","CVE-2023-2603","HIGH","libcap","2.48-2.el8","0:2.48-5.el8_8","A medium vulnerability in rpm package: libcap, version 2.48-2.el8 was found in image quay.io/grafana-operator/grafana-operator:v4.9.0 at: /var/lib/rpm/Packages"
"qubership-monitoring-operator","grype","quay.io/grafana-operator/grafana-operator:v4.9.0","CVE-2023-24538","CRITICAL","stdlib","go1.18.10","1.19.8,1.20.3","A critical vulnerability in go-module package: stdlib, version go1.18.10 was found in image quay.io/grafana-operator/grafana-operator:v4.9.0 at: /manager"
"qubership-monitoring-operator","grype","quay.io/grafana-operator/grafana-operator:v4.9.0","CVE-2024-33599","HIGH","glibc","2.28-189.5.el8_6","0:2.28-251.el8_10.2","A high vulnerability in rpm package: glibc, version 2.28-189.5.el8_6 was found in image quay.io/grafana-operator/grafana-operator:v4.9.0 at: /var/lib/rpm/Packages"
"qubership-monitoring-operator","grype","quay.io/grafana-operator/grafana-operator:v4.9.0","CVE-2024-33599","HIGH","glibc-common","2.28-189.5.el8_6","0:2.28-251.el8_10.2","A high vulnerability in rpm package: glibc-common, version 2.28-189.5.el8_6 was found in image quay.io/grafana-operator/grafana-operator:v4.9.0 at: /var/lib/rpm/Packages"
"qubership-monitoring-operator","grype","quay.io/grafana-operator/grafana-operator:v4.9.0","CVE-2024-33599","HIGH","glibc-minimal-langpack","2.28-189.5.el8_6","0:2.28-251.el8_10.2","A high vulnerability in rpm package: glibc-minimal-langpack, version 2.28-189.5.el8_6 was found in image quay.io/grafana-operator/grafana-operator:v4.9.0 at: /var/lib/rpm/Packages"
"qubership-monitoring-operator","grype","quay.io/grafana-operator/grafana-operator:v4.9.0","CVE-2024-24791","HIGH","stdlib","go1.18.10","1.21.12,1.22.5","A high vulnerability in go-module package: stdlib, version go1.18.10 was found in image quay.io/grafana-operator/grafana-operator:v4.9.0 at: /manager"
"qubership-monitoring-operator","grype","quay.io/grafana-operator/grafana-operator:v4.9.0","CVE-2023-24531","CRITICAL","stdlib","go1.18.10","1.21.0-0","A critical vulnerability in go-module package: stdlib, version go1.18.10 was found in image quay.io/grafana-operator/grafana-operator:v4.9.0 at: /manager"
"qubership-monitoring-operator","grype","quay.io/grafana-operator/grafana-operator:v4.9.0","CVE-2023-29405","CRITICAL","stdlib","go1.18.10","1.19.10,1.20.5","A critical vulnerability in go-module package: stdlib, version go1.18.10 was found in image quay.io/grafana-operator/grafana-operator:v4.9.0 at: /manager"
"qubership-monitoring-operator","grype","quay.io/grafana-operator/grafana-operator:v4.9.0","CVE-2023-24540","CRITICAL","stdlib","go1.18.10","1.19.9,1.20.4","A critical vulnerability in go-module package: stdlib, version go1.18.10 was found in image quay.io/grafana-operator/grafana-operator:v4.9.0 at: /manager"
"qubership-monitoring-operator","grype","quay.io/grafana-operator/grafana-operator:v4.9.0","CVE-2024-34156","HIGH","stdlib","go1.18.10","1.22.7,1.23.1","A high vulnerability in go-module package: stdlib, version go1.18.10 was found in image quay.io/grafana-operator/grafana-operator:v4.9.0 at: /manager"
"qubership-monitoring-operator","grype","quay.io/grafana-operator/grafana-operator:v4.9.0","GHSA-hcg3-q754-cr77","HIGH","golang.org/x/crypto","v0.0.0-20220622213112-05595931fe9d","0.35.0","A high vulnerability in go-module package: golang.org/x/crypto, version v0.0.0-20220622213112-05595931fe9d was found in image quay.io/grafana-operator/grafana-operator:v4.9.0 at: /manager"
"qubership-monitoring-operator","grype","quay.io/grafana-operator/grafana-operator:v4.9.0","CVE-2025-22871","CRITICAL","stdlib","go1.18.10","1.23.8,1.24.2","A critical vulnerability in go-module package: stdlib, version go1.18.10 was found in image quay.io/grafana-operator/grafana-operator:v4.9.0 at: /manager"
"qubership-monitoring-operator","grype","quay.io/grafana-operator/grafana-operator:v4.9.0","GHSA-vvpx-j8f3-3w6h","HIGH","golang.org/x/net","v0.5.0","0.7.0","A high vulnerability in go-module package: golang.org/x/net, version v0.5.0 was found in image quay.io/grafana-operator/grafana-operator:v4.9.0 at: /manager"
"qubership-monitoring-operator","grype","quay.io/grafana-operator/grafana-operator:v4.9.0","CVE-2022-41723","HIGH","stdlib","go1.18.10","1.19.6","A high vulnerability in go-module package: stdlib, version go1.18.10 was found in image quay.io/grafana-operator/grafana-operator:v4.9.0 at: /manager"
"qubership-monitoring-operator","grype","quay.io/grafana-operator/grafana-operator:v4.9.0","GHSA-8r3f-844c-mc37","HIGH","google.golang.org/protobuf","v1.28.0","1.33.0","A medium vulnerability in go-module package: google.golang.org/protobuf, version v1.28.0 was found in image quay.io/grafana-operator/grafana-operator:v4.9.0 at: /manager"
"qubership-monitoring-operator","grype","quay.io/grafana-operator/grafana-operator:v4.9.0","CVE-2023-45287","HIGH","stdlib","go1.18.10","1.20.0","A high vulnerability in go-module package: stdlib, version go1.18.10 was found in image quay.io/grafana-operator/grafana-operator:v4.9.0 at: /manager"
"qubership-monitoring-operator","grype","quay.io/grafana-operator/grafana-operator:v4.9.0","CVE-2024-34158","HIGH","stdlib","go1.18.10","1.22.7,1.23.1","A high vulnerability in go-module package: stdlib, version go1.18.10 was found in image quay.io/grafana-operator/grafana-operator:v4.9.0 at: /manager"
"qubership-monitoring-operator","grype","quay.io/grafana-operator/grafana-operator:v4.9.0","CVE-2023-29402","CRITICAL","stdlib","go1.18.10","1.19.10,1.20.5","A critical vulnerability in go-module package: stdlib, version go1.18.10 was found in image quay.io/grafana-operator/grafana-operator:v4.9.0 at: /manager"
"qubership-monitoring-operator","grype","quay.io/grafana-operator/grafana-operator:v4.9.0","GHSA-4374-p667-p6c8","HIGH","golang.org/x/net","v0.5.0","0.17.0","A high vulnerability in go-module package: golang.org/x/net, version v0.5.0 was found in image quay.io/grafana-operator/grafana-operator:v4.9.0 at: /manager"
"qubership-monitoring-operator","grype","quay.io/grafana-operator/grafana-operator:v4.9.0","GHSA-6v2p-p543-phr9","HIGH","golang.org/x/oauth2","v0.0.0-20220718184931-c8730f7fcb92","0.27.0","A high vulnerability in go-module package: golang.org/x/oauth2, version v0.0.0-20220718184931-c8730f7fcb92 was found in image quay.io/grafana-operator/grafana-operator:v4.9.0 at: /manager"
"qubership-monitoring-operator","grype","quay.io/grafana-operator/grafana-operator:v4.9.0","GHSA-mh63-6h87-95cp","HIGH","github.com/golang-jwt/jwt/v4","v4.4.2","4.5.2","A high vulnerability in go-module package: github.com/golang-jwt/jwt/v4, version v4.4.2 was found in image quay.io/grafana-operator/grafana-operator:v4.9.0 at: /manager"
"qubership-monitoring-operator","grype","quay.io/grafana-operator/grafana-operator:v4.9.0","CVE-2023-29404","CRITICAL","stdlib","go1.18.10","1.19.10,1.20.5","A critical vulnerability in go-module package: stdlib, version go1.18.10 was found in image quay.io/grafana-operator/grafana-operator:v4.9.0 at: /manager"
"qubership-monitoring-operator","grype","quay.io/grafana-operator/grafana-operator:v4.9.0","CVE-2024-24790","CRITICAL","stdlib","go1.18.10","1.21.11,1.22.4","A critical vulnerability in go-module package: stdlib, version go1.18.10 was found in image quay.io/grafana-operator/grafana-operator:v4.9.0 at: /manager"
"qubership-monitoring-operator","grype","quay.io/grafana-operator/grafana-operator:v4.9.0","CVE-2023-24536","HIGH","stdlib","go1.18.10","1.19.8,1.20.3","A high vulnerability in go-module package: stdlib, version go1.18.10 was found in image quay.io/grafana-operator/grafana-operator:v4.9.0 at: /manager"
"qubership-monitoring-operator","grype","quay.io/grafana-operator/grafana-operator:v4.9.0","CVE-2023-24539","HIGH","stdlib","go1.18.10","1.19.9,1.20.4","A high vulnerability in go-module package: stdlib, version go1.18.10 was found in image quay.io/grafana-operator/grafana-operator:v4.9.0 at: /manager"
"qubership-monitoring-operator","grype","quay.io/grafana-operator/grafana-operator:v4.9.0","CVE-2023-39323","HIGH","stdlib","go1.18.10","1.20.9,1.21.2","A high vulnerability in go-module package: stdlib, version go1.18.10 was found in image quay.io/grafana-operator/grafana-operator:v4.9.0 at: /manager"
"qubership-monitoring-operator","grype","quay.io/grafana-operator/grafana-operator:v4.9.0","CVE-2023-29491","HIGH","ncurses-base","6.1-9.20180224.el8","0:6.1-9.20180224.el8_8.1","A medium vulnerability in rpm package: ncurses-base, version 6.1-9.20180224.el8 was found in image quay.io/grafana-operator/grafana-operator:v4.9.0 at: /var/lib/rpm/Packages"
"qubership-monitoring-operator","grype","quay.io/grafana-operator/grafana-operator:v4.9.0","CVE-2023-29491","HIGH","ncurses-libs","6.1-9.20180224.el8","0:6.1-9.20180224.el8_8.1","A medium vulnerability in rpm package: ncurses-libs, version 6.1-9.20180224.el8 was found in image quay.io/grafana-operator/grafana-operator:v4.9.0 at: /var/lib/rpm/Packages"
"qubership-monitoring-operator","grype","quay.io/grafana-operator/grafana-operator:v4.9.0","CVE-2022-41725","HIGH","stdlib","go1.18.10","1.19.6","A high vulnerability in go-module package: stdlib, version go1.18.10 was found in image quay.io/grafana-operator/grafana-operator:v4.9.0 at: /manager"
"qubership-monitoring-operator","grype","quay.io/grafana-operator/grafana-operator:v4.9.0","CVE-2023-45285","HIGH","stdlib","go1.18.10","1.20.12,1.21.5","A high vulnerability in go-module package: stdlib, version go1.18.10 was found in image quay.io/grafana-operator/grafana-operator:v4.9.0 at: /manager"
"qubership-monitoring-operator","grype","quay.io/grafana-operator/grafana-operator:v4.9.0","CVE-2023-24534","HIGH","stdlib","go1.18.10","1.19.8,1.20.3","A high vulnerability in go-module package: stdlib, version go1.18.10 was found in image quay.io/grafana-operator/grafana-operator:v4.9.0 at: /manager"
"qubership-monitoring-operator","grype","quay.io/grafana-operator/grafana-operator:v4.9.0","CVE-2023-29400","HIGH","stdlib","go1.18.10","1.19.9,1.20.4","A high vulnerability in go-module package: stdlib, version go1.18.10 was found in image quay.io/grafana-operator/grafana-operator:v4.9.0 at: /manager"
"qubership-monitoring-operator","grype","quay.io/grafana-operator/grafana-operator:v4.9.0","CVE-2025-61723","HIGH","stdlib","go1.18.10","1.24.8,1.25.2","A high vulnerability in go-module package: stdlib, version go1.18.10 was found in image quay.io/grafana-operator/grafana-operator:v4.9.0 at: /manager"
"qubership-monitoring-operator","grype","quay.io/grafana-operator/grafana-operator:v4.9.0","CVE-2025-61725","HIGH","stdlib","go1.18.10","1.24.8,1.25.2","A high vulnerability in go-module package: stdlib, version go1.18.10 was found in image quay.io/grafana-operator/grafana-operator:v4.9.0 at: /manager"
"qubership-monitoring-operator","grype","quay.io/grafana-operator/grafana-operator:v4.9.0","CVE-2025-61726","HIGH","stdlib","go1.18.10","1.24.12,1.25.6","A high vulnerability in go-module package: stdlib, version go1.18.10 was found in image quay.io/grafana-operator/grafana-operator:v4.9.0 at: /manager"
"qubership-monitoring-operator","grype","quay.io/grafana-operator/grafana-operator:v4.9.0","CVE-2025-68121","CRITICAL","stdlib","go1.18.10","1.24.13,1.25.7,1.26.0-rc.3","A critical vulnerability in go-module package: stdlib, version go1.18.10 was found in image quay.io/grafana-operator/grafana-operator:v4.9.0 at: /manager"
"qubership-monitoring-operator","grype","quay.io/grafana-operator/grafana-operator:v4.9.0","CVE-2025-58188","HIGH","stdlib","go1.18.10","1.24.8,1.25.2","A high vulnerability in go-module package: stdlib, version go1.18.10 was found in image quay.io/grafana-operator/grafana-operator:v4.9.0 at: /manager"
"qubership-monitoring-operator","grype","quay.io/grafana-operator/grafana-operator:v4.9.0","CVE-2025-58187","HIGH","stdlib","go1.18.10","1.24.9,1.25.3","A high vulnerability in go-module package: stdlib, version go1.18.10 was found in image quay.io/grafana-operator/grafana-operator:v4.9.0 at: /manager"
"qubership-monitoring-operator","grype","quay.io/grafana-operator/grafana-operator:v4.9.0","CVE-2025-61729","HIGH","stdlib","go1.18.10","1.24.11,1.25.5","A high vulnerability in go-module package: stdlib, version go1.18.10 was found in image quay.io/grafana-operator/grafana-operator:v4.9.0 at: /manager"
"qubership-monitoring-operator","grype","quay.io/grafana-operator/grafana-operator:v4.9.0","CVE-2022-41724","HIGH","stdlib","go1.18.10","1.19.6","A high vulnerability in go-module package: stdlib, version go1.18.10 was found in image quay.io/grafana-operator/grafana-operator:v4.9.0 at: /manager"
"qubership-monitoring-operator","grype","quay.io/grafana-operator/grafana-operator:v4.9.0","CVE-2023-24537","HIGH","stdlib","go1.18.10","1.19.8,1.20.3","A high vulnerability in go-module package: stdlib, version go1.18.10 was found in image quay.io/grafana-operator/grafana-operator:v4.9.0 at: /manager"
"qubership-monitoring-operator","grype","quay.io/grafana-operator/grafana-operator:v4.9.0","CVE-2025-4802","HIGH","glibc","2.28-189.5.el8_6","0:2.28-251.el8_10.22","A medium vulnerability in rpm package: glibc, version 2.28-189.5.el8_6 was found in image quay.io/grafana-operator/grafana-operator:v4.9.0 at: /var/lib/rpm/Packages"
"qubership-monitoring-operator","grype","quay.io/grafana-operator/grafana-operator:v4.9.0","CVE-2025-4802","HIGH","glibc-common","2.28-189.5.el8_6","0:2.28-251.el8_10.22","A medium vulnerability in rpm package: glibc-common, version 2.28-189.5.el8_6 was found in image quay.io/grafana-operator/grafana-operator:v4.9.0 at: /var/lib/rpm/Packages"
"qubership-monitoring-operator","grype","quay.io/grafana-operator/grafana-operator:v4.9.0","CVE-2025-4802","HIGH","glibc-minimal-langpack","2.28-189.5.el8_6","0:2.28-251.el8_10.22","A medium vulnerability in rpm package: glibc-minimal-langpack, version 2.28-189.5.el8_6 was found in image quay.io/grafana-operator/grafana-operator:v4.9.0 at: /var/lib/rpm/Packages"
"qubership-monitoring-operator","grype","quay.io/grafana-operator/grafana-operator:v4.9.0","CVE-2025-47907","HIGH","stdlib","go1.18.10","1.23.12,1.24.6","A high vulnerability in go-module package: stdlib, version go1.18.10 was found in image quay.io/grafana-operator/grafana-operator:v4.9.0 at: /manager"
"qubership-monitoring-operator","grype","quay.io/grafana-operator/grafana-operator:v4.9.0","CVE-2023-29403","HIGH","stdlib","go1.18.10","1.19.10,1.20.5","A high vulnerability in go-module package: stdlib, version go1.18.10 was found in image quay.io/grafana-operator/grafana-operator:v4.9.0 at: /manager"
"qubership-monitoring-operator","grype","quay.io/grafana-operator/grafana-operator:v4.9.0","CVE-2025-61731","HIGH","stdlib","go1.18.10","1.24.12,1.25.6","A high vulnerability in go-module package: stdlib, version go1.18.10 was found in image quay.io/grafana-operator/grafana-operator:v4.9.0 at: /manager"
"qubership-monitoring-operator","grype","quay.io/grafana-operator/grafana-operator:v4.9.0","CVE-2025-61732","HIGH","stdlib","go1.18.10","1.24.13,1.25.7","A high vulnerability in go-module package: stdlib, version go1.18.10 was found in image quay.io/grafana-operator/grafana-operator:v4.9.0 at: /manager"
"qubership-monitoring-operator","grype","quay.io/grafana-operator/grafana-operator:v4.9.0","CVE-2025-4674","HIGH","stdlib","go1.18.10","1.23.11,1.24.5","A high vulnerability in go-module package: stdlib, version go1.18.10 was found in image quay.io/grafana-operator/grafana-operator:v4.9.0 at: /manager"
"qubership-logging-operator","grype","docker.io/graylog/graylog:5.2.12","GHSA-76h9-2vwh-w278","CRITICAL","mina-core","2.0.21","2.0.27","A critical vulnerability in java-archive package: mina-core, version 2.0.21 was found in image docker.io/graylog/graylog:5.2.12 at: /usr/share/graylog/graylog.jar"
"qubership-logging-operator","grype","docker.io/graylog/graylog:5.2.12","CVE-2025-27363","HIGH","libfreetype6","2.11.1+dfsg-1ubuntu0.2","2.11.1+dfsg-1ubuntu0.3","A medium vulnerability in deb package: libfreetype6, version 2.11.1+dfsg-1ubuntu0.2 was found in image docker.io/graylog/graylog:5.2.12 at: /var/lib/dpkg/status"
"qubership-logging-operator","grype","docker.io/graylog/graylog:5.2.12","CVE-2024-3596","CRITICAL","libgssapi-krb5-2","1.19.2-2ubuntu0.4","1.19.2-2ubuntu0.5","A medium vulnerability in deb package: libgssapi-krb5-2, version 1.19.2-2ubuntu0.4 was found in image docker.io/graylog/graylog:5.2.12 at: /var/lib/dpkg/status"
"qubership-logging-operator","grype","docker.io/graylog/graylog:5.2.12","CVE-2024-3596","CRITICAL","libk5crypto3","1.19.2-2ubuntu0.4","1.19.2-2ubuntu0.5","A medium vulnerability in deb package: libk5crypto3, version 1.19.2-2ubuntu0.4 was found in image docker.io/graylog/graylog:5.2.12 at: /var/lib/dpkg/status"
"qubership-logging-operator","grype","docker.io/graylog/graylog:5.2.12","CVE-2024-3596","CRITICAL","libkrb5-3","1.19.2-2ubuntu0.4","1.19.2-2ubuntu0.5","A medium vulnerability in deb package: libkrb5-3, version 1.19.2-2ubuntu0.4 was found in image docker.io/graylog/graylog:5.2.12 at: /var/lib/dpkg/status"
"qubership-logging-operator","grype","docker.io/graylog/graylog:5.2.12","CVE-2024-3596","CRITICAL","libkrb5support0","1.19.2-2ubuntu0.4","1.19.2-2ubuntu0.5","A medium vulnerability in deb package: libkrb5support0, version 1.19.2-2ubuntu0.4 was found in image docker.io/graylog/graylog:5.2.12 at: /var/lib/dpkg/status"
"qubership-logging-operator","grype","docker.io/graylog/graylog:5.2.12","CVE-2024-52533","CRITICAL","libglib2.0-0","2.72.4-0ubuntu2.3","2.72.4-0ubuntu2.4","A medium vulnerability in deb package: libglib2.0-0, version 2.72.4-0ubuntu2.3 was found in image docker.io/graylog/graylog:5.2.12 at: /var/lib/dpkg/status"
"qubership-logging-operator","grype","docker.io/graylog/graylog:5.2.12","CVE-2025-21587","HIGH","openjdk","17.0.12+7","1.8.0_452,8.0.452,11.0.27,17.0.15,21.0.7,24.0.1","A high vulnerability in binary package: openjdk, version 17.0.12+7 was found in image docker.io/graylog/graylog:5.2.12 at: /opt/java/openjdk/release"
"qubership-logging-operator","grype","docker.io/graylog/graylog:5.2.12","CVE-2025-15467","CRITICAL","libssl3","3.0.2-0ubuntu1.18","3.0.2-0ubuntu1.21","A medium vulnerability in deb package: libssl3, version 3.0.2-0ubuntu1.18 was found in image docker.io/graylog/graylog:5.2.12 at: /var/lib/dpkg/status"
"qubership-logging-operator","grype","docker.io/graylog/graylog:5.2.12","CVE-2025-15467","CRITICAL","openssl","3.0.2-0ubuntu1.18","3.0.2-0ubuntu1.21","A medium vulnerability in deb package: openssl, version 3.0.2-0ubuntu1.18 was found in image docker.io/graylog/graylog:5.2.12 at: /var/lib/dpkg/status"
"qubership-logging-operator","grype","docker.io/graylog/graylog:5.2.12","GHSA-4g8c-wm8x-jfhw","HIGH","netty-handler","4.1.100.Final","4.1.118.Final","A high vulnerability in java-archive package: netty-handler, version 4.1.100.Final was found in image docker.io/graylog/graylog:5.2.12 at: /usr/share/graylog/graylog.jar"
"qubership-logging-operator","grype","docker.io/graylog/graylog:5.2.12","CVE-2025-30749","HIGH","openjdk","17.0.12+7","1.8.0_462,8.0.462,11.0.28,17.0.16,21.0.8,24.0.2","A high vulnerability in binary package: openjdk, version 17.0.12+7 was found in image docker.io/graylog/graylog:5.2.12 at: /opt/java/openjdk/release"
"qubership-logging-operator","grype","docker.io/graylog/graylog:5.2.12","CVE-2024-8176","HIGH","libexpat1","2.4.7-1ubuntu0.4","2.4.7-1ubuntu0.6","A medium vulnerability in deb package: libexpat1, version 2.4.7-1ubuntu0.4 was found in image docker.io/graylog/graylog:5.2.12 at: /var/lib/dpkg/status"
"qubership-logging-operator","grype","docker.io/graylog/graylog:5.2.12","CVE-2025-14087","CRITICAL","libglib2.0-0","2.72.4-0ubuntu2.3","2.72.4-0ubuntu2.7","A medium vulnerability in deb package: libglib2.0-0, version 2.72.4-0ubuntu2.3 was found in image docker.io/graylog/graylog:5.2.12 at: /var/lib/dpkg/status"
"qubership-logging-operator","grype","docker.io/graylog/graylog:5.2.12","GHSA-78wr-2p64-hpwj","HIGH","commons-io","2.13.0","2.14.0","A high vulnerability in java-archive package: commons-io, version 2.13.0 was found in image docker.io/graylog/graylog:5.2.12 at: /usr/share/graylog/graylog.jar"
"qubership-logging-operator","grype","docker.io/graylog/graylog:5.2.12","CVE-2025-50106","HIGH","openjdk","17.0.12+7","1.8.0_462,8.0.462,11.0.28,17.0.16,21.0.8,24.0.2","A high vulnerability in binary package: openjdk, version 17.0.12+7 was found in image docker.io/graylog/graylog:5.2.12 at: /opt/java/openjdk/release"
"qubership-logging-operator","grype","docker.io/graylog/graylog:5.2.12","CVE-2021-46848","CRITICAL","libtasn1-6","4.18.0-4build1","4.18.0-4ubuntu0.2","A low vulnerability in deb package: libtasn1-6, version 4.18.0-4build1 was found in image docker.io/graylog/graylog:5.2.12 at: /var/lib/dpkg/status"
"qubership-logging-operator","grype","docker.io/graylog/graylog:5.2.12","GHSA-prj3-ccx8-p6x4","HIGH","netty-codec-http2","4.1.100.Final","4.1.124.Final","A high vulnerability in java-archive package: netty-codec-http2, version 4.1.100.Final was found in image docker.io/graylog/graylog:5.2.12 at: /usr/share/graylog/graylog.jar"
"qubership-logging-operator","grype","docker.io/graylog/graylog:5.2.12","CVE-2025-53066","HIGH","openjdk","17.0.12+7","1.8.0_472,8.0.472,11.0.29,17.0.17,21.0.9,25.0.1","A high vulnerability in binary package: openjdk, version 17.0.12+7 was found in image docker.io/graylog/graylog:5.2.12 at: /opt/java/openjdk/release"
"qubership-logging-operator","grype","docker.io/graylog/graylog:5.2.12","GHSA-wxr5-93ph-8wr9","HIGH","commons-beanutils","1.9.4","1.11.0","A high vulnerability in java-archive package: commons-beanutils, version 1.9.4 was found in image docker.io/graylog/graylog:5.2.12 at: /usr/share/graylog/graylog.jar"
"qubership-logging-operator","grype","docker.io/graylog/graylog:5.2.12","CVE-2024-56406","HIGH","perl-base","5.34.0-3ubuntu1.3","5.34.0-3ubuntu1.4","A medium vulnerability in deb package: perl-base, version 5.34.0-3ubuntu1.3 was found in image docker.io/graylog/graylog:5.2.12 at: /var/lib/dpkg/status"
"qubership-logging-operator","grype","docker.io/graylog/graylog:5.2.12","CVE-2025-50059","HIGH","openjdk","17.0.12+7","11.0.28,17.0.16,21.0.8,24.0.2","A high vulnerability in binary package: openjdk, version 17.0.12+7 was found in image docker.io/graylog/graylog:5.2.12 at: /opt/java/openjdk/release"
"qubership-logging-operator","grype","docker.io/graylog/graylog:5.2.12","CVE-2025-5318","HIGH","libssh-4","0.9.6-2ubuntu0.22.04.3","0.9.6-2ubuntu0.22.04.4","A medium vulnerability in deb package: libssh-4, version 0.9.6-2ubuntu0.22.04.3 was found in image docker.io/graylog/graylog:5.2.12 at: /var/lib/dpkg/status"
"qubership-logging-operator","grype","docker.io/graylog/graylog:5.2.12","CVE-2025-66293","HIGH","libpng16-16","1.6.37-3build5","1.6.37-3ubuntu0.3","A medium vulnerability in deb package: libpng16-16, version 1.6.37-3build5 was found in image docker.io/graylog/graylog:5.2.12 at: /var/lib/dpkg/status"
"qubership-logging-operator","grype","docker.io/graylog/graylog:5.2.12","CVE-2025-6297","HIGH","dpkg","1.21.1ubuntu2.3","1.21.1ubuntu2.6","A low vulnerability in deb package: dpkg, version 1.21.1ubuntu2.3 was found in image docker.io/graylog/graylog:5.2.12 at: /var/lib/dpkg/status"
"qubership-logging-operator","grype","docker.io/graylog/graylog:5.2.12","CVE-2026-21945","HIGH","openjdk","17.0.12+7","1.8.0_482,8.0.482,11.0.30,17.0.18,21.0.10,25.0.2","A high vulnerability in binary package: openjdk, version 17.0.12+7 was found in image docker.io/graylog/graylog:5.2.12 at: /opt/java/openjdk/release"
"qubership-logging-operator","grype","docker.io/graylog/graylog:5.2.12","GHSA-76vf-mpmx-777j","HIGH","graylog2-server","5.2.12","6.0.14","A high vulnerability in java-archive package: graylog2-server, version 5.2.12 was found in image docker.io/graylog/graylog:5.2.12 at: /usr/share/graylog/graylog.jar"
"qubership-logging-operator","grype","docker.io/graylog/graylog:5.2.12","CVE-2025-6965","CRITICAL","libsqlite3-0","3.37.2-2ubuntu0.3","3.37.2-2ubuntu0.5","A medium vulnerability in deb package: libsqlite3-0, version 3.37.2-2ubuntu0.3 was found in image docker.io/graylog/graylog:5.2.12 at: /var/lib/dpkg/status"
"qubership-logging-operator","grype","docker.io/graylog/graylog:5.2.12","CVE-2025-64720","HIGH","libpng16-16","1.6.37-3build5","1.6.37-3ubuntu0.1","A medium vulnerability in deb package: libpng16-16, version 1.6.37-3build5 was found in image docker.io/graylog/graylog:5.2.12 at: /var/lib/dpkg/status"
"qubership-logging-operator","grype","docker.io/graylog/graylog:5.2.12","CVE-2025-5372","HIGH","libssh-4","0.9.6-2ubuntu0.22.04.3","0.9.6-2ubuntu0.22.04.4","A medium vulnerability in deb package: libssh-4, version 0.9.6-2ubuntu0.22.04.3 was found in image docker.io/graylog/graylog:5.2.12 at: /var/lib/dpkg/status"
"qubership-logging-operator","grype","docker.io/graylog/graylog:5.2.12","CVE-2026-25646","HIGH","libpng16-16","1.6.37-3build5","1.6.37-3ubuntu0.4","A medium vulnerability in deb package: libpng16-16, version 1.6.37-3build5 was found in image docker.io/graylog/graylog:5.2.12 at: /var/lib/dpkg/status"
"qubership-logging-operator","grype","docker.io/graylog/graylog:5.2.12","CVE-2025-13151","HIGH","libtasn1-6","4.18.0-4build1","4.18.0-4ubuntu0.2","A medium vulnerability in deb package: libtasn1-6, version 4.18.0-4build1 was found in image docker.io/graylog/graylog:5.2.12 at: /var/lib/dpkg/status"
"qubership-logging-operator","grype","docker.io/graylog/graylog:5.2.12","CVE-2025-15281","HIGH","libc-bin","2.35-0ubuntu3.8","2.35-0ubuntu3.13","A medium vulnerability in deb package: libc-bin, version 2.35-0ubuntu3.8 was found in image docker.io/graylog/graylog:5.2.12 at: /var/lib/dpkg/status"
"qubership-logging-operator","grype","docker.io/graylog/graylog:5.2.12","CVE-2025-15281","HIGH","libc6","2.35-0ubuntu3.8","2.35-0ubuntu3.13","A medium vulnerability in deb package: libc6, version 2.35-0ubuntu3.8 was found in image docker.io/graylog/graylog:5.2.12 at: /var/lib/dpkg/status"
"qubership-logging-operator","grype","docker.io/graylog/graylog:5.2.12","CVE-2025-15281","HIGH","locales","2.35-0ubuntu3.8","2.35-0ubuntu3.13","A medium vulnerability in deb package: locales, version 2.35-0ubuntu3.8 was found in image docker.io/graylog/graylog:5.2.12 at: /var/lib/dpkg/status"
"qubership-logging-operator","grype","docker.io/graylog/graylog:5.2.12","CVE-2025-32990","HIGH","libgnutls30","3.7.3-4ubuntu1.5","3.7.3-4ubuntu1.7","A medium vulnerability in deb package: libgnutls30, version 3.7.3-4ubuntu1.5 was found in image docker.io/graylog/graylog:5.2.12 at: /var/lib/dpkg/status"
"qubership-logging-operator","grype","docker.io/graylog/graylog:5.2.12","CVE-2025-69420","HIGH","libssl3","3.0.2-0ubuntu1.18","3.0.2-0ubuntu1.21","A low vulnerability in deb package: libssl3, version 3.0.2-0ubuntu1.18 was found in image docker.io/graylog/graylog:5.2.12 at: /var/lib/dpkg/status"
"qubership-logging-operator","grype","docker.io/graylog/graylog:5.2.12","CVE-2025-69420","HIGH","openssl","3.0.2-0ubuntu1.18","3.0.2-0ubuntu1.21","A low vulnerability in deb package: openssl, version 3.0.2-0ubuntu1.18 was found in image docker.io/graylog/graylog:5.2.12 at: /var/lib/dpkg/status"
"qubership-logging-operator","grype","docker.io/graylog/graylog:5.2.12","CVE-2026-21932","HIGH","openjdk","17.0.12+7","1.8.0_482,8.0.482,11.0.30,17.0.18,21.0.10,25.0.2","A high vulnerability in binary package: openjdk, version 17.0.12+7 was found in image docker.io/graylog/graylog:5.2.12 at: /opt/java/openjdk/release"
"qubership-logging-operator","grype","docker.io/graylog/graylog:5.2.12","CVE-2025-65018","HIGH","libpng16-16","1.6.37-3build5","1.6.37-3ubuntu0.1","A medium vulnerability in deb package: libpng16-16, version 1.6.37-3build5 was found in image docker.io/graylog/graylog:5.2.12 at: /var/lib/dpkg/status"
"qubership-logging-operator","grype","docker.io/graylog/graylog:5.2.12","CVE-2024-26461","HIGH","libgssapi-krb5-2","1.19.2-2ubuntu0.4","1.19.2-2ubuntu0.6","A low vulnerability in deb package: libgssapi-krb5-2, version 1.19.2-2ubuntu0.4 was found in image docker.io/graylog/graylog:5.2.12 at: /var/lib/dpkg/status"
"qubership-logging-operator","grype","docker.io/graylog/graylog:5.2.12","CVE-2024-26461","HIGH","libk5crypto3","1.19.2-2ubuntu0.4","1.19.2-2ubuntu0.6","A low vulnerability in deb package: libk5crypto3, version 1.19.2-2ubuntu0.4 was found in image docker.io/graylog/graylog:5.2.12 at: /var/lib/dpkg/status"
"qubership-logging-operator","grype","docker.io/graylog/graylog:5.2.12","CVE-2024-26461","HIGH","libkrb5-3","1.19.2-2ubuntu0.4","1.19.2-2ubuntu0.6","A low vulnerability in deb package: libkrb5-3, version 1.19.2-2ubuntu0.4 was found in image docker.io/graylog/graylog:5.2.12 at: /var/lib/dpkg/status"
"qubership-logging-operator","grype","docker.io/graylog/graylog:5.2.12","CVE-2024-26461","HIGH","libkrb5support0","1.19.2-2ubuntu0.4","1.19.2-2ubuntu0.6","A low vulnerability in deb package: libkrb5support0, version 1.19.2-2ubuntu0.4 was found in image docker.io/graylog/graylog:5.2.12 at: /var/lib/dpkg/status"
"qubership-logging-operator","grype","docker.io/graylog/graylog:5.2.12","CVE-2025-32988","HIGH","libgnutls30","3.7.3-4ubuntu1.5","3.7.3-4ubuntu1.7","A medium vulnerability in deb package: libgnutls30, version 3.7.3-4ubuntu1.5 was found in image docker.io/graylog/graylog:5.2.12 at: /var/lib/dpkg/status"
"qubership-logging-operator","grype","docker.io/graylog/graylog:5.2.12","CVE-2025-69421","HIGH","libssl3","3.0.2-0ubuntu1.18","3.0.2-0ubuntu1.21","A low vulnerability in deb package: libssl3, version 3.0.2-0ubuntu1.18 was found in image docker.io/graylog/graylog:5.2.12 at: /var/lib/dpkg/status"
"qubership-logging-operator","grype","docker.io/graylog/graylog:5.2.12","CVE-2025-69421","HIGH","openssl","3.0.2-0ubuntu1.18","3.0.2-0ubuntu1.21","A low vulnerability in deb package: openssl, version 3.0.2-0ubuntu1.18 was found in image docker.io/graylog/graylog:5.2.12 at: /var/lib/dpkg/status"
"qubership-logging-operator","grype","docker.io/graylog/graylog:5.2.12","CVE-2025-69419","HIGH","libssl3","3.0.2-0ubuntu1.18","3.0.2-0ubuntu1.21","A low vulnerability in deb package: libssl3, version 3.0.2-0ubuntu1.18 was found in image docker.io/graylog/graylog:5.2.12 at: /var/lib/dpkg/status"
"qubership-logging-operator","grype","docker.io/graylog/graylog:5.2.12","CVE-2025-69419","HIGH","openssl","3.0.2-0ubuntu1.18","3.0.2-0ubuntu1.21","A low vulnerability in deb package: openssl, version 3.0.2-0ubuntu1.18 was found in image docker.io/graylog/graylog:5.2.12 at: /var/lib/dpkg/status"
"qubership-logging-operator","grype","docker.io/graylog/graylog:5.2.12","CVE-2026-22695","HIGH","libpng16-16","1.6.37-3build5","1.6.37-3ubuntu0.3","A medium vulnerability in deb package: libpng16-16, version 1.6.37-3build5 was found in image docker.io/graylog/graylog:5.2.12 at: /var/lib/dpkg/status"
"qubership-logging-operator","grype","docker.io/graylog/graylog:5.2.12","CVE-2025-68973","HIGH","gpgv","2.2.27-3ubuntu2.1","2.2.27-3ubuntu2.5","A high vulnerability in deb package: gpgv, version 2.2.27-3ubuntu2.1 was found in image docker.io/graylog/graylog:5.2.12 at: /var/lib/dpkg/status"
"qubership-logging-operator","grype","docker.io/graylog/graylog:5.2.12","CVE-2025-9230","HIGH","libssl3","3.0.2-0ubuntu1.18","3.0.2-0ubuntu1.20","A medium vulnerability in deb package: libssl3, version 3.0.2-0ubuntu1.18 was found in image docker.io/graylog/graylog:5.2.12 at: /var/lib/dpkg/status"
"qubership-logging-operator","grype","docker.io/graylog/graylog:5.2.12","CVE-2025-9230","HIGH","openssl","3.0.2-0ubuntu1.18","3.0.2-0ubuntu1.20","A medium vulnerability in deb package: openssl, version 3.0.2-0ubuntu1.18 was found in image docker.io/graylog/graylog:5.2.12 at: /var/lib/dpkg/status"
"qubership-logging-operator","grype","docker.io/graylog/graylog:5.2.12","GHSA-fghv-69vj-qj49","HIGH","netty-codec-http","4.1.100.Final","4.1.125.Final","A low vulnerability in java-archive package: netty-codec-http, version 4.1.100.Final was found in image docker.io/graylog/graylog:5.2.12 at: /usr/share/graylog/graylog.jar"
"qubership-logging-operator","grype","docker.io/graylog/graylog:5.2.12","CVE-2026-0915","HIGH","libc-bin","2.35-0ubuntu3.8","2.35-0ubuntu3.13","A medium vulnerability in deb package: libc-bin, version 2.35-0ubuntu3.8 was found in image docker.io/graylog/graylog:5.2.12 at: /var/lib/dpkg/status"
"qubership-logging-operator","grype","docker.io/graylog/graylog:5.2.12","CVE-2026-0915","HIGH","libc6","2.35-0ubuntu3.8","2.35-0ubuntu3.13","A medium vulnerability in deb package: libc6, version 2.35-0ubuntu3.8 was found in image docker.io/graylog/graylog:5.2.12 at: /var/lib/dpkg/status"
"qubership-logging-operator","grype","docker.io/graylog/graylog:5.2.12","CVE-2026-0915","HIGH","locales","2.35-0ubuntu3.8","2.35-0ubuntu3.13","A medium vulnerability in deb package: locales, version 2.35-0ubuntu3.8 was found in image docker.io/graylog/graylog:5.2.12 at: /var/lib/dpkg/status"
"qubership-logging-operator","grype","docker.io/graylog/graylog:5.2.12","CVE-2026-22801","HIGH","libpng16-16","1.6.37-3build5","1.6.37-3ubuntu0.3","A medium vulnerability in deb package: libpng16-16, version 1.6.37-3build5 was found in image docker.io/graylog/graylog:5.2.12 at: /var/lib/dpkg/status"
"qubership-logging-operator","grype","docker.io/graylog/graylog:5.2.12","CVE-2025-4802","HIGH","libc-bin","2.35-0ubuntu3.8","2.35-0ubuntu3.10","A medium vulnerability in deb package: libc-bin, version 2.35-0ubuntu3.8 was found in image docker.io/graylog/graylog:5.2.12 at: /var/lib/dpkg/status"
"qubership-logging-operator","grype","docker.io/graylog/graylog:5.2.12","CVE-2025-4802","HIGH","libc6","2.35-0ubuntu3.8","2.35-0ubuntu3.10","A medium vulnerability in deb package: libc6, version 2.35-0ubuntu3.8 was found in image docker.io/graylog/graylog:5.2.12 at: /var/lib/dpkg/status"
"qubership-logging-operator","grype","docker.io/graylog/graylog:5.2.12","CVE-2025-4802","HIGH","locales","2.35-0ubuntu3.8","2.35-0ubuntu3.10","A medium vulnerability in deb package: locales, version 2.35-0ubuntu3.8 was found in image docker.io/graylog/graylog:5.2.12 at: /var/lib/dpkg/status"
"qubership-logging-operator","grype","docker.io/graylog/graylog:5.2.12","CVE-2025-24528","HIGH","libgssapi-krb5-2","1.19.2-2ubuntu0.4","1.19.2-2ubuntu0.6","A medium vulnerability in deb package: libgssapi-krb5-2, version 1.19.2-2ubuntu0.4 was found in image docker.io/graylog/graylog:5.2.12 at: /var/lib/dpkg/status"
"qubership-logging-operator","grype","docker.io/graylog/graylog:5.2.12","CVE-2025-24528","HIGH","libk5crypto3","1.19.2-2ubuntu0.4","1.19.2-2ubuntu0.6","A medium vulnerability in deb package: libk5crypto3, version 1.19.2-2ubuntu0.4 was found in image docker.io/graylog/graylog:5.2.12 at: /var/lib/dpkg/status"
"qubership-logging-operator","grype","docker.io/graylog/graylog:5.2.12","CVE-2025-24528","HIGH","libkrb5-3","1.19.2-2ubuntu0.4","1.19.2-2ubuntu0.6","A medium vulnerability in deb package: libkrb5-3, version 1.19.2-2ubuntu0.4 was found in image docker.io/graylog/graylog:5.2.12 at: /var/lib/dpkg/status"
"qubership-logging-operator","grype","docker.io/graylog/graylog:5.2.12","CVE-2025-24528","HIGH","libkrb5support0","1.19.2-2ubuntu0.4","1.19.2-2ubuntu0.6","A medium vulnerability in deb package: libkrb5support0, version 1.19.2-2ubuntu0.4 was found in image docker.io/graylog/graylog:5.2.12 at: /var/lib/dpkg/status"
"qubership-logging-operator","grype","docker.io/graylog/graylog:5.2.12","CVE-2025-6020","HIGH","libpam-modules","1.4.0-11ubuntu2.4","1.4.0-11ubuntu2.6","A medium vulnerability in deb package: libpam-modules, version 1.4.0-11ubuntu2.4 was found in image docker.io/graylog/graylog:5.2.12 at: /var/lib/dpkg/status"
"qubership-logging-operator","grype","docker.io/graylog/graylog:5.2.12","CVE-2025-6020","HIGH","libpam-modules-bin","1.4.0-11ubuntu2.4","1.4.0-11ubuntu2.6","A medium vulnerability in deb package: libpam-modules-bin, version 1.4.0-11ubuntu2.4 was found in image docker.io/graylog/graylog:5.2.12 at: /var/lib/dpkg/status"
"qubership-logging-operator","grype","docker.io/graylog/graylog:5.2.12","CVE-2025-6020","HIGH","libpam-runtime","1.4.0-11ubuntu2.4","1.4.0-11ubuntu2.6","A medium vulnerability in deb package: libpam-runtime, version 1.4.0-11ubuntu2.4 was found in image docker.io/graylog/graylog:5.2.12 at: /var/lib/dpkg/status"
"qubership-logging-operator","grype","docker.io/graylog/graylog:5.2.12","CVE-2025-6020","HIGH","libpam0g","1.4.0-11ubuntu2.4","1.4.0-11ubuntu2.6","A medium vulnerability in deb package: libpam0g, version 1.4.0-11ubuntu2.4 was found in image docker.io/graylog/graylog:5.2.12 at: /var/lib/dpkg/status"
"qubership-logging-operator","grype","docker.io/graylog/graylog:5.2.12","CVE-2025-13601","HIGH","libglib2.0-0","2.72.4-0ubuntu2.3","2.72.4-0ubuntu2.7","A medium vulnerability in deb package: libglib2.0-0, version 2.72.4-0ubuntu2.3 was found in image docker.io/graylog/graylog:5.2.12 at: /var/lib/dpkg/status"
"qubership-logging-operator","grype","docker.io/graylog/graylog:5.2.12","CVE-2026-0861","HIGH","libc-bin","2.35-0ubuntu3.8","2.35-0ubuntu3.13","A medium vulnerability in deb package: libc-bin, version 2.35-0ubuntu3.8 was found in image docker.io/graylog/graylog:5.2.12 at: /var/lib/dpkg/status"
"qubership-logging-operator","grype","docker.io/graylog/graylog:5.2.12","CVE-2026-0861","HIGH","libc6","2.35-0ubuntu3.8","2.35-0ubuntu3.13","A medium vulnerability in deb package: libc6, version 2.35-0ubuntu3.8 was found in image docker.io/graylog/graylog:5.2.12 at: /var/lib/dpkg/status"
"qubership-logging-operator","grype","docker.io/graylog/graylog:5.2.12","CVE-2026-0861","HIGH","locales","2.35-0ubuntu3.8","2.35-0ubuntu3.13","A medium vulnerability in deb package: locales, version 2.35-0ubuntu3.8 was found in image docker.io/graylog/graylog:5.2.12 at: /var/lib/dpkg/status"
"qubership-logging-operator","grype","docker.io/graylog/graylog:5.2.12","GHSA-q9q2-3ppx-mwqf","HIGH","graylog2-server","5.2.12","6.2.0","A high vulnerability in java-archive package: graylog2-server, version 5.2.12 was found in image docker.io/graylog/graylog:5.2.12 at: /usr/share/graylog/graylog.jar"
"qubership-logging-operator","grype","graylog/graylog:5.2.7","GHSA-76h9-2vwh-w278","CRITICAL","mina-core","2.0.21","2.0.27","A critical vulnerability in java-archive package: mina-core, version 2.0.21 was found in image graylog/graylog:5.2.7 at: /usr/share/graylog/graylog.jar"
"qubership-logging-operator","grype","graylog/graylog:5.2.7","CVE-2025-27363","HIGH","libfreetype6","2.11.1+dfsg-1ubuntu0.2","2.11.1+dfsg-1ubuntu0.3","A medium vulnerability in deb package: libfreetype6, version 2.11.1+dfsg-1ubuntu0.2 was found in image graylog/graylog:5.2.7 at: /var/lib/dpkg/status"
"qubership-logging-operator","grype","graylog/graylog:5.2.7","CVE-2024-3596","CRITICAL","libgssapi-krb5-2","1.19.2-2ubuntu0.3","1.19.2-2ubuntu0.5","A medium vulnerability in deb package: libgssapi-krb5-2, version 1.19.2-2ubuntu0.3 was found in image graylog/graylog:5.2.7 at: /var/lib/dpkg/status"
"qubership-logging-operator","grype","graylog/graylog:5.2.7","CVE-2024-3596","CRITICAL","libk5crypto3","1.19.2-2ubuntu0.3","1.19.2-2ubuntu0.5","A medium vulnerability in deb package: libk5crypto3, version 1.19.2-2ubuntu0.3 was found in image graylog/graylog:5.2.7 at: /var/lib/dpkg/status"
"qubership-logging-operator","grype","graylog/graylog:5.2.7","CVE-2024-3596","CRITICAL","libkrb5-3","1.19.2-2ubuntu0.3","1.19.2-2ubuntu0.5","A medium vulnerability in deb package: libkrb5-3, version 1.19.2-2ubuntu0.3 was found in image graylog/graylog:5.2.7 at: /var/lib/dpkg/status"
"qubership-logging-operator","grype","graylog/graylog:5.2.7","CVE-2024-3596","CRITICAL","libkrb5support0","1.19.2-2ubuntu0.3","1.19.2-2ubuntu0.5","A medium vulnerability in deb package: libkrb5support0, version 1.19.2-2ubuntu0.3 was found in image graylog/graylog:5.2.7 at: /var/lib/dpkg/status"
"qubership-logging-operator","grype","graylog/graylog:5.2.7","CVE-2024-6119","HIGH","libssl3","3.0.2-0ubuntu1.15","3.0.2-0ubuntu1.18","A medium vulnerability in deb package: libssl3, version 3.0.2-0ubuntu1.15 was found in image graylog/graylog:5.2.7 at: /var/lib/dpkg/status"
"qubership-logging-operator","grype","graylog/graylog:5.2.7","CVE-2024-6119","HIGH","openssl","3.0.2-0ubuntu1.15","3.0.2-0ubuntu1.18","A medium vulnerability in deb package: openssl, version 3.0.2-0ubuntu1.15 was found in image graylog/graylog:5.2.7 at: /var/lib/dpkg/status"
"qubership-logging-operator","grype","graylog/graylog:5.2.7","CVE-2024-52533","CRITICAL","libglib2.0-0","2.72.4-0ubuntu2.2","2.72.4-0ubuntu2.4","A medium vulnerability in deb package: libglib2.0-0, version 2.72.4-0ubuntu2.2 was found in image graylog/graylog:5.2.7 at: /var/lib/dpkg/status"
"qubership-logging-operator","grype","graylog/graylog:5.2.7","CVE-2024-37371","CRITICAL","libgssapi-krb5-2","1.19.2-2ubuntu0.3","1.19.2-2ubuntu0.4","A medium vulnerability in deb package: libgssapi-krb5-2, version 1.19.2-2ubuntu0.3 was found in image graylog/graylog:5.2.7 at: /var/lib/dpkg/status"
"qubership-logging-operator","grype","graylog/graylog:5.2.7","CVE-2024-37371","CRITICAL","libk5crypto3","1.19.2-2ubuntu0.3","1.19.2-2ubuntu0.4","A medium vulnerability in deb package: libk5crypto3, version 1.19.2-2ubuntu0.3 was found in image graylog/graylog:5.2.7 at: /var/lib/dpkg/status"
"qubership-logging-operator","grype","graylog/graylog:5.2.7","CVE-2024-37371","CRITICAL","libkrb5-3","1.19.2-2ubuntu0.3","1.19.2-2ubuntu0.4","A medium vulnerability in deb package: libkrb5-3, version 1.19.2-2ubuntu0.3 was found in image graylog/graylog:5.2.7 at: /var/lib/dpkg/status"
"qubership-logging-operator","grype","graylog/graylog:5.2.7","CVE-2024-37371","CRITICAL","libkrb5support0","1.19.2-2ubuntu0.3","1.19.2-2ubuntu0.4","A medium vulnerability in deb package: libkrb5support0, version 1.19.2-2ubuntu0.3 was found in image graylog/graylog:5.2.7 at: /var/lib/dpkg/status"
"qubership-logging-operator","grype","graylog/graylog:5.2.7","CVE-2024-5535","CRITICAL","libssl3","3.0.2-0ubuntu1.15","3.0.2-0ubuntu1.17","A low vulnerability in deb package: libssl3, version 3.0.2-0ubuntu1.15 was found in image graylog/graylog:5.2.7 at: /var/lib/dpkg/status"
"qubership-logging-operator","grype","graylog/graylog:5.2.7","CVE-2024-5535","CRITICAL","openssl","3.0.2-0ubuntu1.15","3.0.2-0ubuntu1.17","A low vulnerability in deb package: openssl, version 3.0.2-0ubuntu1.15 was found in image graylog/graylog:5.2.7 at: /var/lib/dpkg/status"
"qubership-logging-operator","grype","graylog/graylog:5.2.7","CVE-2024-45492","CRITICAL","libexpat1","2.4.7-1ubuntu0.3","2.4.7-1ubuntu0.4","A medium vulnerability in deb package: libexpat1, version 2.4.7-1ubuntu0.3 was found in image graylog/graylog:5.2.7 at: /var/lib/dpkg/status"
"qubership-logging-operator","grype","graylog/graylog:5.2.7","CVE-2024-21147","HIGH","openjdk","17.0.11+9","1.8.0_422,8.0.422,11.0.24,17.0.12,21.0.4,22.0.2","A high vulnerability in binary package: openjdk, version 17.0.11+9 was found in image graylog/graylog:5.2.7 at: /opt/java/openjdk/release"
"qubership-logging-operator","grype","graylog/graylog:5.2.7","CVE-2022-40735","HIGH","libssl3","3.0.2-0ubuntu1.15","3.0.2-0ubuntu1.16","A medium vulnerability in deb package: libssl3, version 3.0.2-0ubuntu1.15 was found in image graylog/graylog:5.2.7 at: /var/lib/dpkg/status"
"qubership-logging-operator","grype","graylog/graylog:5.2.7","CVE-2022-40735","HIGH","openssl","3.0.2-0ubuntu1.15","3.0.2-0ubuntu1.16","A medium vulnerability in deb package: openssl, version 3.0.2-0ubuntu1.15 was found in image graylog/graylog:5.2.7 at: /var/lib/dpkg/status"
"qubership-logging-operator","grype","graylog/graylog:5.2.7","CVE-2025-21587","HIGH","openjdk","17.0.11+9","1.8.0_452,8.0.452,11.0.27,17.0.15,21.0.7,24.0.1","A high vulnerability in binary package: openjdk, version 17.0.11+9 was found in image graylog/graylog:5.2.7 at: /opt/java/openjdk/release"
"qubership-logging-operator","grype","graylog/graylog:5.2.7","CVE-2025-15467","CRITICAL","libssl3","3.0.2-0ubuntu1.15","3.0.2-0ubuntu1.21","A medium vulnerability in deb package: libssl3, version 3.0.2-0ubuntu1.15 was found in image graylog/graylog:5.2.7 at: /var/lib/dpkg/status"
"qubership-logging-operator","grype","graylog/graylog:5.2.7","CVE-2025-15467","CRITICAL","openssl","3.0.2-0ubuntu1.15","3.0.2-0ubuntu1.21","A medium vulnerability in deb package: openssl, version 3.0.2-0ubuntu1.15 was found in image graylog/graylog:5.2.7 at: /var/lib/dpkg/status"
"qubership-logging-operator","grype","graylog/graylog:5.2.7","CVE-2024-33599","HIGH","libc-bin","2.35-0ubuntu3.7","2.35-0ubuntu3.8","A medium vulnerability in deb package: libc-bin, version 2.35-0ubuntu3.7 was found in image graylog/graylog:5.2.7 at: /var/lib/dpkg/status"
"qubership-logging-operator","grype","graylog/graylog:5.2.7","CVE-2024-33599","HIGH","libc6","2.35-0ubuntu3.7","2.35-0ubuntu3.8","A medium vulnerability in deb package: libc6, version 2.35-0ubuntu3.7 was found in image graylog/graylog:5.2.7 at: /var/lib/dpkg/status"
"qubership-logging-operator","grype","graylog/graylog:5.2.7","CVE-2024-33599","HIGH","locales","2.35-0ubuntu3.7","2.35-0ubuntu3.8","A medium vulnerability in deb package: locales, version 2.35-0ubuntu3.7 was found in image graylog/graylog:5.2.7 at: /var/lib/dpkg/status"
"qubership-logging-operator","grype","graylog/graylog:5.2.7","CVE-2024-45491","CRITICAL","libexpat1","2.4.7-1ubuntu0.3","2.4.7-1ubuntu0.4","A medium vulnerability in deb package: libexpat1, version 2.4.7-1ubuntu0.3 was found in image graylog/graylog:5.2.7 at: /var/lib/dpkg/status"
"qubership-logging-operator","grype","graylog/graylog:5.2.7","CVE-2024-37370","HIGH","libgssapi-krb5-2","1.19.2-2ubuntu0.3","1.19.2-2ubuntu0.4","A medium vulnerability in deb package: libgssapi-krb5-2, version 1.19.2-2ubuntu0.3 was found in image graylog/graylog:5.2.7 at: /var/lib/dpkg/status"
"qubership-logging-operator","grype","graylog/graylog:5.2.7","CVE-2024-37370","HIGH","libk5crypto3","1.19.2-2ubuntu0.3","1.19.2-2ubuntu0.4","A medium vulnerability in deb package: libk5crypto3, version 1.19.2-2ubuntu0.3 was found in image graylog/graylog:5.2.7 at: /var/lib/dpkg/status"
"qubership-logging-operator","grype","graylog/graylog:5.2.7","CVE-2024-37370","HIGH","libkrb5-3","1.19.2-2ubuntu0.3","1.19.2-2ubuntu0.4","A medium vulnerability in deb package: libkrb5-3, version 1.19.2-2ubuntu0.3 was found in image graylog/graylog:5.2.7 at: /var/lib/dpkg/status"
"qubership-logging-operator","grype","graylog/graylog:5.2.7","CVE-2024-37370","HIGH","libkrb5support0","1.19.2-2ubuntu0.3","1.19.2-2ubuntu0.4","A medium vulnerability in deb package: libkrb5support0, version 1.19.2-2ubuntu0.3 was found in image graylog/graylog:5.2.7 at: /var/lib/dpkg/status"
"qubership-logging-operator","grype","graylog/graylog:5.2.7","CVE-2024-45490","CRITICAL","libexpat1","2.4.7-1ubuntu0.3","2.4.7-1ubuntu0.4","A medium vulnerability in deb package: libexpat1, version 2.4.7-1ubuntu0.3 was found in image graylog/graylog:5.2.7 at: /var/lib/dpkg/status"
"qubership-logging-operator","grype","graylog/graylog:5.2.7","GHSA-4g8c-wm8x-jfhw","HIGH","netty-handler","4.1.100.Final","4.1.118.Final","A high vulnerability in java-archive package: netty-handler, version 4.1.100.Final was found in image graylog/graylog:5.2.7 at: /usr/share/graylog/graylog.jar"
"qubership-logging-operator","grype","graylog/graylog:5.2.7","CVE-2025-30749","HIGH","openjdk","17.0.11+9","1.8.0_462,8.0.462,11.0.28,17.0.16,21.0.8,24.0.2","A high vulnerability in binary package: openjdk, version 17.0.11+9 was found in image graylog/graylog:5.2.7 at: /opt/java/openjdk/release"
"qubership-logging-operator","grype","graylog/graylog:5.2.7","CVE-2024-8176","HIGH","libexpat1","2.4.7-1ubuntu0.3","2.4.7-1ubuntu0.6","A medium vulnerability in deb package: libexpat1, version 2.4.7-1ubuntu0.3 was found in image graylog/graylog:5.2.7 at: /var/lib/dpkg/status"
"qubership-logging-operator","grype","graylog/graylog:5.2.7","CVE-2024-33602","HIGH","libc-bin","2.35-0ubuntu3.7","2.35-0ubuntu3.8","A medium vulnerability in deb package: libc-bin, version 2.35-0ubuntu3.7 was found in image graylog/graylog:5.2.7 at: /var/lib/dpkg/status"
"qubership-logging-operator","grype","graylog/graylog:5.2.7","CVE-2024-33602","HIGH","libc6","2.35-0ubuntu3.7","2.35-0ubuntu3.8","A medium vulnerability in deb package: libc6, version 2.35-0ubuntu3.7 was found in image graylog/graylog:5.2.7 at: /var/lib/dpkg/status"
"qubership-logging-operator","grype","graylog/graylog:5.2.7","CVE-2024-33602","HIGH","locales","2.35-0ubuntu3.7","2.35-0ubuntu3.8","A medium vulnerability in deb package: locales, version 2.35-0ubuntu3.7 was found in image graylog/graylog:5.2.7 at: /var/lib/dpkg/status"
"qubership-logging-operator","grype","graylog/graylog:5.2.7","CVE-2025-14087","CRITICAL","libglib2.0-0","2.72.4-0ubuntu2.2","2.72.4-0ubuntu2.7","A medium vulnerability in deb package: libglib2.0-0, version 2.72.4-0ubuntu2.2 was found in image graylog/graylog:5.2.7 at: /var/lib/dpkg/status"
"qubership-logging-operator","grype","graylog/graylog:5.2.7","GHSA-78wr-2p64-hpwj","HIGH","commons-io","2.13.0","2.14.0","A high vulnerability in java-archive package: commons-io, version 2.13.0 was found in image graylog/graylog:5.2.7 at: /usr/share/graylog/graylog.jar"
"qubership-logging-operator","grype","graylog/graylog:5.2.7","CVE-2025-50106","HIGH","openjdk","17.0.11+9","1.8.0_462,8.0.462,11.0.28,17.0.16,21.0.8,24.0.2","A high vulnerability in binary package: openjdk, version 17.0.11+9 was found in image graylog/graylog:5.2.7 at: /opt/java/openjdk/release"
"qubership-logging-operator","grype","graylog/graylog:5.2.7","CVE-2021-46848","CRITICAL","libtasn1-6","4.18.0-4build1","4.18.0-4ubuntu0.2","A low vulnerability in deb package: libtasn1-6, version 4.18.0-4build1 was found in image graylog/graylog:5.2.7 at: /var/lib/dpkg/status"
"qubership-logging-operator","grype","graylog/graylog:5.2.7","CVE-2024-38428","CRITICAL","wget","1.21.2-2ubuntu1","1.21.2-2ubuntu1.1","A medium vulnerability in deb package: wget, version 1.21.2-2ubuntu1 was found in image graylog/graylog:5.2.7 at: /var/lib/dpkg/status"
"qubership-logging-operator","grype","graylog/graylog:5.2.7","GHSA-prj3-ccx8-p6x4","HIGH","netty-codec-http2","4.1.100.Final","4.1.124.Final","A high vulnerability in java-archive package: netty-codec-http2, version 4.1.100.Final was found in image graylog/graylog:5.2.7 at: /usr/share/graylog/graylog.jar"
"qubership-logging-operator","grype","graylog/graylog:5.2.7","CVE-2025-53066","HIGH","openjdk","17.0.11+9","1.8.0_472,8.0.472,11.0.29,17.0.17,21.0.9,25.0.1","A high vulnerability in binary package: openjdk, version 17.0.11+9 was found in image graylog/graylog:5.2.7 at: /opt/java/openjdk/release"
"qubership-logging-operator","grype","graylog/graylog:5.2.7","CVE-2024-4741","HIGH","libssl3","3.0.2-0ubuntu1.15","3.0.2-0ubuntu1.17","A low vulnerability in deb package: libssl3, version 3.0.2-0ubuntu1.15 was found in image graylog/graylog:5.2.7 at: /var/lib/dpkg/status"
"qubership-logging-operator","grype","graylog/graylog:5.2.7","CVE-2024-4741","HIGH","openssl","3.0.2-0ubuntu1.15","3.0.2-0ubuntu1.17","A low vulnerability in deb package: openssl, version 3.0.2-0ubuntu1.15 was found in image graylog/graylog:5.2.7 at: /var/lib/dpkg/status"
"qubership-logging-operator","grype","graylog/graylog:5.2.7","GHSA-wxr5-93ph-8wr9","HIGH","commons-beanutils","1.9.4","1.11.0","A high vulnerability in java-archive package: commons-beanutils, version 1.9.4 was found in image graylog/graylog:5.2.7 at: /usr/share/graylog/graylog.jar"
"qubership-logging-operator","grype","graylog/graylog:5.2.7","CVE-2024-56406","HIGH","perl-base","5.34.0-3ubuntu1.3","5.34.0-3ubuntu1.4","A medium vulnerability in deb package: perl-base, version 5.34.0-3ubuntu1.3 was found in image graylog/graylog:5.2.7 at: /var/lib/dpkg/status"
"qubership-logging-operator","grype","graylog/graylog:5.2.7","CVE-2025-50059","HIGH","openjdk","17.0.11+9","11.0.28,17.0.16,21.0.8,24.0.2","A high vulnerability in binary package: openjdk, version 17.0.11+9 was found in image graylog/graylog:5.2.7 at: /opt/java/openjdk/release"
"qubership-logging-operator","grype","graylog/graylog:5.2.7","CVE-2024-33601","HIGH","libc-bin","2.35-0ubuntu3.7","2.35-0ubuntu3.8","A medium vulnerability in deb package: libc-bin, version 2.35-0ubuntu3.7 was found in image graylog/graylog:5.2.7 at: /var/lib/dpkg/status"
"qubership-logging-operator","grype","graylog/graylog:5.2.7","CVE-2024-33601","HIGH","libc6","2.35-0ubuntu3.7","2.35-0ubuntu3.8","A medium vulnerability in deb package: libc6, version 2.35-0ubuntu3.7 was found in image graylog/graylog:5.2.7 at: /var/lib/dpkg/status"
"qubership-logging-operator","grype","graylog/graylog:5.2.7","CVE-2024-33601","HIGH","locales","2.35-0ubuntu3.7","2.35-0ubuntu3.8","A medium vulnerability in deb package: locales, version 2.35-0ubuntu3.7 was found in image graylog/graylog:5.2.7 at: /var/lib/dpkg/status"
"qubership-logging-operator","grype","graylog/graylog:5.2.7","CVE-2025-5318","HIGH","libssh-4","0.9.6-2ubuntu0.22.04.3","0.9.6-2ubuntu0.22.04.4","A medium vulnerability in deb package: libssh-4, version 0.9.6-2ubuntu0.22.04.3 was found in image graylog/graylog:5.2.7 at: /var/lib/dpkg/status"
"qubership-logging-operator","grype","graylog/graylog:5.2.7","CVE-2025-66293","HIGH","libpng16-16","1.6.37-3build5","1.6.37-3ubuntu0.3","A medium vulnerability in deb package: libpng16-16, version 1.6.37-3build5 was found in image graylog/graylog:5.2.7 at: /var/lib/dpkg/status"
"qubership-logging-operator","grype","graylog/graylog:5.2.7","CVE-2025-6297","HIGH","dpkg","1.21.1ubuntu2.3","1.21.1ubuntu2.6","A low vulnerability in deb package: dpkg, version 1.21.1ubuntu2.3 was found in image graylog/graylog:5.2.7 at: /var/lib/dpkg/status"
"qubership-logging-operator","grype","graylog/graylog:5.2.7","CVE-2026-21945","HIGH","openjdk","17.0.11+9","1.8.0_482,8.0.482,11.0.30,17.0.18,21.0.10,25.0.2","A high vulnerability in binary package: openjdk, version 17.0.11+9 was found in image graylog/graylog:5.2.7 at: /opt/java/openjdk/release"
"qubership-logging-operator","grype","graylog/graylog:5.2.7","GHSA-76vf-mpmx-777j","HIGH","graylog2-server","5.2.7","6.0.14","A high vulnerability in java-archive package: graylog2-server, version 5.2.7 was found in image graylog/graylog:5.2.7 at: /usr/share/graylog/graylog.jar"
"qubership-logging-operator","grype","graylog/graylog:5.2.7","CVE-2025-6965","CRITICAL","libsqlite3-0","3.37.2-2ubuntu0.3","3.37.2-2ubuntu0.5","A medium vulnerability in deb package: libsqlite3-0, version 3.37.2-2ubuntu0.3 was found in image graylog/graylog:5.2.7 at: /var/lib/dpkg/status"
"qubership-logging-operator","grype","graylog/graylog:5.2.7","CVE-2025-64720","HIGH","libpng16-16","1.6.37-3build5","1.6.37-3ubuntu0.1","A medium vulnerability in deb package: libpng16-16, version 1.6.37-3build5 was found in image graylog/graylog:5.2.7 at: /var/lib/dpkg/status"
"qubership-logging-operator","grype","graylog/graylog:5.2.7","CVE-2025-5372","HIGH","libssh-4","0.9.6-2ubuntu0.22.04.3","0.9.6-2ubuntu0.22.04.4","A medium vulnerability in deb package: libssh-4, version 0.9.6-2ubuntu0.22.04.3 was found in image graylog/graylog:5.2.7 at: /var/lib/dpkg/status"
"qubership-logging-operator","grype","graylog/graylog:5.2.7","CVE-2026-25646","HIGH","libpng16-16","1.6.37-3build5","1.6.37-3ubuntu0.4","A medium vulnerability in deb package: libpng16-16, version 1.6.37-3build5 was found in image graylog/graylog:5.2.7 at: /var/lib/dpkg/status"
"qubership-logging-operator","grype","graylog/graylog:5.2.7","CVE-2025-13151","HIGH","libtasn1-6","4.18.0-4build1","4.18.0-4ubuntu0.2","A medium vulnerability in deb package: libtasn1-6, version 4.18.0-4build1 was found in image graylog/graylog:5.2.7 at: /var/lib/dpkg/status"
"qubership-logging-operator","grype","graylog/graylog:5.2.7","CVE-2025-15281","HIGH","libc-bin","2.35-0ubuntu3.7","2.35-0ubuntu3.13","A medium vulnerability in deb package: libc-bin, version 2.35-0ubuntu3.7 was found in image graylog/graylog:5.2.7 at: /var/lib/dpkg/status"
"qubership-logging-operator","grype","graylog/graylog:5.2.7","CVE-2025-15281","HIGH","libc6","2.35-0ubuntu3.7","2.35-0ubuntu3.13","A medium vulnerability in deb package: libc6, version 2.35-0ubuntu3.7 was found in image graylog/graylog:5.2.7 at: /var/lib/dpkg/status"
"qubership-logging-operator","grype","graylog/graylog:5.2.7","CVE-2025-15281","HIGH","locales","2.35-0ubuntu3.7","2.35-0ubuntu3.13","A medium vulnerability in deb package: locales, version 2.35-0ubuntu3.7 was found in image graylog/graylog:5.2.7 at: /var/lib/dpkg/status"
"qubership-logging-operator","grype","graylog/graylog:5.2.7","CVE-2025-32990","HIGH","libgnutls30","3.7.3-4ubuntu1.5","3.7.3-4ubuntu1.7","A medium vulnerability in deb package: libgnutls30, version 3.7.3-4ubuntu1.5 was found in image graylog/graylog:5.2.7 at: /var/lib/dpkg/status"
"qubership-logging-operator","grype","graylog/graylog:5.2.7","CVE-2025-69420","HIGH","libssl3","3.0.2-0ubuntu1.15","3.0.2-0ubuntu1.21","A low vulnerability in deb package: libssl3, version 3.0.2-0ubuntu1.15 was found in image graylog/graylog:5.2.7 at: /var/lib/dpkg/status"
"qubership-logging-operator","grype","graylog/graylog:5.2.7","CVE-2025-69420","HIGH","openssl","3.0.2-0ubuntu1.15","3.0.2-0ubuntu1.21","A low vulnerability in deb package: openssl, version 3.0.2-0ubuntu1.15 was found in image graylog/graylog:5.2.7 at: /var/lib/dpkg/status"
"qubership-logging-operator","grype","graylog/graylog:5.2.7","CVE-2026-21932","HIGH","openjdk","17.0.11+9","1.8.0_482,8.0.482,11.0.30,17.0.18,21.0.10,25.0.2","A high vulnerability in binary package: openjdk, version 17.0.11+9 was found in image graylog/graylog:5.2.7 at: /opt/java/openjdk/release"
"qubership-logging-operator","grype","graylog/graylog:5.2.7","CVE-2025-65018","HIGH","libpng16-16","1.6.37-3build5","1.6.37-3ubuntu0.1","A medium vulnerability in deb package: libpng16-16, version 1.6.37-3build5 was found in image graylog/graylog:5.2.7 at: /var/lib/dpkg/status"
"qubership-logging-operator","grype","graylog/graylog:5.2.7","CVE-2024-26461","HIGH","libgssapi-krb5-2","1.19.2-2ubuntu0.3","1.19.2-2ubuntu0.6","A low vulnerability in deb package: libgssapi-krb5-2, version 1.19.2-2ubuntu0.3 was found in image graylog/graylog:5.2.7 at: /var/lib/dpkg/status"
"qubership-logging-operator","grype","graylog/graylog:5.2.7","CVE-2024-26461","HIGH","libk5crypto3","1.19.2-2ubuntu0.3","1.19.2-2ubuntu0.6","A low vulnerability in deb package: libk5crypto3, version 1.19.2-2ubuntu0.3 was found in image graylog/graylog:5.2.7 at: /var/lib/dpkg/status"
"qubership-logging-operator","grype","graylog/graylog:5.2.7","CVE-2024-26461","HIGH","libkrb5-3","1.19.2-2ubuntu0.3","1.19.2-2ubuntu0.6","A low vulnerability in deb package: libkrb5-3, version 1.19.2-2ubuntu0.3 was found in image graylog/graylog:5.2.7 at: /var/lib/dpkg/status"
"qubership-logging-operator","grype","graylog/graylog:5.2.7","CVE-2024-26461","HIGH","libkrb5support0","1.19.2-2ubuntu0.3","1.19.2-2ubuntu0.6","A low vulnerability in deb package: libkrb5support0, version 1.19.2-2ubuntu0.3 was found in image graylog/graylog:5.2.7 at: /var/lib/dpkg/status"
"qubership-logging-operator","grype","graylog/graylog:5.2.7","CVE-2025-32988","HIGH","libgnutls30","3.7.3-4ubuntu1.5","3.7.3-4ubuntu1.7","A medium vulnerability in deb package: libgnutls30, version 3.7.3-4ubuntu1.5 was found in image graylog/graylog:5.2.7 at: /var/lib/dpkg/status"
"qubership-logging-operator","grype","graylog/graylog:5.2.7","CVE-2025-69421","HIGH","libssl3","3.0.2-0ubuntu1.15","3.0.2-0ubuntu1.21","A low vulnerability in deb package: libssl3, version 3.0.2-0ubuntu1.15 was found in image graylog/graylog:5.2.7 at: /var/lib/dpkg/status"
"qubership-logging-operator","grype","graylog/graylog:5.2.7","CVE-2025-69421","HIGH","openssl","3.0.2-0ubuntu1.15","3.0.2-0ubuntu1.21","A low vulnerability in deb package: openssl, version 3.0.2-0ubuntu1.15 was found in image graylog/graylog:5.2.7 at: /var/lib/dpkg/status"
"qubership-logging-operator","grype","graylog/graylog:5.2.7","CVE-2025-69419","HIGH","libssl3","3.0.2-0ubuntu1.15","3.0.2-0ubuntu1.21","A low vulnerability in deb package: libssl3, version 3.0.2-0ubuntu1.15 was found in image graylog/graylog:5.2.7 at: /var/lib/dpkg/status"
"qubership-logging-operator","grype","graylog/graylog:5.2.7","CVE-2025-69419","HIGH","openssl","3.0.2-0ubuntu1.15","3.0.2-0ubuntu1.21","A low vulnerability in deb package: openssl, version 3.0.2-0ubuntu1.15 was found in image graylog/graylog:5.2.7 at: /var/lib/dpkg/status"
"qubership-logging-operator","grype","graylog/graylog:5.2.7","CVE-2026-22695","HIGH","libpng16-16","1.6.37-3build5","1.6.37-3ubuntu0.3","A medium vulnerability in deb package: libpng16-16, version 1.6.37-3build5 was found in image graylog/graylog:5.2.7 at: /var/lib/dpkg/status"
"qubership-logging-operator","grype","graylog/graylog:5.2.7","CVE-2025-68973","HIGH","gpgv","2.2.27-3ubuntu2.1","2.2.27-3ubuntu2.5","A high vulnerability in deb package: gpgv, version 2.2.27-3ubuntu2.1 was found in image graylog/graylog:5.2.7 at: /var/lib/dpkg/status"
"qubership-logging-operator","grype","graylog/graylog:5.2.7","CVE-2025-9230","HIGH","libssl3","3.0.2-0ubuntu1.15","3.0.2-0ubuntu1.20","A medium vulnerability in deb package: libssl3, version 3.0.2-0ubuntu1.15 was found in image graylog/graylog:5.2.7 at: /var/lib/dpkg/status"
"qubership-logging-operator","grype","graylog/graylog:5.2.7","CVE-2025-9230","HIGH","openssl","3.0.2-0ubuntu1.15","3.0.2-0ubuntu1.20","A medium vulnerability in deb package: openssl, version 3.0.2-0ubuntu1.15 was found in image graylog/graylog:5.2.7 at: /var/lib/dpkg/status"
"qubership-logging-operator","grype","graylog/graylog:5.2.7","GHSA-fghv-69vj-qj49","HIGH","netty-codec-http","4.1.100.Final","4.1.125.Final","A low vulnerability in java-archive package: netty-codec-http, version 4.1.100.Final was found in image graylog/graylog:5.2.7 at: /usr/share/graylog/graylog.jar"
"qubership-logging-operator","grype","graylog/graylog:5.2.7","CVE-2026-0915","HIGH","libc-bin","2.35-0ubuntu3.7","2.35-0ubuntu3.13","A medium vulnerability in deb package: libc-bin, version 2.35-0ubuntu3.7 was found in image graylog/graylog:5.2.7 at: /var/lib/dpkg/status"
"qubership-logging-operator","grype","graylog/graylog:5.2.7","CVE-2026-0915","HIGH","libc6","2.35-0ubuntu3.7","2.35-0ubuntu3.13","A medium vulnerability in deb package: libc6, version 2.35-0ubuntu3.7 was found in image graylog/graylog:5.2.7 at: /var/lib/dpkg/status"
"qubership-logging-operator","grype","graylog/graylog:5.2.7","CVE-2026-0915","HIGH","locales","2.35-0ubuntu3.7","2.35-0ubuntu3.13","A medium vulnerability in deb package: locales, version 2.35-0ubuntu3.7 was found in image graylog/graylog:5.2.7 at: /var/lib/dpkg/status"
"qubership-logging-operator","grype","graylog/graylog:5.2.7","CVE-2026-22801","HIGH","libpng16-16","1.6.37-3build5","1.6.37-3ubuntu0.3","A medium vulnerability in deb package: libpng16-16, version 1.6.37-3build5 was found in image graylog/graylog:5.2.7 at: /var/lib/dpkg/status"
"qubership-logging-operator","grype","graylog/graylog:5.2.7","CVE-2025-4802","HIGH","libc-bin","2.35-0ubuntu3.7","2.35-0ubuntu3.10","A medium vulnerability in deb package: libc-bin, version 2.35-0ubuntu3.7 was found in image graylog/graylog:5.2.7 at: /var/lib/dpkg/status"
"qubership-logging-operator","grype","graylog/graylog:5.2.7","CVE-2025-4802","HIGH","libc6","2.35-0ubuntu3.7","2.35-0ubuntu3.10","A medium vulnerability in deb package: libc6, version 2.35-0ubuntu3.7 was found in image graylog/graylog:5.2.7 at: /var/lib/dpkg/status"
"qubership-logging-operator","grype","graylog/graylog:5.2.7","CVE-2025-4802","HIGH","locales","2.35-0ubuntu3.7","2.35-0ubuntu3.10","A medium vulnerability in deb package: locales, version 2.35-0ubuntu3.7 was found in image graylog/graylog:5.2.7 at: /var/lib/dpkg/status"
"qubership-logging-operator","grype","graylog/graylog:5.2.7","CVE-2025-24528","HIGH","libgssapi-krb5-2","1.19.2-2ubuntu0.3","1.19.2-2ubuntu0.6","A medium vulnerability in deb package: libgssapi-krb5-2, version 1.19.2-2ubuntu0.3 was found in image graylog/graylog:5.2.7 at: /var/lib/dpkg/status"
"qubership-logging-operator","grype","graylog/graylog:5.2.7","CVE-2025-24528","HIGH","libk5crypto3","1.19.2-2ubuntu0.3","1.19.2-2ubuntu0.6","A medium vulnerability in deb package: libk5crypto3, version 1.19.2-2ubuntu0.3 was found in image graylog/graylog:5.2.7 at: /var/lib/dpkg/status"
"qubership-logging-operator","grype","graylog/graylog:5.2.7","CVE-2025-24528","HIGH","libkrb5-3","1.19.2-2ubuntu0.3","1.19.2-2ubuntu0.6","A medium vulnerability in deb package: libkrb5-3, version 1.19.2-2ubuntu0.3 was found in image graylog/graylog:5.2.7 at: /var/lib/dpkg/status"
"qubership-logging-operator","grype","graylog/graylog:5.2.7","CVE-2025-24528","HIGH","libkrb5support0","1.19.2-2ubuntu0.3","1.19.2-2ubuntu0.6","A medium vulnerability in deb package: libkrb5support0, version 1.19.2-2ubuntu0.3 was found in image graylog/graylog:5.2.7 at: /var/lib/dpkg/status"
"qubership-logging-operator","grype","graylog/graylog:5.2.7","CVE-2025-6020","HIGH","libpam-modules","1.4.0-11ubuntu2.4","1.4.0-11ubuntu2.6","A medium vulnerability in deb package: libpam-modules, version 1.4.0-11ubuntu2.4 was found in image graylog/graylog:5.2.7 at: /var/lib/dpkg/status"
"qubership-logging-operator","grype","graylog/graylog:5.2.7","CVE-2025-6020","HIGH","libpam-modules-bin","1.4.0-11ubuntu2.4","1.4.0-11ubuntu2.6","A medium vulnerability in deb package: libpam-modules-bin, version 1.4.0-11ubuntu2.4 was found in image graylog/graylog:5.2.7 at: /var/lib/dpkg/status"
"qubership-logging-operator","grype","graylog/graylog:5.2.7","CVE-2025-6020","HIGH","libpam-runtime","1.4.0-11ubuntu2.4","1.4.0-11ubuntu2.6","A medium vulnerability in deb package: libpam-runtime, version 1.4.0-11ubuntu2.4 was found in image graylog/graylog:5.2.7 at: /var/lib/dpkg/status"
"qubership-logging-operator","grype","graylog/graylog:5.2.7","CVE-2025-6020","HIGH","libpam0g","1.4.0-11ubuntu2.4","1.4.0-11ubuntu2.6","A medium vulnerability in deb package: libpam0g, version 1.4.0-11ubuntu2.4 was found in image graylog/graylog:5.2.7 at: /var/lib/dpkg/status"
"qubership-logging-operator","grype","graylog/graylog:5.2.7","CVE-2025-13601","HIGH","libglib2.0-0","2.72.4-0ubuntu2.2","2.72.4-0ubuntu2.7","A medium vulnerability in deb package: libglib2.0-0, version 2.72.4-0ubuntu2.2 was found in image graylog/graylog:5.2.7 at: /var/lib/dpkg/status"
"qubership-logging-operator","grype","graylog/graylog:5.2.7","CVE-2026-0861","HIGH","libc-bin","2.35-0ubuntu3.7","2.35-0ubuntu3.13","A medium vulnerability in deb package: libc-bin, version 2.35-0ubuntu3.7 was found in image graylog/graylog:5.2.7 at: /var/lib/dpkg/status"
"qubership-logging-operator","grype","graylog/graylog:5.2.7","CVE-2026-0861","HIGH","libc6","2.35-0ubuntu3.7","2.35-0ubuntu3.13","A medium vulnerability in deb package: libc6, version 2.35-0ubuntu3.7 was found in image graylog/graylog:5.2.7 at: /var/lib/dpkg/status"
"qubership-logging-operator","grype","graylog/graylog:5.2.7","CVE-2026-0861","HIGH","locales","2.35-0ubuntu3.7","2.35-0ubuntu3.13","A medium vulnerability in deb package: locales, version 2.35-0ubuntu3.7 was found in image graylog/graylog:5.2.7 at: /var/lib/dpkg/status"
"qubership-logging-operator","grype","graylog/graylog:5.2.7","GHSA-q9q2-3ppx-mwqf","HIGH","graylog2-server","5.2.7","6.2.0","A high vulnerability in java-archive package: graylog2-server, version 5.2.7 was found in image graylog/graylog:5.2.7 at: /usr/share/graylog/graylog.jar"
"qubership-jaeger","grype","jaegertracing/jaeger:2.11.0","CVE-2025-15467","CRITICAL","libcrypto3","3.5.1-r0","3.5.5-r0","A critical vulnerability in apk package: libcrypto3, version 3.5.1-r0 was found in image jaegertracing/jaeger:2.11.0 at: /lib/apk/db/installed"
"qubership-jaeger","grype","jaegertracing/jaeger:2.11.0","CVE-2025-15467","CRITICAL","libssl3","3.5.1-r0","3.5.5-r0","A critical vulnerability in apk package: libssl3, version 3.5.1-r0 was found in image jaegertracing/jaeger:2.11.0 at: /lib/apk/db/installed"
"qubership-jaeger","grype","jaegertracing/jaeger:2.11.0","GHSA-cfpf-hrx2-8rv6","HIGH","github.com/expr-lang/expr","v1.17.5","1.17.7","A high vulnerability in go-module package: github.com/expr-lang/expr, version v1.17.5 was found in image jaegertracing/jaeger:2.11.0 at: /cmd/jaeger/jaeger-linux"
"qubership-jaeger","grype","jaegertracing/jaeger:2.11.0","CVE-2025-69420","HIGH","libcrypto3","3.5.1-r0","3.5.5-r0","A high vulnerability in apk package: libcrypto3, version 3.5.1-r0 was found in image jaegertracing/jaeger:2.11.0 at: /lib/apk/db/installed"
"qubership-jaeger","grype","jaegertracing/jaeger:2.11.0","CVE-2025-69420","HIGH","libssl3","3.5.1-r0","3.5.5-r0","A high vulnerability in apk package: libssl3, version 3.5.1-r0 was found in image jaegertracing/jaeger:2.11.0 at: /lib/apk/db/installed"
"qubership-jaeger","grype","jaegertracing/jaeger:2.11.0","CVE-2025-69421","HIGH","libcrypto3","3.5.1-r0","3.5.5-r0","A high vulnerability in apk package: libcrypto3, version 3.5.1-r0 was found in image jaegertracing/jaeger:2.11.0 at: /lib/apk/db/installed"
"qubership-jaeger","grype","jaegertracing/jaeger:2.11.0","CVE-2025-69421","HIGH","libssl3","3.5.1-r0","3.5.5-r0","A high vulnerability in apk package: libssl3, version 3.5.1-r0 was found in image jaegertracing/jaeger:2.11.0 at: /lib/apk/db/installed"
"qubership-jaeger","grype","jaegertracing/jaeger:2.11.0","CVE-2025-69419","HIGH","libcrypto3","3.5.1-r0","3.5.5-r0","A high vulnerability in apk package: libcrypto3, version 3.5.1-r0 was found in image jaegertracing/jaeger:2.11.0 at: /lib/apk/db/installed"
"qubership-jaeger","grype","jaegertracing/jaeger:2.11.0","CVE-2025-69419","HIGH","libssl3","3.5.1-r0","3.5.5-r0","A high vulnerability in apk package: libssl3, version 3.5.1-r0 was found in image jaegertracing/jaeger:2.11.0 at: /lib/apk/db/installed"
"qubership-jaeger","grype","jaegertracing/jaeger:2.11.0","CVE-2025-61723","HIGH","stdlib","go1.25.1","1.24.8,1.25.2","A high vulnerability in go-module package: stdlib, version go1.25.1 was found in image jaegertracing/jaeger:2.11.0 at: /cmd/jaeger/jaeger-linux"
"qubership-jaeger","grype","jaegertracing/jaeger:2.11.0","CVE-2025-61725","HIGH","stdlib","go1.25.1","1.24.8,1.25.2","A high vulnerability in go-module package: stdlib, version go1.25.1 was found in image jaegertracing/jaeger:2.11.0 at: /cmd/jaeger/jaeger-linux"
"qubership-jaeger","grype","jaegertracing/jaeger:2.11.0","CVE-2025-61726","HIGH","stdlib","go1.25.1","1.24.12,1.25.6","A high vulnerability in go-module package: stdlib, version go1.25.1 was found in image jaegertracing/jaeger:2.11.0 at: /cmd/jaeger/jaeger-linux"
"qubership-jaeger","grype","jaegertracing/jaeger:2.11.0","CVE-2025-9230","HIGH","libcrypto3","3.5.1-r0","3.5.4-r0","A high vulnerability in apk package: libcrypto3, version 3.5.1-r0 was found in image jaegertracing/jaeger:2.11.0 at: /lib/apk/db/installed"
"qubership-jaeger","grype","jaegertracing/jaeger:2.11.0","CVE-2025-9230","HIGH","libssl3","3.5.1-r0","3.5.4-r0","A high vulnerability in apk package: libssl3, version 3.5.1-r0 was found in image jaegertracing/jaeger:2.11.0 at: /lib/apk/db/installed"
"qubership-jaeger","grype","jaegertracing/jaeger:2.11.0","CVE-2025-68121","CRITICAL","stdlib","go1.25.1","1.24.13,1.25.7,1.26.0-rc.3","A critical vulnerability in go-module package: stdlib, version go1.25.1 was found in image jaegertracing/jaeger:2.11.0 at: /cmd/jaeger/jaeger-linux"
"qubership-jaeger","grype","jaegertracing/jaeger:2.11.0","CVE-2025-58188","HIGH","stdlib","go1.25.1","1.24.8,1.25.2","A high vulnerability in go-module package: stdlib, version go1.25.1 was found in image jaegertracing/jaeger:2.11.0 at: /cmd/jaeger/jaeger-linux"
"qubership-jaeger","grype","jaegertracing/jaeger:2.11.0","CVE-2025-58187","HIGH","stdlib","go1.25.1","1.24.9,1.25.3","A high vulnerability in go-module package: stdlib, version go1.25.1 was found in image jaegertracing/jaeger:2.11.0 at: /cmd/jaeger/jaeger-linux"
"qubership-jaeger","grype","jaegertracing/jaeger:2.11.0","CVE-2025-61729","HIGH","stdlib","go1.25.1","1.24.11,1.25.5","A high vulnerability in go-module package: stdlib, version go1.25.1 was found in image jaegertracing/jaeger:2.11.0 at: /cmd/jaeger/jaeger-linux"
"qubership-jaeger","grype","jaegertracing/jaeger:2.11.0","CVE-2025-68119","HIGH","stdlib","go1.25.1","1.25.6","A high vulnerability in go-module package: stdlib, version go1.25.1 was found in image jaegertracing/jaeger:2.11.0 at: /cmd/jaeger/jaeger-linux"
"qubership-jaeger","grype","jaegertracing/jaeger:2.11.0","CVE-2025-61731","HIGH","stdlib","go1.25.1","1.24.12,1.25.6","A high vulnerability in go-module package: stdlib, version go1.25.1 was found in image jaegertracing/jaeger:2.11.0 at: /cmd/jaeger/jaeger-linux"
"qubership-jaeger","grype","jaegertracing/jaeger:2.11.0","CVE-2025-61732","HIGH","stdlib","go1.25.1","1.24.13,1.25.7","A high vulnerability in go-module package: stdlib, version go1.25.1 was found in image jaegertracing/jaeger:2.11.0 at: /cmd/jaeger/jaeger-linux"
"qubership-jaeger","grype","jaegertracing/jaeger:2.11.0","GHSA-9h8m-3fm2-qjrq","HIGH","go.opentelemetry.io/otel/sdk","v1.37.0","1.40.0","A high vulnerability in go-module package: go.opentelemetry.io/otel/sdk, version v1.37.0 was found in image jaegertracing/jaeger:2.11.0 at: /cmd/jaeger/jaeger-linux"
"qubership-jaeger","grype","jaegertracing/jaeger-cassandra-schema:1.74.0","CVE-2023-44487","HIGH","stdlib","go1.18.2","1.20.10,1.21.3","A high vulnerability in go-module package: stdlib, version go1.18.2 was found in image jaegertracing/jaeger-cassandra-schema:1.74.0 at: /usr/local/bin/gosu"
"qubership-jaeger","grype","jaegertracing/jaeger-cassandra-schema:1.74.0","GHSA-mjmj-j48q-9wg2","HIGH","snakeyaml","1.26","2.0","A high vulnerability in java-archive package: snakeyaml, version 1.26 was found in image jaegertracing/jaeger-cassandra-schema:1.74.0 at: /opt/cassandra/lib/snakeyaml-1.26.jar"
"qubership-jaeger","grype","jaegertracing/jaeger-cassandra-schema:1.74.0","CVE-2023-45288","HIGH","stdlib","go1.18.2","1.21.9,1.22.2","A high vulnerability in go-module package: stdlib, version go1.18.2 was found in image jaegertracing/jaeger-cassandra-schema:1.74.0 at: /usr/local/bin/gosu"
"qubership-jaeger","grype","jaegertracing/jaeger-cassandra-schema:1.74.0","CVE-2024-24784","HIGH","stdlib","go1.18.2","1.21.8,1.22.1","A high vulnerability in go-module package: stdlib, version go1.18.2 was found in image jaegertracing/jaeger-cassandra-schema:1.74.0 at: /usr/local/bin/gosu"
"qubership-jaeger","grype","jaegertracing/jaeger-cassandra-schema:1.74.0","CVE-2023-24538","CRITICAL","stdlib","go1.18.2","1.19.8,1.20.3","A critical vulnerability in go-module package: stdlib, version go1.18.2 was found in image jaegertracing/jaeger-cassandra-schema:1.74.0 at: /usr/local/bin/gosu"
"qubership-jaeger","grype","jaegertracing/jaeger-cassandra-schema:1.74.0","CVE-2024-24791","HIGH","stdlib","go1.18.2","1.21.12,1.22.5","A high vulnerability in go-module package: stdlib, version go1.18.2 was found in image jaegertracing/jaeger-cassandra-schema:1.74.0 at: /usr/local/bin/gosu"
"qubership-jaeger","grype","jaegertracing/jaeger-cassandra-schema:1.74.0","CVE-2023-24531","CRITICAL","stdlib","go1.18.2","1.21.0-0","A critical vulnerability in go-module package: stdlib, version go1.18.2 was found in image jaegertracing/jaeger-cassandra-schema:1.74.0 at: /usr/local/bin/gosu"
"qubership-jaeger","grype","jaegertracing/jaeger-cassandra-schema:1.74.0","GHSA-vmq6-5m68-f53m","HIGH","logback-classic","1.2.12","1.2.13","A high vulnerability in java-archive package: logback-classic, version 1.2.12 was found in image jaegertracing/jaeger-cassandra-schema:1.74.0 at: /opt/cassandra/lib/logback-classic-1.2.12.jar"
"qubership-jaeger","grype","jaegertracing/jaeger-cassandra-schema:1.74.0","GHSA-vmq6-5m68-f53m","HIGH","logback-core","1.2.12","1.2.13","A high vulnerability in java-archive package: logback-core, version 1.2.12 was found in image jaegertracing/jaeger-cassandra-schema:1.74.0 at: /opt/cassandra/lib/logback-core-1.2.12.jar"
"qubership-jaeger","grype","jaegertracing/jaeger-cassandra-schema:1.74.0","CVE-2025-15467","CRITICAL","libssl3","3.0.2-0ubuntu1.19","3.0.2-0ubuntu1.21","A medium vulnerability in deb package: libssl3, version 3.0.2-0ubuntu1.19 was found in image jaegertracing/jaeger-cassandra-schema:1.74.0 at: /var/lib/dpkg/status"
"qubership-jaeger","grype","jaegertracing/jaeger-cassandra-schema:1.74.0","CVE-2025-15467","CRITICAL","openssl","3.0.2-0ubuntu1.19","3.0.2-0ubuntu1.21","A medium vulnerability in deb package: openssl, version 3.0.2-0ubuntu1.19 was found in image jaegertracing/jaeger-cassandra-schema:1.74.0 at: /var/lib/dpkg/status"
"qubership-jaeger","grype","jaegertracing/jaeger-cassandra-schema:1.74.0","CVE-2023-29405","CRITICAL","stdlib","go1.18.2","1.19.10,1.20.5","A critical vulnerability in go-module package: stdlib, version go1.18.2 was found in image jaegertracing/jaeger-cassandra-schema:1.74.0 at: /usr/local/bin/gosu"
"qubership-jaeger","grype","jaegertracing/jaeger-cassandra-schema:1.74.0","GHSA-3mc7-4q67-w48m","HIGH","snakeyaml","1.26","1.31","A high vulnerability in java-archive package: snakeyaml, version 1.26 was found in image jaegertracing/jaeger-cassandra-schema:1.74.0 at: /opt/cassandra/lib/snakeyaml-1.26.jar"
"qubership-jaeger","grype","jaegertracing/jaeger-cassandra-schema:1.74.0","GHSA-jjjh-jjxp-wpff","HIGH","jackson-databind","2.13.2.2","2.13.4.2","A high vulnerability in java-archive package: jackson-databind, version 2.13.2.2 was found in image jaegertracing/jaeger-cassandra-schema:1.74.0 at: /opt/cassandra/lib/jackson-databind-2.13.2.2.jar"
"qubership-jaeger","grype","jaegertracing/jaeger-cassandra-schema:1.74.0","CVE-2023-24540","CRITICAL","stdlib","go1.18.2","1.19.9,1.20.4","A critical vulnerability in go-module package: stdlib, version go1.18.2 was found in image jaegertracing/jaeger-cassandra-schema:1.74.0 at: /usr/local/bin/gosu"
"qubership-jaeger","grype","jaegertracing/jaeger-cassandra-schema:1.74.0","CVE-2024-34156","HIGH","stdlib","go1.18.2","1.22.7,1.23.1","A high vulnerability in go-module package: stdlib, version go1.18.2 was found in image jaegertracing/jaeger-cassandra-schema:1.74.0 at: /usr/local/bin/gosu"
"qubership-jaeger","grype","jaegertracing/jaeger-cassandra-schema:1.74.0","GHSA-rgv9-q543-rqg4","HIGH","jackson-databind","2.13.2.2","2.13.4","A high vulnerability in java-archive package: jackson-databind, version 2.13.2.2 was found in image jaegertracing/jaeger-cassandra-schema:1.74.0 at: /opt/cassandra/lib/jackson-databind-2.13.2.2.jar"
"qubership-jaeger","grype","jaegertracing/jaeger-cassandra-schema:1.74.0","GHSA-gm62-rw4g-vrc4","HIGH","logback-core","1.2.12","1.2.13","A high vulnerability in java-archive package: logback-core, version 1.2.12 was found in image jaegertracing/jaeger-cassandra-schema:1.74.0 at: /opt/cassandra/lib/logback-core-1.2.12.jar"
"qubership-jaeger","grype","jaegertracing/jaeger-cassandra-schema:1.74.0","CVE-2025-22871","CRITICAL","stdlib","go1.18.2","1.23.8,1.24.2","A critical vulnerability in go-module package: stdlib, version go1.18.2 was found in image jaegertracing/jaeger-cassandra-schema:1.74.0 at: /usr/local/bin/gosu"
"qubership-jaeger","grype","jaegertracing/jaeger-cassandra-schema:1.74.0","CVE-2022-41723","HIGH","stdlib","go1.18.2","1.19.6","A high vulnerability in go-module package: stdlib, version go1.18.2 was found in image jaegertracing/jaeger-cassandra-schema:1.74.0 at: /usr/local/bin/gosu"
"qubership-jaeger","grype","jaegertracing/jaeger-cassandra-schema:1.74.0","CVE-2023-45287","HIGH","stdlib","go1.18.2","1.20.0","A high vulnerability in go-module package: stdlib, version go1.18.2 was found in image jaegertracing/jaeger-cassandra-schema:1.74.0 at: /usr/local/bin/gosu"
"qubership-jaeger","grype","jaegertracing/jaeger-cassandra-schema:1.74.0","CVE-2024-34158","HIGH","stdlib","go1.18.2","1.22.7,1.23.1","A high vulnerability in go-module package: stdlib, version go1.18.2 was found in image jaegertracing/jaeger-cassandra-schema:1.74.0 at: /usr/local/bin/gosu"
"qubership-jaeger","grype","jaegertracing/jaeger-cassandra-schema:1.74.0","CVE-2023-29402","CRITICAL","stdlib","go1.18.2","1.19.10,1.20.5","A critical vulnerability in go-module package: stdlib, version go1.18.2 was found in image jaegertracing/jaeger-cassandra-schema:1.74.0 at: /usr/local/bin/gosu"
"qubership-jaeger","grype","jaegertracing/jaeger-cassandra-schema:1.74.0","CVE-2021-46848","CRITICAL","libtasn1-6","4.18.0-4ubuntu0.1","4.18.0-4ubuntu0.2","A low vulnerability in deb package: libtasn1-6, version 4.18.0-4ubuntu0.1 was found in image jaegertracing/jaeger-cassandra-schema:1.74.0 at: /var/lib/dpkg/status"
"qubership-jaeger","grype","jaegertracing/jaeger-cassandra-schema:1.74.0","CVE-2025-53066","HIGH","openjdk","17.0.16+8","1.8.0_472,8.0.472,11.0.29,17.0.17,21.0.9,25.0.1","A high vulnerability in binary package: openjdk, version 17.0.16+8 was found in image jaegertracing/jaeger-cassandra-schema:1.74.0 at: /opt/java/openjdk/release"
"qubership-jaeger","grype","jaegertracing/jaeger-cassandra-schema:1.74.0","CVE-2022-32189","HIGH","stdlib","go1.18.2","1.17.13,1.18.5","A high vulnerability in go-module package: stdlib, version go1.18.2 was found in image jaegertracing/jaeger-cassandra-schema:1.74.0 at: /usr/local/bin/gosu"
"qubership-jaeger","grype","jaegertracing/jaeger-cassandra-schema:1.74.0","CVE-2025-8194","HIGH","libpython3.10-minimal","3.10.12-1~22.04.10","3.10.12-1~22.04.11","A medium vulnerability in deb package: libpython3.10-minimal, version 3.10.12-1~22.04.10 was found in image jaegertracing/jaeger-cassandra-schema:1.74.0 at: /var/lib/dpkg/status"
"qubership-jaeger","grype","jaegertracing/jaeger-cassandra-schema:1.74.0","CVE-2025-8194","HIGH","libpython3.10-stdlib","3.10.12-1~22.04.10","3.10.12-1~22.04.11","A medium vulnerability in deb package: libpython3.10-stdlib, version 3.10.12-1~22.04.10 was found in image jaegertracing/jaeger-cassandra-schema:1.74.0 at: /var/lib/dpkg/status"
"qubership-jaeger","grype","jaegertracing/jaeger-cassandra-schema:1.74.0","CVE-2025-8194","HIGH","python3.10","3.10.12-1~22.04.10","3.10.12-1~22.04.11","A medium vulnerability in deb package: python3.10, version 3.10.12-1~22.04.10 was found in image jaegertracing/jaeger-cassandra-schema:1.74.0 at: /var/lib/dpkg/status"
"qubership-jaeger","grype","jaegertracing/jaeger-cassandra-schema:1.74.0","CVE-2025-8194","HIGH","python3.10-minimal","3.10.12-1~22.04.10","3.10.12-1~22.04.11","A medium vulnerability in deb package: python3.10-minimal, version 3.10.12-1~22.04.10 was found in image jaegertracing/jaeger-cassandra-schema:1.74.0 at: /var/lib/dpkg/status"
"qubership-jaeger","grype","jaegertracing/jaeger-cassandra-schema:1.74.0","CVE-2023-29404","CRITICAL","stdlib","go1.18.2","1.19.10,1.20.5","A critical vulnerability in go-module package: stdlib, version go1.18.2 was found in image jaegertracing/jaeger-cassandra-schema:1.74.0 at: /usr/local/bin/gosu"
"qubership-jaeger","grype","jaegertracing/jaeger-cassandra-schema:1.74.0","CVE-2024-24790","CRITICAL","stdlib","go1.18.2","1.21.11,1.22.4","A critical vulnerability in go-module package: stdlib, version go1.18.2 was found in image jaegertracing/jaeger-cassandra-schema:1.74.0 at: /usr/local/bin/gosu"
"qubership-jaeger","grype","jaegertracing/jaeger-cassandra-schema:1.74.0","CVE-2025-13836","HIGH","libpython3.10-minimal","3.10.12-1~22.04.10","3.10.12-1~22.04.13","A medium vulnerability in deb package: libpython3.10-minimal, version 3.10.12-1~22.04.10 was found in image jaegertracing/jaeger-cassandra-schema:1.74.0 at: /var/lib/dpkg/status"
"qubership-jaeger","grype","jaegertracing/jaeger-cassandra-schema:1.74.0","CVE-2025-13836","HIGH","libpython3.10-stdlib","3.10.12-1~22.04.10","3.10.12-1~22.04.13","A medium vulnerability in deb package: libpython3.10-stdlib, version 3.10.12-1~22.04.10 was found in image jaegertracing/jaeger-cassandra-schema:1.74.0 at: /var/lib/dpkg/status"
"qubership-jaeger","grype","jaegertracing/jaeger-cassandra-schema:1.74.0","CVE-2025-13836","HIGH","python3.10","3.10.12-1~22.04.10","3.10.12-1~22.04.13","A medium vulnerability in deb package: python3.10, version 3.10.12-1~22.04.10 was found in image jaegertracing/jaeger-cassandra-schema:1.74.0 at: /var/lib/dpkg/status"
"qubership-jaeger","grype","jaegertracing/jaeger-cassandra-schema:1.74.0","CVE-2025-13836","HIGH","python3.10-minimal","3.10.12-1~22.04.10","3.10.12-1~22.04.13","A medium vulnerability in deb package: python3.10-minimal, version 3.10.12-1~22.04.10 was found in image jaegertracing/jaeger-cassandra-schema:1.74.0 at: /var/lib/dpkg/status"
"qubership-jaeger","grype","jaegertracing/jaeger-cassandra-schema:1.74.0","CVE-2022-30635","HIGH","stdlib","go1.18.2","1.17.12,1.18.4","A high vulnerability in go-module package: stdlib, version go1.18.2 was found in image jaegertracing/jaeger-cassandra-schema:1.74.0 at: /usr/local/bin/gosu"
"qubership-jaeger","grype","jaegertracing/jaeger-cassandra-schema:1.74.0","CVE-2022-30632","HIGH","stdlib","go1.18.2","1.17.12,1.18.4","A high vulnerability in go-module package: stdlib, version go1.18.2 was found in image jaegertracing/jaeger-cassandra-schema:1.74.0 at: /usr/local/bin/gosu"
"qubership-jaeger","grype","jaegertracing/jaeger-cassandra-schema:1.74.0","CVE-2022-30633","HIGH","stdlib","go1.18.2","1.17.12,1.18.4","A high vulnerability in go-module package: stdlib, version go1.18.2 was found in image jaegertracing/jaeger-cassandra-schema:1.74.0 at: /usr/local/bin/gosu"
"qubership-jaeger","grype","jaegertracing/jaeger-cassandra-schema:1.74.0","CVE-2022-27664","HIGH","stdlib","go1.18.2","1.18.6","A high vulnerability in go-module package: stdlib, version go1.18.2 was found in image jaegertracing/jaeger-cassandra-schema:1.74.0 at: /usr/local/bin/gosu"
"qubership-jaeger","grype","jaegertracing/jaeger-cassandra-schema:1.74.0","CVE-2023-24536","HIGH","stdlib","go1.18.2","1.19.8,1.20.3","A high vulnerability in go-module package: stdlib, version go1.18.2 was found in image jaegertracing/jaeger-cassandra-schema:1.74.0 at: /usr/local/bin/gosu"
"qubership-jaeger","grype","jaegertracing/jaeger-cassandra-schema:1.74.0","CVE-2023-24539","HIGH","stdlib","go1.18.2","1.19.9,1.20.4","A high vulnerability in go-module package: stdlib, version go1.18.2 was found in image jaegertracing/jaeger-cassandra-schema:1.74.0 at: /usr/local/bin/gosu"
"qubership-jaeger","grype","jaegertracing/jaeger-cassandra-schema:1.74.0","CVE-2023-39323","HIGH","stdlib","go1.18.2","1.20.9,1.21.2","A high vulnerability in go-module package: stdlib, version go1.18.2 was found in image jaegertracing/jaeger-cassandra-schema:1.74.0 at: /usr/local/bin/gosu"
"qubership-jaeger","grype","jaegertracing/jaeger-cassandra-schema:1.74.0","CVE-2022-30580","HIGH","stdlib","go1.18.2","1.17.11,1.18.3","A high vulnerability in go-module package: stdlib, version go1.18.2 was found in image jaegertracing/jaeger-cassandra-schema:1.74.0 at: /usr/local/bin/gosu"
"qubership-jaeger","grype","jaegertracing/jaeger-cassandra-schema:1.74.0","CVE-2022-41725","HIGH","stdlib","go1.18.2","1.19.6","A high vulnerability in go-module package: stdlib, version go1.18.2 was found in image jaegertracing/jaeger-cassandra-schema:1.74.0 at: /usr/local/bin/gosu"
"qubership-jaeger","grype","jaegertracing/jaeger-cassandra-schema:1.74.0","CVE-2023-45285","HIGH","stdlib","go1.18.2","1.20.12,1.21.5","A high vulnerability in go-module package: stdlib, version go1.18.2 was found in image jaegertracing/jaeger-cassandra-schema:1.74.0 at: /usr/local/bin/gosu"
"qubership-jaeger","grype","jaegertracing/jaeger-cassandra-schema:1.74.0","CVE-2025-66293","HIGH","libpng16-16","1.6.37-3build5","1.6.37-3ubuntu0.3","A medium vulnerability in deb package: libpng16-16, version 1.6.37-3build5 was found in image jaegertracing/jaeger-cassandra-schema:1.74.0 at: /var/lib/dpkg/status"
"qubership-jaeger","grype","jaegertracing/jaeger-cassandra-schema:1.74.0","CVE-2025-6297","HIGH","dpkg","1.21.1ubuntu2.3","1.21.1ubuntu2.6","A low vulnerability in deb package: dpkg, version 1.21.1ubuntu2.3 was found in image jaegertracing/jaeger-cassandra-schema:1.74.0 at: /var/lib/dpkg/status"
"qubership-jaeger","grype","jaegertracing/jaeger-cassandra-schema:1.74.0","CVE-2026-21945","HIGH","openjdk","17.0.16+8","1.8.0_482,8.0.482,11.0.30,17.0.18,21.0.10,25.0.2","A high vulnerability in binary package: openjdk, version 17.0.16+8 was found in image jaegertracing/jaeger-cassandra-schema:1.74.0 at: /opt/java/openjdk/release"
"qubership-jaeger","grype","jaegertracing/jaeger-cassandra-schema:1.74.0","CVE-2023-24534","HIGH","stdlib","go1.18.2","1.19.8,1.20.3","A high vulnerability in go-module package: stdlib, version go1.18.2 was found in image jaegertracing/jaeger-cassandra-schema:1.74.0 at: /usr/local/bin/gosu"
"qubership-jaeger","grype","jaegertracing/jaeger-cassandra-schema:1.74.0","CVE-2023-29400","HIGH","stdlib","go1.18.2","1.19.9,1.20.4","A high vulnerability in go-module package: stdlib, version go1.18.2 was found in image jaegertracing/jaeger-cassandra-schema:1.74.0 at: /usr/local/bin/gosu"
"qubership-jaeger","grype","jaegertracing/jaeger-cassandra-schema:1.74.0","CVE-2025-64720","HIGH","libpng16-16","1.6.37-3build5","1.6.37-3ubuntu0.1","A medium vulnerability in deb package: libpng16-16, version 1.6.37-3build5 was found in image jaegertracing/jaeger-cassandra-schema:1.74.0 at: /var/lib/dpkg/status"
"qubership-jaeger","grype","jaegertracing/jaeger-cassandra-schema:1.74.0","CVE-2022-30631","HIGH","stdlib","go1.18.2","1.17.12,1.18.4","A high vulnerability in go-module package: stdlib, version go1.18.2 was found in image jaegertracing/jaeger-cassandra-schema:1.74.0 at: /usr/local/bin/gosu"
"qubership-jaeger","grype","jaegertracing/jaeger-cassandra-schema:1.74.0","CVE-2026-25646","HIGH","libpng16-16","1.6.37-3build5","1.6.37-3ubuntu0.4","A medium vulnerability in deb package: libpng16-16, version 1.6.37-3build5 was found in image jaegertracing/jaeger-cassandra-schema:1.74.0 at: /var/lib/dpkg/status"
"qubership-jaeger","grype","jaegertracing/jaeger-cassandra-schema:1.74.0","CVE-2025-13151","HIGH","libtasn1-6","4.18.0-4ubuntu0.1","4.18.0-4ubuntu0.2","A medium vulnerability in deb package: libtasn1-6, version 4.18.0-4ubuntu0.1 was found in image jaegertracing/jaeger-cassandra-schema:1.74.0 at: /var/lib/dpkg/status"
"qubership-jaeger","grype","jaegertracing/jaeger-cassandra-schema:1.74.0","CVE-2025-61723","HIGH","stdlib","go1.18.2","1.24.8,1.25.2","A high vulnerability in go-module package: stdlib, version go1.18.2 was found in image jaegertracing/jaeger-cassandra-schema:1.74.0 at: /usr/local/bin/gosu"
"qubership-jaeger","grype","jaegertracing/jaeger-cassandra-schema:1.74.0","CVE-2022-30630","HIGH","stdlib","go1.18.2","1.17.12,1.18.4","A high vulnerability in go-module package: stdlib, version go1.18.2 was found in image jaegertracing/jaeger-cassandra-schema:1.74.0 at: /usr/local/bin/gosu"
"qubership-jaeger","grype","jaegertracing/jaeger-cassandra-schema:1.74.0","CVE-2025-15281","HIGH","libc-bin","2.35-0ubuntu3.10","2.35-0ubuntu3.13","A medium vulnerability in deb package: libc-bin, version 2.35-0ubuntu3.10 was found in image jaegertracing/jaeger-cassandra-schema:1.74.0 at: /var/lib/dpkg/status"
"qubership-jaeger","grype","jaegertracing/jaeger-cassandra-schema:1.74.0","CVE-2025-15281","HIGH","libc6","2.35-0ubuntu3.10","2.35-0ubuntu3.13","A medium vulnerability in deb package: libc6, version 2.35-0ubuntu3.10 was found in image jaegertracing/jaeger-cassandra-schema:1.74.0 at: /var/lib/dpkg/status"
"qubership-jaeger","grype","jaegertracing/jaeger-cassandra-schema:1.74.0","CVE-2025-15281","HIGH","locales","2.35-0ubuntu3.10","2.35-0ubuntu3.13","A medium vulnerability in deb package: locales, version 2.35-0ubuntu3.10 was found in image jaegertracing/jaeger-cassandra-schema:1.74.0 at: /var/lib/dpkg/status"
"qubership-jaeger","grype","jaegertracing/jaeger-cassandra-schema:1.74.0","GHSA-h46c-h94j-95f3","HIGH","jackson-core","2.13.2","2.15.0","A high vulnerability in java-archive package: jackson-core, version 2.13.2 was found in image jaegertracing/jaeger-cassandra-schema:1.74.0 at: /opt/cassandra/lib/jackson-core-2.13.2.jar"
"qubership-jaeger","grype","jaegertracing/jaeger-cassandra-schema:1.74.0","CVE-2022-2880","HIGH","stdlib","go1.18.2","1.18.7,1.19.2","A high vulnerability in go-module package: stdlib, version go1.18.2 was found in image jaegertracing/jaeger-cassandra-schema:1.74.0 at: /usr/local/bin/gosu"
"qubership-jaeger","grype","jaegertracing/jaeger-cassandra-schema:1.74.0","CVE-2025-61725","HIGH","stdlib","go1.18.2","1.24.8,1.25.2","A high vulnerability in go-module package: stdlib, version go1.18.2 was found in image jaegertracing/jaeger-cassandra-schema:1.74.0 at: /usr/local/bin/gosu"
"qubership-jaeger","grype","jaegertracing/jaeger-cassandra-schema:1.74.0","CVE-2025-69420","HIGH","libssl3","3.0.2-0ubuntu1.19","3.0.2-0ubuntu1.21","A low vulnerability in deb package: libssl3, version 3.0.2-0ubuntu1.19 was found in image jaegertracing/jaeger-cassandra-schema:1.74.0 at: /var/lib/dpkg/status"
"qubership-jaeger","grype","jaegertracing/jaeger-cassandra-schema:1.74.0","CVE-2025-69420","HIGH","openssl","3.0.2-0ubuntu1.19","3.0.2-0ubuntu1.21","A low vulnerability in deb package: openssl, version 3.0.2-0ubuntu1.19 was found in image jaegertracing/jaeger-cassandra-schema:1.74.0 at: /var/lib/dpkg/status"
"qubership-jaeger","grype","jaegertracing/jaeger-cassandra-schema:1.74.0","CVE-2026-21932","HIGH","openjdk","17.0.16+8","1.8.0_482,8.0.482,11.0.30,17.0.18,21.0.10,25.0.2","A high vulnerability in binary package: openjdk, version 17.0.16+8 was found in image jaegertracing/jaeger-cassandra-schema:1.74.0 at: /opt/java/openjdk/release"
"qubership-jaeger","grype","jaegertracing/jaeger-cassandra-schema:1.74.0","CVE-2025-65018","HIGH","libpng16-16","1.6.37-3build5","1.6.37-3ubuntu0.1","A medium vulnerability in deb package: libpng16-16, version 1.6.37-3build5 was found in image jaegertracing/jaeger-cassandra-schema:1.74.0 at: /var/lib/dpkg/status"
"qubership-jaeger","grype","jaegertracing/jaeger-cassandra-schema:1.74.0","CVE-2025-61726","HIGH","stdlib","go1.18.2","1.24.12,1.25.6","A high vulnerability in go-module package: stdlib, version go1.18.2 was found in image jaegertracing/jaeger-cassandra-schema:1.74.0 at: /usr/local/bin/gosu"
"qubership-jaeger","grype","jaegertracing/jaeger-cassandra-schema:1.74.0","CVE-2025-69421","HIGH","libssl3","3.0.2-0ubuntu1.19","3.0.2-0ubuntu1.21","A low vulnerability in deb package: libssl3, version 3.0.2-0ubuntu1.19 was found in image jaegertracing/jaeger-cassandra-schema:1.74.0 at: /var/lib/dpkg/status"
"qubership-jaeger","grype","jaegertracing/jaeger-cassandra-schema:1.74.0","CVE-2025-69421","HIGH","openssl","3.0.2-0ubuntu1.19","3.0.2-0ubuntu1.21","A low vulnerability in deb package: openssl, version 3.0.2-0ubuntu1.19 was found in image jaegertracing/jaeger-cassandra-schema:1.74.0 at: /var/lib/dpkg/status"
"qubership-jaeger","grype","jaegertracing/jaeger-cassandra-schema:1.74.0","CVE-2025-69419","HIGH","libssl3","3.0.2-0ubuntu1.19","3.0.2-0ubuntu1.21","A low vulnerability in deb package: libssl3, version 3.0.2-0ubuntu1.19 was found in image jaegertracing/jaeger-cassandra-schema:1.74.0 at: /var/lib/dpkg/status"
"qubership-jaeger","grype","jaegertracing/jaeger-cassandra-schema:1.74.0","CVE-2025-69419","HIGH","openssl","3.0.2-0ubuntu1.19","3.0.2-0ubuntu1.21","A low vulnerability in deb package: openssl, version 3.0.2-0ubuntu1.19 was found in image jaegertracing/jaeger-cassandra-schema:1.74.0 at: /var/lib/dpkg/status"
"qubership-jaeger","grype","jaegertracing/jaeger-cassandra-schema:1.74.0","CVE-2026-22695","HIGH","libpng16-16","1.6.37-3build5","1.6.37-3ubuntu0.3","A medium vulnerability in deb package: libpng16-16, version 1.6.37-3build5 was found in image jaegertracing/jaeger-cassandra-schema:1.74.0 at: /var/lib/dpkg/status"
"qubership-jaeger","grype","jaegertracing/jaeger-cassandra-schema:1.74.0","CVE-2025-68121","CRITICAL","stdlib","go1.18.2","1.24.13,1.25.7,1.26.0-rc.3","A critical vulnerability in go-module package: stdlib, version go1.18.2 was found in image jaegertracing/jaeger-cassandra-schema:1.74.0 at: /usr/local/bin/gosu"
"qubership-jaeger","grype","jaegertracing/jaeger-cassandra-schema:1.74.0","CVE-2025-58188","HIGH","stdlib","go1.18.2","1.24.8,1.25.2","A high vulnerability in go-module package: stdlib, version go1.18.2 was found in image jaegertracing/jaeger-cassandra-schema:1.74.0 at: /usr/local/bin/gosu"
"qubership-jaeger","grype","jaegertracing/jaeger-cassandra-schema:1.74.0","CVE-2025-58187","HIGH","stdlib","go1.18.2","1.24.9,1.25.3","A high vulnerability in go-module package: stdlib, version go1.18.2 was found in image jaegertracing/jaeger-cassandra-schema:1.74.0 at: /usr/local/bin/gosu"
"qubership-jaeger","grype","jaegertracing/jaeger-cassandra-schema:1.74.0","CVE-2025-61729","HIGH","stdlib","go1.18.2","1.24.11,1.25.5","A high vulnerability in go-module package: stdlib, version go1.18.2 was found in image jaegertracing/jaeger-cassandra-schema:1.74.0 at: /usr/local/bin/gosu"
"qubership-jaeger","grype","jaegertracing/jaeger-cassandra-schema:1.74.0","CVE-2022-41715","HIGH","stdlib","go1.18.2","1.18.7,1.19.2","A high vulnerability in go-module package: stdlib, version go1.18.2 was found in image jaegertracing/jaeger-cassandra-schema:1.74.0 at: /usr/local/bin/gosu"
"qubership-jaeger","grype","jaegertracing/jaeger-cassandra-schema:1.74.0","CVE-2022-2879","HIGH","stdlib","go1.18.2","1.18.7,1.19.2","A high vulnerability in go-module package: stdlib, version go1.18.2 was found in image jaegertracing/jaeger-cassandra-schema:1.74.0 at: /usr/local/bin/gosu"
"qubership-jaeger","grype","jaegertracing/jaeger-cassandra-schema:1.74.0","CVE-2025-68973","HIGH","dirmngr","2.2.27-3ubuntu2.4","2.2.27-3ubuntu2.5","A high vulnerability in deb package: dirmngr, version 2.2.27-3ubuntu2.4 was found in image jaegertracing/jaeger-cassandra-schema:1.74.0 at: /var/lib/dpkg/status"
"qubership-jaeger","grype","jaegertracing/jaeger-cassandra-schema:1.74.0","CVE-2025-68973","HIGH","gnupg","2.2.27-3ubuntu2.4","2.2.27-3ubuntu2.5","A high vulnerability in deb package: gnupg, version 2.2.27-3ubuntu2.4 was found in image jaegertracing/jaeger-cassandra-schema:1.74.0 at: /var/lib/dpkg/status"
"qubership-jaeger","grype","jaegertracing/jaeger-cassandra-schema:1.74.0","CVE-2025-68973","HIGH","gnupg-l10n","2.2.27-3ubuntu2.4","2.2.27-3ubuntu2.5","A high vulnerability in deb package: gnupg-l10n, version 2.2.27-3ubuntu2.4 was found in image jaegertracing/jaeger-cassandra-schema:1.74.0 at: /var/lib/dpkg/status"
"qubership-jaeger","grype","jaegertracing/jaeger-cassandra-schema:1.74.0","CVE-2025-68973","HIGH","gnupg-utils","2.2.27-3ubuntu2.4","2.2.27-3ubuntu2.5","A high vulnerability in deb package: gnupg-utils, version 2.2.27-3ubuntu2.4 was found in image jaegertracing/jaeger-cassandra-schema:1.74.0 at: /var/lib/dpkg/status"
"qubership-jaeger","grype","jaegertracing/jaeger-cassandra-schema:1.74.0","CVE-2025-68973","HIGH","gpg","2.2.27-3ubuntu2.4","2.2.27-3ubuntu2.5","A high vulnerability in deb package: gpg, version 2.2.27-3ubuntu2.4 was found in image jaegertracing/jaeger-cassandra-schema:1.74.0 at: /var/lib/dpkg/status"
"qubership-jaeger","grype","jaegertracing/jaeger-cassandra-schema:1.74.0","CVE-2025-68973","HIGH","gpg-agent","2.2.27-3ubuntu2.4","2.2.27-3ubuntu2.5","A high vulnerability in deb package: gpg-agent, version 2.2.27-3ubuntu2.4 was found in image jaegertracing/jaeger-cassandra-schema:1.74.0 at: /var/lib/dpkg/status"
"qubership-jaeger","grype","jaegertracing/jaeger-cassandra-schema:1.74.0","CVE-2025-68973","HIGH","gpg-wks-client","2.2.27-3ubuntu2.4","2.2.27-3ubuntu2.5","A high vulnerability in deb package: gpg-wks-client, version 2.2.27-3ubuntu2.4 was found in image jaegertracing/jaeger-cassandra-schema:1.74.0 at: /var/lib/dpkg/status"
"qubership-jaeger","grype","jaegertracing/jaeger-cassandra-schema:1.74.0","CVE-2025-68973","HIGH","gpg-wks-server","2.2.27-3ubuntu2.4","2.2.27-3ubuntu2.5","A high vulnerability in deb package: gpg-wks-server, version 2.2.27-3ubuntu2.4 was found in image jaegertracing/jaeger-cassandra-schema:1.74.0 at: /var/lib/dpkg/status"
"qubership-jaeger","grype","jaegertracing/jaeger-cassandra-schema:1.74.0","CVE-2025-68973","HIGH","gpgconf","2.2.27-3ubuntu2.4","2.2.27-3ubuntu2.5","A high vulnerability in deb package: gpgconf, version 2.2.27-3ubuntu2.4 was found in image jaegertracing/jaeger-cassandra-schema:1.74.0 at: /var/lib/dpkg/status"
"qubership-jaeger","grype","jaegertracing/jaeger-cassandra-schema:1.74.0","CVE-2025-68973","HIGH","gpgsm","2.2.27-3ubuntu2.4","2.2.27-3ubuntu2.5","A high vulnerability in deb package: gpgsm, version 2.2.27-3ubuntu2.4 was found in image jaegertracing/jaeger-cassandra-schema:1.74.0 at: /var/lib/dpkg/status"
"qubership-jaeger","grype","jaegertracing/jaeger-cassandra-schema:1.74.0","CVE-2025-68973","HIGH","gpgv","2.2.27-3ubuntu2.4","2.2.27-3ubuntu2.5","A high vulnerability in deb package: gpgv, version 2.2.27-3ubuntu2.4 was found in image jaegertracing/jaeger-cassandra-schema:1.74.0 at: /var/lib/dpkg/status"
"qubership-jaeger","grype","jaegertracing/jaeger-cassandra-schema:1.74.0","CVE-2022-28131","HIGH","stdlib","go1.18.2","1.17.12,1.18.4","A high vulnerability in go-module package: stdlib, version go1.18.2 was found in image jaegertracing/jaeger-cassandra-schema:1.74.0 at: /usr/local/bin/gosu"
"qubership-jaeger","grype","jaegertracing/jaeger-cassandra-schema:1.74.0","CVE-2022-41724","HIGH","stdlib","go1.18.2","1.19.6","A high vulnerability in go-module package: stdlib, version go1.18.2 was found in image jaegertracing/jaeger-cassandra-schema:1.74.0 at: /usr/local/bin/gosu"
"qubership-jaeger","grype","jaegertracing/jaeger-cassandra-schema:1.74.0","CVE-2025-9230","HIGH","libssl3","3.0.2-0ubuntu1.19","3.0.2-0ubuntu1.20","A medium vulnerability in deb package: libssl3, version 3.0.2-0ubuntu1.19 was found in image jaegertracing/jaeger-cassandra-schema:1.74.0 at: /var/lib/dpkg/status"
"qubership-jaeger","grype","jaegertracing/jaeger-cassandra-schema:1.74.0","CVE-2025-9230","HIGH","openssl","3.0.2-0ubuntu1.19","3.0.2-0ubuntu1.20","A medium vulnerability in deb package: openssl, version 3.0.2-0ubuntu1.19 was found in image jaegertracing/jaeger-cassandra-schema:1.74.0 at: /var/lib/dpkg/status"
"qubership-jaeger","grype","jaegertracing/jaeger-cassandra-schema:1.74.0","CVE-2023-24537","HIGH","stdlib","go1.18.2","1.19.8,1.20.3","A high vulnerability in go-module package: stdlib, version go1.18.2 was found in image jaegertracing/jaeger-cassandra-schema:1.74.0 at: /usr/local/bin/gosu"
"qubership-jaeger","grype","jaegertracing/jaeger-cassandra-schema:1.74.0","CVE-2026-0915","HIGH","libc-bin","2.35-0ubuntu3.10","2.35-0ubuntu3.13","A medium vulnerability in deb package: libc-bin, version 2.35-0ubuntu3.10 was found in image jaegertracing/jaeger-cassandra-schema:1.74.0 at: /var/lib/dpkg/status"
"qubership-jaeger","grype","jaegertracing/jaeger-cassandra-schema:1.74.0","CVE-2026-0915","HIGH","libc6","2.35-0ubuntu3.10","2.35-0ubuntu3.13","A medium vulnerability in deb package: libc6, version 2.35-0ubuntu3.10 was found in image jaegertracing/jaeger-cassandra-schema:1.74.0 at: /var/lib/dpkg/status"
"qubership-jaeger","grype","jaegertracing/jaeger-cassandra-schema:1.74.0","CVE-2026-0915","HIGH","locales","2.35-0ubuntu3.10","2.35-0ubuntu3.13","A medium vulnerability in deb package: locales, version 2.35-0ubuntu3.10 was found in image jaegertracing/jaeger-cassandra-schema:1.74.0 at: /var/lib/dpkg/status"
"qubership-jaeger","grype","jaegertracing/jaeger-cassandra-schema:1.74.0","CVE-2026-22801","HIGH","libpng16-16","1.6.37-3build5","1.6.37-3ubuntu0.3","A medium vulnerability in deb package: libpng16-16, version 1.6.37-3build5 was found in image jaegertracing/jaeger-cassandra-schema:1.74.0 at: /var/lib/dpkg/status"
"qubership-jaeger","grype","jaegertracing/jaeger-cassandra-schema:1.74.0","CVE-2025-47907","HIGH","stdlib","go1.18.2","1.23.12,1.24.6","A high vulnerability in go-module package: stdlib, version go1.18.2 was found in image jaegertracing/jaeger-cassandra-schema:1.74.0 at: /usr/local/bin/gosu"
"qubership-jaeger","grype","jaegertracing/jaeger-cassandra-schema:1.74.0","CVE-2023-29403","HIGH","stdlib","go1.18.2","1.19.10,1.20.5","A high vulnerability in go-module package: stdlib, version go1.18.2 was found in image jaegertracing/jaeger-cassandra-schema:1.74.0 at: /usr/local/bin/gosu"
"qubership-jaeger","grype","jaegertracing/jaeger-cassandra-schema:1.74.0","CVE-2025-61731","HIGH","stdlib","go1.18.2","1.24.12,1.25.6","A high vulnerability in go-module package: stdlib, version go1.18.2 was found in image jaegertracing/jaeger-cassandra-schema:1.74.0 at: /usr/local/bin/gosu"
"qubership-jaeger","grype","jaegertracing/jaeger-cassandra-schema:1.74.0","CVE-2025-61732","HIGH","stdlib","go1.18.2","1.24.13,1.25.7","A high vulnerability in go-module package: stdlib, version go1.18.2 was found in image jaegertracing/jaeger-cassandra-schema:1.74.0 at: /usr/local/bin/gosu"
"qubership-jaeger","grype","jaegertracing/jaeger-cassandra-schema:1.74.0","CVE-2025-4674","HIGH","stdlib","go1.18.2","1.23.11,1.24.5","A high vulnerability in go-module package: stdlib, version go1.18.2 was found in image jaegertracing/jaeger-cassandra-schema:1.74.0 at: /usr/local/bin/gosu"
"qubership-jaeger","grype","jaegertracing/jaeger-cassandra-schema:1.74.0","CVE-2026-0861","HIGH","libc-bin","2.35-0ubuntu3.10","2.35-0ubuntu3.13","A medium vulnerability in deb package: libc-bin, version 2.35-0ubuntu3.10 was found in image jaegertracing/jaeger-cassandra-schema:1.74.0 at: /var/lib/dpkg/status"
"qubership-jaeger","grype","jaegertracing/jaeger-cassandra-schema:1.74.0","CVE-2026-0861","HIGH","libc6","2.35-0ubuntu3.10","2.35-0ubuntu3.13","A medium vulnerability in deb package: libc6, version 2.35-0ubuntu3.10 was found in image jaegertracing/jaeger-cassandra-schema:1.74.0 at: /var/lib/dpkg/status"
"qubership-jaeger","grype","jaegertracing/jaeger-cassandra-schema:1.74.0","CVE-2026-0861","HIGH","locales","2.35-0ubuntu3.10","2.35-0ubuntu3.13","A medium vulnerability in deb package: locales, version 2.35-0ubuntu3.10 was found in image jaegertracing/jaeger-cassandra-schema:1.74.0 at: /var/lib/dpkg/status"
"qubership-jaeger","grype","jaegertracing/jaeger-es-index-cleaner:1.74.0","CVE-2025-15467","CRITICAL","libcrypto3","3.5.1-r0","3.5.5-r0","A critical vulnerability in apk package: libcrypto3, version 3.5.1-r0 was found in image jaegertracing/jaeger-es-index-cleaner:1.74.0 at: /lib/apk/db/installed"
"qubership-jaeger","grype","jaegertracing/jaeger-es-index-cleaner:1.74.0","CVE-2025-15467","CRITICAL","libssl3","3.5.1-r0","3.5.5-r0","A critical vulnerability in apk package: libssl3, version 3.5.1-r0 was found in image jaegertracing/jaeger-es-index-cleaner:1.74.0 at: /lib/apk/db/installed"
"qubership-jaeger","grype","jaegertracing/jaeger-es-index-cleaner:1.74.0","CVE-2025-69420","HIGH","libcrypto3","3.5.1-r0","3.5.5-r0","A high vulnerability in apk package: libcrypto3, version 3.5.1-r0 was found in image jaegertracing/jaeger-es-index-cleaner:1.74.0 at: /lib/apk/db/installed"
"qubership-jaeger","grype","jaegertracing/jaeger-es-index-cleaner:1.74.0","CVE-2025-69420","HIGH","libssl3","3.5.1-r0","3.5.5-r0","A high vulnerability in apk package: libssl3, version 3.5.1-r0 was found in image jaegertracing/jaeger-es-index-cleaner:1.74.0 at: /lib/apk/db/installed"
"qubership-jaeger","grype","jaegertracing/jaeger-es-index-cleaner:1.74.0","CVE-2025-69421","HIGH","libcrypto3","3.5.1-r0","3.5.5-r0","A high vulnerability in apk package: libcrypto3, version 3.5.1-r0 was found in image jaegertracing/jaeger-es-index-cleaner:1.74.0 at: /lib/apk/db/installed"
"qubership-jaeger","grype","jaegertracing/jaeger-es-index-cleaner:1.74.0","CVE-2025-69421","HIGH","libssl3","3.5.1-r0","3.5.5-r0","A high vulnerability in apk package: libssl3, version 3.5.1-r0 was found in image jaegertracing/jaeger-es-index-cleaner:1.74.0 at: /lib/apk/db/installed"
"qubership-jaeger","grype","jaegertracing/jaeger-es-index-cleaner:1.74.0","CVE-2025-69419","HIGH","libcrypto3","3.5.1-r0","3.5.5-r0","A high vulnerability in apk package: libcrypto3, version 3.5.1-r0 was found in image jaegertracing/jaeger-es-index-cleaner:1.74.0 at: /lib/apk/db/installed"
"qubership-jaeger","grype","jaegertracing/jaeger-es-index-cleaner:1.74.0","CVE-2025-69419","HIGH","libssl3","3.5.1-r0","3.5.5-r0","A high vulnerability in apk package: libssl3, version 3.5.1-r0 was found in image jaegertracing/jaeger-es-index-cleaner:1.74.0 at: /lib/apk/db/installed"
"qubership-jaeger","grype","jaegertracing/jaeger-es-index-cleaner:1.74.0","CVE-2025-61723","HIGH","stdlib","go1.25.1","1.24.8,1.25.2","A high vulnerability in go-module package: stdlib, version go1.25.1 was found in image jaegertracing/jaeger-es-index-cleaner:1.74.0 at: /go/bin/es-index-cleaner-linux"
"qubership-jaeger","grype","jaegertracing/jaeger-es-index-cleaner:1.74.0","CVE-2025-61725","HIGH","stdlib","go1.25.1","1.24.8,1.25.2","A high vulnerability in go-module package: stdlib, version go1.25.1 was found in image jaegertracing/jaeger-es-index-cleaner:1.74.0 at: /go/bin/es-index-cleaner-linux"
"qubership-jaeger","grype","jaegertracing/jaeger-es-index-cleaner:1.74.0","CVE-2025-61726","HIGH","stdlib","go1.25.1","1.24.12,1.25.6","A high vulnerability in go-module package: stdlib, version go1.25.1 was found in image jaegertracing/jaeger-es-index-cleaner:1.74.0 at: /go/bin/es-index-cleaner-linux"
"qubership-jaeger","grype","jaegertracing/jaeger-es-index-cleaner:1.74.0","CVE-2025-9230","HIGH","libcrypto3","3.5.1-r0","3.5.4-r0","A high vulnerability in apk package: libcrypto3, version 3.5.1-r0 was found in image jaegertracing/jaeger-es-index-cleaner:1.74.0 at: /lib/apk/db/installed"
"qubership-jaeger","grype","jaegertracing/jaeger-es-index-cleaner:1.74.0","CVE-2025-9230","HIGH","libssl3","3.5.1-r0","3.5.4-r0","A high vulnerability in apk package: libssl3, version 3.5.1-r0 was found in image jaegertracing/jaeger-es-index-cleaner:1.74.0 at: /lib/apk/db/installed"
"qubership-jaeger","grype","jaegertracing/jaeger-es-index-cleaner:1.74.0","CVE-2025-68121","CRITICAL","stdlib","go1.25.1","1.24.13,1.25.7,1.26.0-rc.3","A critical vulnerability in go-module package: stdlib, version go1.25.1 was found in image jaegertracing/jaeger-es-index-cleaner:1.74.0 at: /go/bin/es-index-cleaner-linux"
"qubership-jaeger","grype","jaegertracing/jaeger-es-index-cleaner:1.74.0","CVE-2025-58188","HIGH","stdlib","go1.25.1","1.24.8,1.25.2","A high vulnerability in go-module package: stdlib, version go1.25.1 was found in image jaegertracing/jaeger-es-index-cleaner:1.74.0 at: /go/bin/es-index-cleaner-linux"
"qubership-jaeger","grype","jaegertracing/jaeger-es-index-cleaner:1.74.0","CVE-2025-58187","HIGH","stdlib","go1.25.1","1.24.9,1.25.3","A high vulnerability in go-module package: stdlib, version go1.25.1 was found in image jaegertracing/jaeger-es-index-cleaner:1.74.0 at: /go/bin/es-index-cleaner-linux"
"qubership-jaeger","grype","jaegertracing/jaeger-es-index-cleaner:1.74.0","CVE-2025-61729","HIGH","stdlib","go1.25.1","1.24.11,1.25.5","A high vulnerability in go-module package: stdlib, version go1.25.1 was found in image jaegertracing/jaeger-es-index-cleaner:1.74.0 at: /go/bin/es-index-cleaner-linux"
"qubership-jaeger","grype","jaegertracing/jaeger-es-index-cleaner:1.74.0","CVE-2025-68119","HIGH","stdlib","go1.25.1","1.25.6","A high vulnerability in go-module package: stdlib, version go1.25.1 was found in image jaegertracing/jaeger-es-index-cleaner:1.74.0 at: /go/bin/es-index-cleaner-linux"
"qubership-jaeger","grype","jaegertracing/jaeger-es-index-cleaner:1.74.0","CVE-2025-61731","HIGH","stdlib","go1.25.1","1.24.12,1.25.6","A high vulnerability in go-module package: stdlib, version go1.25.1 was found in image jaegertracing/jaeger-es-index-cleaner:1.74.0 at: /go/bin/es-index-cleaner-linux"
"qubership-jaeger","grype","jaegertracing/jaeger-es-index-cleaner:1.74.0","CVE-2025-61732","HIGH","stdlib","go1.25.1","1.24.13,1.25.7","A high vulnerability in go-module package: stdlib, version go1.25.1 was found in image jaegertracing/jaeger-es-index-cleaner:1.74.0 at: /go/bin/es-index-cleaner-linux"
"qubership-jaeger","grype","jaegertracing/jaeger-es-rollover:1.74.0","CVE-2025-15467","CRITICAL","libcrypto3","3.5.1-r0","3.5.5-r0","A critical vulnerability in apk package: libcrypto3, version 3.5.1-r0 was found in image jaegertracing/jaeger-es-rollover:1.74.0 at: /lib/apk/db/installed"
"qubership-jaeger","grype","jaegertracing/jaeger-es-rollover:1.74.0","CVE-2025-15467","CRITICAL","libssl3","3.5.1-r0","3.5.5-r0","A critical vulnerability in apk package: libssl3, version 3.5.1-r0 was found in image jaegertracing/jaeger-es-rollover:1.74.0 at: /lib/apk/db/installed"
"qubership-jaeger","grype","jaegertracing/jaeger-es-rollover:1.74.0","CVE-2025-69420","HIGH","libcrypto3","3.5.1-r0","3.5.5-r0","A high vulnerability in apk package: libcrypto3, version 3.5.1-r0 was found in image jaegertracing/jaeger-es-rollover:1.74.0 at: /lib/apk/db/installed"
"qubership-jaeger","grype","jaegertracing/jaeger-es-rollover:1.74.0","CVE-2025-69420","HIGH","libssl3","3.5.1-r0","3.5.5-r0","A high vulnerability in apk package: libssl3, version 3.5.1-r0 was found in image jaegertracing/jaeger-es-rollover:1.74.0 at: /lib/apk/db/installed"
"qubership-jaeger","grype","jaegertracing/jaeger-es-rollover:1.74.0","CVE-2025-69421","HIGH","libcrypto3","3.5.1-r0","3.5.5-r0","A high vulnerability in apk package: libcrypto3, version 3.5.1-r0 was found in image jaegertracing/jaeger-es-rollover:1.74.0 at: /lib/apk/db/installed"
"qubership-jaeger","grype","jaegertracing/jaeger-es-rollover:1.74.0","CVE-2025-69421","HIGH","libssl3","3.5.1-r0","3.5.5-r0","A high vulnerability in apk package: libssl3, version 3.5.1-r0 was found in image jaegertracing/jaeger-es-rollover:1.74.0 at: /lib/apk/db/installed"
"qubership-jaeger","grype","jaegertracing/jaeger-es-rollover:1.74.0","CVE-2025-69419","HIGH","libcrypto3","3.5.1-r0","3.5.5-r0","A high vulnerability in apk package: libcrypto3, version 3.5.1-r0 was found in image jaegertracing/jaeger-es-rollover:1.74.0 at: /lib/apk/db/installed"
"qubership-jaeger","grype","jaegertracing/jaeger-es-rollover:1.74.0","CVE-2025-69419","HIGH","libssl3","3.5.1-r0","3.5.5-r0","A high vulnerability in apk package: libssl3, version 3.5.1-r0 was found in image jaegertracing/jaeger-es-rollover:1.74.0 at: /lib/apk/db/installed"
"qubership-jaeger","grype","jaegertracing/jaeger-es-rollover:1.74.0","CVE-2025-61723","HIGH","stdlib","go1.25.1","1.24.8,1.25.2","A high vulnerability in go-module package: stdlib, version go1.25.1 was found in image jaegertracing/jaeger-es-rollover:1.74.0 at: /go/bin/es-rollover"
"qubership-jaeger","grype","jaegertracing/jaeger-es-rollover:1.74.0","CVE-2025-61725","HIGH","stdlib","go1.25.1","1.24.8,1.25.2","A high vulnerability in go-module package: stdlib, version go1.25.1 was found in image jaegertracing/jaeger-es-rollover:1.74.0 at: /go/bin/es-rollover"
"qubership-jaeger","grype","jaegertracing/jaeger-es-rollover:1.74.0","CVE-2025-61726","HIGH","stdlib","go1.25.1","1.24.12,1.25.6","A high vulnerability in go-module package: stdlib, version go1.25.1 was found in image jaegertracing/jaeger-es-rollover:1.74.0 at: /go/bin/es-rollover"
"qubership-jaeger","grype","jaegertracing/jaeger-es-rollover:1.74.0","CVE-2025-9230","HIGH","libcrypto3","3.5.1-r0","3.5.4-r0","A high vulnerability in apk package: libcrypto3, version 3.5.1-r0 was found in image jaegertracing/jaeger-es-rollover:1.74.0 at: /lib/apk/db/installed"
"qubership-jaeger","grype","jaegertracing/jaeger-es-rollover:1.74.0","CVE-2025-9230","HIGH","libssl3","3.5.1-r0","3.5.4-r0","A high vulnerability in apk package: libssl3, version 3.5.1-r0 was found in image jaegertracing/jaeger-es-rollover:1.74.0 at: /lib/apk/db/installed"
"qubership-jaeger","grype","jaegertracing/jaeger-es-rollover:1.74.0","CVE-2025-68121","CRITICAL","stdlib","go1.25.1","1.24.13,1.25.7,1.26.0-rc.3","A critical vulnerability in go-module package: stdlib, version go1.25.1 was found in image jaegertracing/jaeger-es-rollover:1.74.0 at: /go/bin/es-rollover"
"qubership-jaeger","grype","jaegertracing/jaeger-es-rollover:1.74.0","CVE-2025-58188","HIGH","stdlib","go1.25.1","1.24.8,1.25.2","A high vulnerability in go-module package: stdlib, version go1.25.1 was found in image jaegertracing/jaeger-es-rollover:1.74.0 at: /go/bin/es-rollover"
"qubership-jaeger","grype","jaegertracing/jaeger-es-rollover:1.74.0","CVE-2025-58187","HIGH","stdlib","go1.25.1","1.24.9,1.25.3","A high vulnerability in go-module package: stdlib, version go1.25.1 was found in image jaegertracing/jaeger-es-rollover:1.74.0 at: /go/bin/es-rollover"
"qubership-jaeger","grype","jaegertracing/jaeger-es-rollover:1.74.0","CVE-2025-61729","HIGH","stdlib","go1.25.1","1.24.11,1.25.5","A high vulnerability in go-module package: stdlib, version go1.25.1 was found in image jaegertracing/jaeger-es-rollover:1.74.0 at: /go/bin/es-rollover"
"qubership-jaeger","grype","jaegertracing/jaeger-es-rollover:1.74.0","CVE-2025-68119","HIGH","stdlib","go1.25.1","1.25.6","A high vulnerability in go-module package: stdlib, version go1.25.1 was found in image jaegertracing/jaeger-es-rollover:1.74.0 at: /go/bin/es-rollover"
"qubership-jaeger","grype","jaegertracing/jaeger-es-rollover:1.74.0","CVE-2025-61731","HIGH","stdlib","go1.25.1","1.24.12,1.25.6","A high vulnerability in go-module package: stdlib, version go1.25.1 was found in image jaegertracing/jaeger-es-rollover:1.74.0 at: /go/bin/es-rollover"
"qubership-jaeger","grype","jaegertracing/jaeger-es-rollover:1.74.0","CVE-2025-61732","HIGH","stdlib","go1.25.1","1.24.13,1.25.7","A high vulnerability in go-module package: stdlib, version go1.25.1 was found in image jaegertracing/jaeger-es-rollover:1.74.0 at: /go/bin/es-rollover"
"qubership-monitoring-operator","grype","docker.io/prometheuscommunity/json-exporter:v0.7.0","GHSA-hcg3-q754-cr77","HIGH","golang.org/x/crypto","v0.31.0","0.35.0","A high vulnerability in go-module package: golang.org/x/crypto, version v0.31.0 was found in image docker.io/prometheuscommunity/json-exporter:v0.7.0 at: /bin/json_exporter"
"qubership-monitoring-operator","grype","docker.io/prometheuscommunity/json-exporter:v0.7.0","CVE-2025-22871","CRITICAL","stdlib","go1.23.6","1.23.8,1.24.2","A critical vulnerability in go-module package: stdlib, version go1.23.6 was found in image docker.io/prometheuscommunity/json-exporter:v0.7.0 at: /bin/json_exporter"
"qubership-monitoring-operator","grype","docker.io/prometheuscommunity/json-exporter:v0.7.0","GHSA-6v2p-p543-phr9","HIGH","golang.org/x/oauth2","v0.24.0","0.27.0","A high vulnerability in go-module package: golang.org/x/oauth2, version v0.24.0 was found in image docker.io/prometheuscommunity/json-exporter:v0.7.0 at: /bin/json_exporter"
"qubership-monitoring-operator","grype","docker.io/prometheuscommunity/json-exporter:v0.7.0","CVE-2025-61723","HIGH","stdlib","go1.23.6","1.24.8,1.25.2","A high vulnerability in go-module package: stdlib, version go1.23.6 was found in image docker.io/prometheuscommunity/json-exporter:v0.7.0 at: /bin/json_exporter"
"qubership-monitoring-operator","grype","docker.io/prometheuscommunity/json-exporter:v0.7.0","CVE-2025-61725","HIGH","stdlib","go1.23.6","1.24.8,1.25.2","A high vulnerability in go-module package: stdlib, version go1.23.6 was found in image docker.io/prometheuscommunity/json-exporter:v0.7.0 at: /bin/json_exporter"
"qubership-monitoring-operator","grype","docker.io/prometheuscommunity/json-exporter:v0.7.0","CVE-2025-61726","HIGH","stdlib","go1.23.6","1.24.12,1.25.6","A high vulnerability in go-module package: stdlib, version go1.23.6 was found in image docker.io/prometheuscommunity/json-exporter:v0.7.0 at: /bin/json_exporter"
"qubership-monitoring-operator","grype","docker.io/prometheuscommunity/json-exporter:v0.7.0","CVE-2025-68121","CRITICAL","stdlib","go1.23.6","1.24.13,1.25.7,1.26.0-rc.3","A critical vulnerability in go-module package: stdlib, version go1.23.6 was found in image docker.io/prometheuscommunity/json-exporter:v0.7.0 at: /bin/json_exporter"
"qubership-monitoring-operator","grype","docker.io/prometheuscommunity/json-exporter:v0.7.0","CVE-2025-58188","HIGH","stdlib","go1.23.6","1.24.8,1.25.2","A high vulnerability in go-module package: stdlib, version go1.23.6 was found in image docker.io/prometheuscommunity/json-exporter:v0.7.0 at: /bin/json_exporter"
"qubership-monitoring-operator","grype","docker.io/prometheuscommunity/json-exporter:v0.7.0","CVE-2025-58187","HIGH","stdlib","go1.23.6","1.24.9,1.25.3","A high vulnerability in go-module package: stdlib, version go1.23.6 was found in image docker.io/prometheuscommunity/json-exporter:v0.7.0 at: /bin/json_exporter"
"qubership-monitoring-operator","grype","docker.io/prometheuscommunity/json-exporter:v0.7.0","CVE-2025-61729","HIGH","stdlib","go1.23.6","1.24.11,1.25.5","A high vulnerability in go-module package: stdlib, version go1.23.6 was found in image docker.io/prometheuscommunity/json-exporter:v0.7.0 at: /bin/json_exporter"
"qubership-monitoring-operator","grype","docker.io/prometheuscommunity/json-exporter:v0.7.0","CVE-2025-47907","HIGH","stdlib","go1.23.6","1.23.12,1.24.6","A high vulnerability in go-module package: stdlib, version go1.23.6 was found in image docker.io/prometheuscommunity/json-exporter:v0.7.0 at: /bin/json_exporter"
"qubership-monitoring-operator","grype","docker.io/prometheuscommunity/json-exporter:v0.7.0","CVE-2025-61731","HIGH","stdlib","go1.23.6","1.24.12,1.25.6","A high vulnerability in go-module package: stdlib, version go1.23.6 was found in image docker.io/prometheuscommunity/json-exporter:v0.7.0 at: /bin/json_exporter"
"qubership-monitoring-operator","grype","docker.io/prometheuscommunity/json-exporter:v0.7.0","CVE-2025-61732","HIGH","stdlib","go1.23.6","1.24.13,1.25.7","A high vulnerability in go-module package: stdlib, version go1.23.6 was found in image docker.io/prometheuscommunity/json-exporter:v0.7.0 at: /bin/json_exporter"
"qubership-monitoring-operator","grype","docker.io/prometheuscommunity/json-exporter:v0.7.0","CVE-2025-4674","HIGH","stdlib","go1.23.6","1.23.11,1.24.5","A high vulnerability in go-module package: stdlib, version go1.23.6 was found in image docker.io/prometheuscommunity/json-exporter:v0.7.0 at: /bin/json_exporter"
"qubership-monitoring-operator","grype","registry.k8s.io/kube-state-metrics/kube-state-metrics:v2.15.0","GHSA-hcg3-q754-cr77","HIGH","golang.org/x/crypto","v0.31.0","0.35.0","A high vulnerability in go-module package: golang.org/x/crypto, version v0.31.0 was found in image registry.k8s.io/kube-state-metrics/kube-state-metrics:v2.15.0 at: /kube-state-metrics"
"qubership-monitoring-operator","grype","registry.k8s.io/kube-state-metrics/kube-state-metrics:v2.15.0","CVE-2025-22871","CRITICAL","stdlib","go1.23.5","1.23.8,1.24.2","A critical vulnerability in go-module package: stdlib, version go1.23.5 was found in image registry.k8s.io/kube-state-metrics/kube-state-metrics:v2.15.0 at: /kube-state-metrics"
"qubership-monitoring-operator","grype","registry.k8s.io/kube-state-metrics/kube-state-metrics:v2.15.0","GHSA-6v2p-p543-phr9","HIGH","golang.org/x/oauth2","v0.24.0","0.27.0","A high vulnerability in go-module package: golang.org/x/oauth2, version v0.24.0 was found in image registry.k8s.io/kube-state-metrics/kube-state-metrics:v2.15.0 at: /kube-state-metrics"
"qubership-monitoring-operator","grype","registry.k8s.io/kube-state-metrics/kube-state-metrics:v2.15.0","CVE-2025-61723","HIGH","stdlib","go1.23.5","1.24.8,1.25.2","A high vulnerability in go-module package: stdlib, version go1.23.5 was found in image registry.k8s.io/kube-state-metrics/kube-state-metrics:v2.15.0 at: /kube-state-metrics"
"qubership-monitoring-operator","grype","registry.k8s.io/kube-state-metrics/kube-state-metrics:v2.15.0","CVE-2025-61725","HIGH","stdlib","go1.23.5","1.24.8,1.25.2","A high vulnerability in go-module package: stdlib, version go1.23.5 was found in image registry.k8s.io/kube-state-metrics/kube-state-metrics:v2.15.0 at: /kube-state-metrics"
"qubership-monitoring-operator","grype","registry.k8s.io/kube-state-metrics/kube-state-metrics:v2.15.0","CVE-2025-61726","HIGH","stdlib","go1.23.5","1.24.12,1.25.6","A high vulnerability in go-module package: stdlib, version go1.23.5 was found in image registry.k8s.io/kube-state-metrics/kube-state-metrics:v2.15.0 at: /kube-state-metrics"
"qubership-monitoring-operator","grype","registry.k8s.io/kube-state-metrics/kube-state-metrics:v2.15.0","CVE-2025-68121","CRITICAL","stdlib","go1.23.5","1.24.13,1.25.7,1.26.0-rc.3","A critical vulnerability in go-module package: stdlib, version go1.23.5 was found in image registry.k8s.io/kube-state-metrics/kube-state-metrics:v2.15.0 at: /kube-state-metrics"
"qubership-monitoring-operator","grype","registry.k8s.io/kube-state-metrics/kube-state-metrics:v2.15.0","CVE-2025-58188","HIGH","stdlib","go1.23.5","1.24.8,1.25.2","A high vulnerability in go-module package: stdlib, version go1.23.5 was found in image registry.k8s.io/kube-state-metrics/kube-state-metrics:v2.15.0 at: /kube-state-metrics"
"qubership-monitoring-operator","grype","registry.k8s.io/kube-state-metrics/kube-state-metrics:v2.15.0","CVE-2025-58187","HIGH","stdlib","go1.23.5","1.24.9,1.25.3","A high vulnerability in go-module package: stdlib, version go1.23.5 was found in image registry.k8s.io/kube-state-metrics/kube-state-metrics:v2.15.0 at: /kube-state-metrics"
"qubership-monitoring-operator","grype","registry.k8s.io/kube-state-metrics/kube-state-metrics:v2.15.0","CVE-2025-61729","HIGH","stdlib","go1.23.5","1.24.11,1.25.5","A high vulnerability in go-module package: stdlib, version go1.23.5 was found in image registry.k8s.io/kube-state-metrics/kube-state-metrics:v2.15.0 at: /kube-state-metrics"
"qubership-monitoring-operator","grype","registry.k8s.io/kube-state-metrics/kube-state-metrics:v2.15.0","CVE-2025-47907","HIGH","stdlib","go1.23.5","1.23.12,1.24.6","A high vulnerability in go-module package: stdlib, version go1.23.5 was found in image registry.k8s.io/kube-state-metrics/kube-state-metrics:v2.15.0 at: /kube-state-metrics"
"qubership-monitoring-operator","grype","registry.k8s.io/kube-state-metrics/kube-state-metrics:v2.15.0","CVE-2025-61731","HIGH","stdlib","go1.23.5","1.24.12,1.25.6","A high vulnerability in go-module package: stdlib, version go1.23.5 was found in image registry.k8s.io/kube-state-metrics/kube-state-metrics:v2.15.0 at: /kube-state-metrics"
"qubership-monitoring-operator","grype","registry.k8s.io/kube-state-metrics/kube-state-metrics:v2.15.0","CVE-2025-61732","HIGH","stdlib","go1.23.5","1.24.13,1.25.7","A high vulnerability in go-module package: stdlib, version go1.23.5 was found in image registry.k8s.io/kube-state-metrics/kube-state-metrics:v2.15.0 at: /kube-state-metrics"
"qubership-monitoring-operator","grype","registry.k8s.io/kube-state-metrics/kube-state-metrics:v2.15.0","CVE-2025-4674","HIGH","stdlib","go1.23.5","1.23.11,1.24.5","A high vulnerability in go-module package: stdlib, version go1.23.5 was found in image registry.k8s.io/kube-state-metrics/kube-state-metrics:v2.15.0 at: /kube-state-metrics"
"qubership-logging-operator","grype","mongo:5.0.19","CVE-2023-44487","HIGH","libnghttp2-14","1.40.0-1ubuntu0.1","1.40.0-1ubuntu0.2","A high vulnerability in deb package: libnghttp2-14, version 1.40.0-1ubuntu0.1 was found in image mongo:5.0.19 at: /var/lib/dpkg/status"
"qubership-logging-operator","grype","mongo:5.0.19","CVE-2023-44487","HIGH","stdlib","go1.18.2","1.20.10,1.21.3","A high vulnerability in go-module package: stdlib, version go1.18.2 was found in image mongo:5.0.19 at: /usr/local/bin/gosu"
"qubership-logging-operator","grype","mongo:5.0.19","CVE-2023-44487","HIGH","stdlib","go1.18.2","1.20.10,1.21.3","A high vulnerability in go-module package: stdlib, version go1.19.11 was found in image mongo:5.0.19 at: /usr/bin/mongotop"
"qubership-logging-operator","grype","mongo:5.0.19","CVE-2023-44487","HIGH","stdlib","go1.18.2","1.20.10,1.21.3","A high vulnerability in go-module package: stdlib, version go1.19.11 was found in image mongo:5.0.19 at: /usr/bin/bsondump"
"qubership-logging-operator","grype","mongo:5.0.19","CVE-2023-44487","HIGH","stdlib","go1.18.2","1.20.10,1.21.3","A high vulnerability in go-module package: stdlib, version go1.19.11 was found in image mongo:5.0.19 at: /usr/bin/mongodump"
"qubership-logging-operator","grype","mongo:5.0.19","CVE-2023-44487","HIGH","stdlib","go1.18.2","1.20.10,1.21.3","A high vulnerability in go-module package: stdlib, version go1.19.11 was found in image mongo:5.0.19 at: /usr/bin/mongoexport"
"qubership-logging-operator","grype","mongo:5.0.19","CVE-2023-44487","HIGH","stdlib","go1.18.2","1.20.10,1.21.3","A high vulnerability in go-module package: stdlib, version go1.19.11 was found in image mongo:5.0.19 at: /usr/bin/mongofiles"
"qubership-logging-operator","grype","mongo:5.0.19","CVE-2023-44487","HIGH","stdlib","go1.18.2","1.20.10,1.21.3","A high vulnerability in go-module package: stdlib, version go1.19.11 was found in image mongo:5.0.19 at: /usr/bin/mongoimport"
"qubership-logging-operator","grype","mongo:5.0.19","CVE-2023-44487","HIGH","stdlib","go1.18.2","1.20.10,1.21.3","A high vulnerability in go-module package: stdlib, version go1.19.11 was found in image mongo:5.0.19 at: /usr/bin/mongorestore"
"qubership-logging-operator","grype","mongo:5.0.19","CVE-2023-44487","HIGH","stdlib","go1.18.2","1.20.10,1.21.3","A high vulnerability in go-module package: stdlib, version go1.19.11 was found in image mongo:5.0.19 at: /usr/bin/mongostat"
"qubership-logging-operator","grype","mongo:5.0.19","CVE-2023-45288","HIGH","stdlib","go1.18.2","1.21.9,1.22.2","A high vulnerability in go-module package: stdlib, version go1.18.2 was found in image mongo:5.0.19 at: /usr/local/bin/gosu"
"qubership-logging-operator","grype","mongo:5.0.19","CVE-2023-45288","HIGH","stdlib","go1.18.2","1.21.9,1.22.2","A high vulnerability in go-module package: stdlib, version go1.19.11 was found in image mongo:5.0.19 at: /usr/bin/mongoexport"
"qubership-logging-operator","grype","mongo:5.0.19","CVE-2023-45288","HIGH","stdlib","go1.18.2","1.21.9,1.22.2","A high vulnerability in go-module package: stdlib, version go1.19.11 was found in image mongo:5.0.19 at: /usr/bin/bsondump"
"qubership-logging-operator","grype","mongo:5.0.19","CVE-2023-45288","HIGH","stdlib","go1.18.2","1.21.9,1.22.2","A high vulnerability in go-module package: stdlib, version go1.19.11 was found in image mongo:5.0.19 at: /usr/bin/mongofiles"
"qubership-logging-operator","grype","mongo:5.0.19","CVE-2023-45288","HIGH","stdlib","go1.18.2","1.21.9,1.22.2","A high vulnerability in go-module package: stdlib, version go1.19.11 was found in image mongo:5.0.19 at: /usr/bin/mongotop"
"qubership-logging-operator","grype","mongo:5.0.19","CVE-2023-45288","HIGH","stdlib","go1.18.2","1.21.9,1.22.2","A high vulnerability in go-module package: stdlib, version go1.19.11 was found in image mongo:5.0.19 at: /usr/bin/mongodump"
"qubership-logging-operator","grype","mongo:5.0.19","CVE-2023-45288","HIGH","stdlib","go1.18.2","1.21.9,1.22.2","A high vulnerability in go-module package: stdlib, version go1.19.11 was found in image mongo:5.0.19 at: /usr/bin/mongostat"
"qubership-logging-operator","grype","mongo:5.0.19","CVE-2023-45288","HIGH","stdlib","go1.18.2","1.21.9,1.22.2","A high vulnerability in go-module package: stdlib, version go1.19.11 was found in image mongo:5.0.19 at: /usr/bin/mongorestore"
"qubership-logging-operator","grype","mongo:5.0.19","CVE-2023-45288","HIGH","stdlib","go1.18.2","1.21.9,1.22.2","A high vulnerability in go-module package: stdlib, version go1.19.11 was found in image mongo:5.0.19 at: /usr/bin/mongoimport"
"qubership-logging-operator","grype","mongo:5.0.19","CVE-2024-2961","HIGH","libc-bin","2.31-0ubuntu9.9","2.31-0ubuntu9.15","A medium vulnerability in deb package: libc-bin, version 2.31-0ubuntu9.9 was found in image mongo:5.0.19 at: /var/lib/dpkg/status"
"qubership-logging-operator","grype","mongo:5.0.19","CVE-2024-2961","HIGH","libc6","2.31-0ubuntu9.9","2.31-0ubuntu9.15","A medium vulnerability in deb package: libc6, version 2.31-0ubuntu9.9 was found in image mongo:5.0.19 at: /var/lib/dpkg/status"
"qubership-logging-operator","grype","mongo:5.0.19","GHSA-v778-237x-gjrc","CRITICAL","golang.org/x/crypto","v0.10.0","0.31.0","A critical vulnerability in go-module package: golang.org/x/crypto, version v0.10.0 was found in image mongo:5.0.19 at: /usr/bin/mongorestore"
"qubership-logging-operator","grype","mongo:5.0.19","GHSA-v778-237x-gjrc","CRITICAL","golang.org/x/crypto","v0.10.0","0.31.0","A critical vulnerability in go-module package: golang.org/x/crypto, version v0.10.0 was found in image mongo:5.0.19 at: /usr/bin/mongodump"
"qubership-logging-operator","grype","mongo:5.0.19","GHSA-v778-237x-gjrc","CRITICAL","golang.org/x/crypto","v0.10.0","0.31.0","A critical vulnerability in go-module package: golang.org/x/crypto, version v0.10.0 was found in image mongo:5.0.19 at: /usr/bin/bsondump"
"qubership-logging-operator","grype","mongo:5.0.19","GHSA-v778-237x-gjrc","CRITICAL","golang.org/x/crypto","v0.10.0","0.31.0","A critical vulnerability in go-module package: golang.org/x/crypto, version v0.10.0 was found in image mongo:5.0.19 at: /usr/bin/mongoexport"
"qubership-logging-operator","grype","mongo:5.0.19","GHSA-v778-237x-gjrc","CRITICAL","golang.org/x/crypto","v0.10.0","0.31.0","A critical vulnerability in go-module package: golang.org/x/crypto, version v0.10.0 was found in image mongo:5.0.19 at: /usr/bin/mongotop"
"qubership-logging-operator","grype","mongo:5.0.19","GHSA-v778-237x-gjrc","CRITICAL","golang.org/x/crypto","v0.10.0","0.31.0","A critical vulnerability in go-module package: golang.org/x/crypto, version v0.10.0 was found in image mongo:5.0.19 at: /usr/bin/mongofiles"
"qubership-logging-operator","grype","mongo:5.0.19","GHSA-v778-237x-gjrc","CRITICAL","golang.org/x/crypto","v0.10.0","0.31.0","A critical vulnerability in go-module package: golang.org/x/crypto, version v0.10.0 was found in image mongo:5.0.19 at: /usr/bin/mongostat"
"qubership-logging-operator","grype","mongo:5.0.19","GHSA-v778-237x-gjrc","CRITICAL","golang.org/x/crypto","v0.10.0","0.31.0","A critical vulnerability in go-module package: golang.org/x/crypto, version v0.10.0 was found in image mongo:5.0.19 at: /usr/bin/mongoimport"
"qubership-logging-operator","grype","mongo:5.0.19","CVE-2024-3596","CRITICAL","krb5-locales","1.17-6ubuntu4.3","1.17-6ubuntu4.8","A medium vulnerability in deb package: krb5-locales, version 1.17-6ubuntu4.3 was found in image mongo:5.0.19 at: /var/lib/dpkg/status"
"qubership-logging-operator","grype","mongo:5.0.19","CVE-2024-3596","CRITICAL","libgssapi-krb5-2","1.17-6ubuntu4.3","1.17-6ubuntu4.8","A medium vulnerability in deb package: libgssapi-krb5-2, version 1.17-6ubuntu4.3 was found in image mongo:5.0.19 at: /var/lib/dpkg/status"
"qubership-logging-operator","grype","mongo:5.0.19","CVE-2024-3596","CRITICAL","libk5crypto3","1.17-6ubuntu4.3","1.17-6ubuntu4.8","A medium vulnerability in deb package: libk5crypto3, version 1.17-6ubuntu4.3 was found in image mongo:5.0.19 at: /var/lib/dpkg/status"
"qubership-logging-operator","grype","mongo:5.0.19","CVE-2024-3596","CRITICAL","libkrb5-3","1.17-6ubuntu4.3","1.17-6ubuntu4.8","A medium vulnerability in deb package: libkrb5-3, version 1.17-6ubuntu4.3 was found in image mongo:5.0.19 at: /var/lib/dpkg/status"
"qubership-logging-operator","grype","mongo:5.0.19","CVE-2024-3596","CRITICAL","libkrb5support0","1.17-6ubuntu4.3","1.17-6ubuntu4.8","A medium vulnerability in deb package: libkrb5support0, version 1.17-6ubuntu4.3 was found in image mongo:5.0.19 at: /var/lib/dpkg/status"
"qubership-logging-operator","grype","mongo:5.0.19","GHSA-xr7r-f8xq-vfvv","HIGH","github.com/opencontainers/runc","v1.1.0","1.1.12","A high vulnerability in go-module package: github.com/opencontainers/runc, version v1.1.0 was found in image mongo:5.0.19 at: /usr/local/bin/gosu"
"qubership-logging-operator","grype","mongo:5.0.19","CVE-2024-37371","CRITICAL","krb5-locales","1.17-6ubuntu4.3","1.17-6ubuntu4.6","A medium vulnerability in deb package: krb5-locales, version 1.17-6ubuntu4.3 was found in image mongo:5.0.19 at: /var/lib/dpkg/status"
"qubership-logging-operator","grype","mongo:5.0.19","CVE-2024-37371","CRITICAL","libgssapi-krb5-2","1.17-6ubuntu4.3","1.17-6ubuntu4.6","A medium vulnerability in deb package: libgssapi-krb5-2, version 1.17-6ubuntu4.3 was found in image mongo:5.0.19 at: /var/lib/dpkg/status"
"qubership-logging-operator","grype","mongo:5.0.19","CVE-2024-37371","CRITICAL","libk5crypto3","1.17-6ubuntu4.3","1.17-6ubuntu4.6","A medium vulnerability in deb package: libk5crypto3, version 1.17-6ubuntu4.3 was found in image mongo:5.0.19 at: /var/lib/dpkg/status"
"qubership-logging-operator","grype","mongo:5.0.19","CVE-2024-37371","CRITICAL","libkrb5-3","1.17-6ubuntu4.3","1.17-6ubuntu4.6","A medium vulnerability in deb package: libkrb5-3, version 1.17-6ubuntu4.3 was found in image mongo:5.0.19 at: /var/lib/dpkg/status"
"qubership-logging-operator","grype","mongo:5.0.19","CVE-2024-37371","CRITICAL","libkrb5support0","1.17-6ubuntu4.3","1.17-6ubuntu4.6","A medium vulnerability in deb package: libkrb5support0, version 1.17-6ubuntu4.3 was found in image mongo:5.0.19 at: /var/lib/dpkg/status"
"qubership-logging-operator","grype","mongo:5.0.19","CVE-2024-5535","CRITICAL","libssl1.1","1.1.1f-1ubuntu2.19","1.1.1f-1ubuntu2.23","A low vulnerability in deb package: libssl1.1, version 1.1.1f-1ubuntu2.19 was found in image mongo:5.0.19 at: /var/lib/dpkg/status"
"qubership-logging-operator","grype","mongo:5.0.19","CVE-2024-5535","CRITICAL","openssl","1.1.1f-1ubuntu2.19","1.1.1f-1ubuntu2.23","A low vulnerability in deb package: openssl, version 1.1.1f-1ubuntu2.19 was found in image mongo:5.0.19 at: /var/lib/dpkg/status"
"qubership-logging-operator","grype","mongo:5.0.19","CVE-2024-24784","HIGH","stdlib","go1.18.2","1.21.8,1.22.1","A high vulnerability in go-module package: stdlib, version go1.18.2 was found in image mongo:5.0.19 at: /usr/local/bin/gosu"
"qubership-logging-operator","grype","mongo:5.0.19","CVE-2024-24784","HIGH","stdlib","go1.18.2","1.21.8,1.22.1","A high vulnerability in go-module package: stdlib, version go1.19.11 was found in image mongo:5.0.19 at: /usr/bin/mongoimport"
"qubership-logging-operator","grype","mongo:5.0.19","CVE-2024-24784","HIGH","stdlib","go1.18.2","1.21.8,1.22.1","A high vulnerability in go-module package: stdlib, version go1.19.11 was found in image mongo:5.0.19 at: /usr/bin/bsondump"
"qubership-logging-operator","grype","mongo:5.0.19","CVE-2024-24784","HIGH","stdlib","go1.18.2","1.21.8,1.22.1","A high vulnerability in go-module package: stdlib, version go1.19.11 was found in image mongo:5.0.19 at: /usr/bin/mongodump"
"qubership-logging-operator","grype","mongo:5.0.19","CVE-2024-24784","HIGH","stdlib","go1.18.2","1.21.8,1.22.1","A high vulnerability in go-module package: stdlib, version go1.19.11 was found in image mongo:5.0.19 at: /usr/bin/mongoexport"
"qubership-logging-operator","grype","mongo:5.0.19","CVE-2024-24784","HIGH","stdlib","go1.18.2","1.21.8,1.22.1","A high vulnerability in go-module package: stdlib, version go1.19.11 was found in image mongo:5.0.19 at: /usr/bin/mongofiles"
"qubership-logging-operator","grype","mongo:5.0.19","CVE-2024-24784","HIGH","stdlib","go1.18.2","1.21.8,1.22.1","A high vulnerability in go-module package: stdlib, version go1.19.11 was found in image mongo:5.0.19 at: /usr/bin/mongorestore"
"qubership-logging-operator","grype","mongo:5.0.19","CVE-2024-24784","HIGH","stdlib","go1.18.2","1.21.8,1.22.1","A high vulnerability in go-module package: stdlib, version go1.19.11 was found in image mongo:5.0.19 at: /usr/bin/mongostat"
"qubership-logging-operator","grype","mongo:5.0.19","CVE-2024-24784","HIGH","stdlib","go1.18.2","1.21.8,1.22.1","A high vulnerability in go-module package: stdlib, version go1.19.11 was found in image mongo:5.0.19 at: /usr/bin/mongotop"
"qubership-logging-operator","grype","mongo:5.0.19","CVE-2024-2398","HIGH","libcurl4","7.68.0-1ubuntu2.19","7.68.0-1ubuntu2.22","A medium vulnerability in deb package: libcurl4, version 7.68.0-1ubuntu2.19 was found in image mongo:5.0.19 at: /var/lib/dpkg/status"
"qubership-logging-operator","grype","mongo:5.0.19","CVE-2024-0553","HIGH","libgnutls30","3.6.13-2ubuntu1.8","3.6.13-2ubuntu1.10","A medium vulnerability in deb package: libgnutls30, version 3.6.13-2ubuntu1.8 was found in image mongo:5.0.19 at: /var/lib/dpkg/status"
"qubership-logging-operator","grype","mongo:5.0.19","CVE-2023-24538","CRITICAL","stdlib","go1.18.2","1.19.8,1.20.3","A critical vulnerability in go-module package: stdlib, version go1.18.2 was found in image mongo:5.0.19 at: /usr/local/bin/gosu"
"qubership-logging-operator","grype","mongo:5.0.19","CVE-2024-24791","HIGH","stdlib","go1.18.2","1.21.12,1.22.5","A high vulnerability in go-module package: stdlib, version go1.18.2 was found in image mongo:5.0.19 at: /usr/local/bin/gosu"
"qubership-logging-operator","grype","mongo:5.0.19","CVE-2024-24791","HIGH","stdlib","go1.18.2","1.21.12,1.22.5","A high vulnerability in go-module package: stdlib, version go1.19.11 was found in image mongo:5.0.19 at: /usr/bin/mongofiles"
"qubership-logging-operator","grype","mongo:5.0.19","CVE-2024-24791","HIGH","stdlib","go1.18.2","1.21.12,1.22.5","A high vulnerability in go-module package: stdlib, version go1.19.11 was found in image mongo:5.0.19 at: /usr/bin/mongoimport"
"qubership-logging-operator","grype","mongo:5.0.19","CVE-2024-24791","HIGH","stdlib","go1.18.2","1.21.12,1.22.5","A high vulnerability in go-module package: stdlib, version go1.19.11 was found in image mongo:5.0.19 at: /usr/bin/mongoexport"
"qubership-logging-operator","grype","mongo:5.0.19","CVE-2024-24791","HIGH","stdlib","go1.18.2","1.21.12,1.22.5","A high vulnerability in go-module package: stdlib, version go1.19.11 was found in image mongo:5.0.19 at: /usr/bin/mongodump"
"qubership-logging-operator","grype","mongo:5.0.19","CVE-2024-24791","HIGH","stdlib","go1.18.2","1.21.12,1.22.5","A high vulnerability in go-module package: stdlib, version go1.19.11 was found in image mongo:5.0.19 at: /usr/bin/mongorestore"
"qubership-logging-operator","grype","mongo:5.0.19","CVE-2024-24791","HIGH","stdlib","go1.18.2","1.21.12,1.22.5","A high vulnerability in go-module package: stdlib, version go1.19.11 was found in image mongo:5.0.19 at: /usr/bin/mongostat"
"qubership-logging-operator","grype","mongo:5.0.19","CVE-2024-24791","HIGH","stdlib","go1.18.2","1.21.12,1.22.5","A high vulnerability in go-module package: stdlib, version go1.19.11 was found in image mongo:5.0.19 at: /usr/bin/bsondump"
"qubership-logging-operator","grype","mongo:5.0.19","CVE-2024-24791","HIGH","stdlib","go1.18.2","1.21.12,1.22.5","A high vulnerability in go-module package: stdlib, version go1.19.11 was found in image mongo:5.0.19 at: /usr/bin/mongotop"
"qubership-logging-operator","grype","mongo:5.0.19","CVE-2023-24531","CRITICAL","stdlib","go1.18.2","1.21.0-0","A critical vulnerability in go-module package: stdlib, version go1.18.2 was found in image mongo:5.0.19 at: /usr/local/bin/gosu"
"qubership-logging-operator","grype","mongo:5.0.19","CVE-2023-24531","CRITICAL","stdlib","go1.18.2","1.21.0-0","A critical vulnerability in go-module package: stdlib, version go1.19.11 was found in image mongo:5.0.19 at: /usr/bin/mongorestore"
"qubership-logging-operator","grype","mongo:5.0.19","CVE-2023-24531","CRITICAL","stdlib","go1.18.2","1.21.0-0","A critical vulnerability in go-module package: stdlib, version go1.19.11 was found in image mongo:5.0.19 at: /usr/bin/mongoexport"
"qubership-logging-operator","grype","mongo:5.0.19","CVE-2023-24531","CRITICAL","stdlib","go1.18.2","1.21.0-0","A critical vulnerability in go-module package: stdlib, version go1.19.11 was found in image mongo:5.0.19 at: /usr/bin/mongodump"
"qubership-logging-operator","grype","mongo:5.0.19","CVE-2023-24531","CRITICAL","stdlib","go1.18.2","1.21.0-0","A critical vulnerability in go-module package: stdlib, version go1.19.11 was found in image mongo:5.0.19 at: /usr/bin/bsondump"
"qubership-logging-operator","grype","mongo:5.0.19","CVE-2023-24531","CRITICAL","stdlib","go1.18.2","1.21.0-0","A critical vulnerability in go-module package: stdlib, version go1.19.11 was found in image mongo:5.0.19 at: /usr/bin/mongofiles"
"qubership-logging-operator","grype","mongo:5.0.19","CVE-2023-24531","CRITICAL","stdlib","go1.18.2","1.21.0-0","A critical vulnerability in go-module package: stdlib, version go1.19.11 was found in image mongo:5.0.19 at: /usr/bin/mongoimport"
"qubership-logging-operator","grype","mongo:5.0.19","CVE-2023-24531","CRITICAL","stdlib","go1.18.2","1.21.0-0","A critical vulnerability in go-module package: stdlib, version go1.19.11 was found in image mongo:5.0.19 at: /usr/bin/mongostat"
"qubership-logging-operator","grype","mongo:5.0.19","CVE-2023-24531","CRITICAL","stdlib","go1.18.2","1.21.0-0","A critical vulnerability in go-module package: stdlib, version go1.19.11 was found in image mongo:5.0.19 at: /usr/bin/mongotop"
"qubership-logging-operator","grype","mongo:5.0.19","CVE-2023-2953","HIGH","libldap-2.4-2","2.4.49+dfsg-2ubuntu1.9","2.4.49+dfsg-2ubuntu1.10","A low vulnerability in deb package: libldap-2.4-2, version 2.4.49+dfsg-2ubuntu1.9 was found in image mongo:5.0.19 at: /var/lib/dpkg/status"
"qubership-logging-operator","grype","mongo:5.0.19","CVE-2023-2953","HIGH","libldap-common","2.4.49+dfsg-2ubuntu1.9","2.4.49+dfsg-2ubuntu1.10","A low vulnerability in deb package: libldap-common, version 2.4.49+dfsg-2ubuntu1.9 was found in image mongo:5.0.19 at: /var/lib/dpkg/status"
"qubership-logging-operator","grype","mongo:5.0.19","CVE-2024-33599","HIGH","libc-bin","2.31-0ubuntu9.9","2.31-0ubuntu9.16","A medium vulnerability in deb package: libc-bin, version 2.31-0ubuntu9.9 was found in image mongo:5.0.19 at: /var/lib/dpkg/status"
"qubership-logging-operator","grype","mongo:5.0.19","CVE-2024-33599","HIGH","libc6","2.31-0ubuntu9.9","2.31-0ubuntu9.16","A medium vulnerability in deb package: libc6, version 2.31-0ubuntu9.9 was found in image mongo:5.0.19 at: /var/lib/dpkg/status"
"qubership-logging-operator","grype","mongo:5.0.19","CVE-2023-29405","CRITICAL","stdlib","go1.18.2","1.19.10,1.20.5","A critical vulnerability in go-module package: stdlib, version go1.18.2 was found in image mongo:5.0.19 at: /usr/local/bin/gosu"
"qubership-logging-operator","grype","mongo:5.0.19","CVE-2024-37370","HIGH","krb5-locales","1.17-6ubuntu4.3","1.17-6ubuntu4.6","A medium vulnerability in deb package: krb5-locales, version 1.17-6ubuntu4.3 was found in image mongo:5.0.19 at: /var/lib/dpkg/status"
"qubership-logging-operator","grype","mongo:5.0.19","CVE-2024-37370","HIGH","libgssapi-krb5-2","1.17-6ubuntu4.3","1.17-6ubuntu4.6","A medium vulnerability in deb package: libgssapi-krb5-2, version 1.17-6ubuntu4.3 was found in image mongo:5.0.19 at: /var/lib/dpkg/status"
"qubership-logging-operator","grype","mongo:5.0.19","CVE-2024-37370","HIGH","libk5crypto3","1.17-6ubuntu4.3","1.17-6ubuntu4.6","A medium vulnerability in deb package: libk5crypto3, version 1.17-6ubuntu4.3 was found in image mongo:5.0.19 at: /var/lib/dpkg/status"
"qubership-logging-operator","grype","mongo:5.0.19","CVE-2024-37370","HIGH","libkrb5-3","1.17-6ubuntu4.3","1.17-6ubuntu4.6","A medium vulnerability in deb package: libkrb5-3, version 1.17-6ubuntu4.3 was found in image mongo:5.0.19 at: /var/lib/dpkg/status"
"qubership-logging-operator","grype","mongo:5.0.19","CVE-2024-37370","HIGH","libkrb5support0","1.17-6ubuntu4.3","1.17-6ubuntu4.6","A medium vulnerability in deb package: libkrb5support0, version 1.17-6ubuntu4.3 was found in image mongo:5.0.19 at: /var/lib/dpkg/status"
"qubership-logging-operator","grype","mongo:5.0.19","CVE-2023-24540","CRITICAL","stdlib","go1.18.2","1.19.9,1.20.4","A critical vulnerability in go-module package: stdlib, version go1.18.2 was found in image mongo:5.0.19 at: /usr/local/bin/gosu"
"qubership-logging-operator","grype","mongo:5.0.19","CVE-2024-34156","HIGH","stdlib","go1.18.2","1.22.7,1.23.1","A high vulnerability in go-module package: stdlib, version go1.18.2 was found in image mongo:5.0.19 at: /usr/local/bin/gosu"
"qubership-logging-operator","grype","mongo:5.0.19","CVE-2024-34156","HIGH","stdlib","go1.18.2","1.22.7,1.23.1","A high vulnerability in go-module package: stdlib, version go1.19.11 was found in image mongo:5.0.19 at: /usr/bin/mongotop"
"qubership-logging-operator","grype","mongo:5.0.19","CVE-2024-34156","HIGH","stdlib","go1.18.2","1.22.7,1.23.1","A high vulnerability in go-module package: stdlib, version go1.19.11 was found in image mongo:5.0.19 at: /usr/bin/mongostat"
"qubership-logging-operator","grype","mongo:5.0.19","CVE-2024-34156","HIGH","stdlib","go1.18.2","1.22.7,1.23.1","A high vulnerability in go-module package: stdlib, version go1.19.11 was found in image mongo:5.0.19 at: /usr/bin/mongorestore"
"qubership-logging-operator","grype","mongo:5.0.19","CVE-2024-34156","HIGH","stdlib","go1.18.2","1.22.7,1.23.1","A high vulnerability in go-module package: stdlib, version go1.19.11 was found in image mongo:5.0.19 at: /usr/bin/mongoimport"
"qubership-logging-operator","grype","mongo:5.0.19","CVE-2024-34156","HIGH","stdlib","go1.18.2","1.22.7,1.23.1","A high vulnerability in go-module package: stdlib, version go1.19.11 was found in image mongo:5.0.19 at: /usr/bin/mongoexport"
"qubership-logging-operator","grype","mongo:5.0.19","CVE-2024-34156","HIGH","stdlib","go1.18.2","1.22.7,1.23.1","A high vulnerability in go-module package: stdlib, version go1.19.11 was found in image mongo:5.0.19 at: /usr/bin/mongofiles"
"qubership-logging-operator","grype","mongo:5.0.19","CVE-2024-34156","HIGH","stdlib","go1.18.2","1.22.7,1.23.1","A high vulnerability in go-module package: stdlib, version go1.19.11 was found in image mongo:5.0.19 at: /usr/bin/mongodump"
"qubership-logging-operator","grype","mongo:5.0.19","CVE-2024-34156","HIGH","stdlib","go1.18.2","1.22.7,1.23.1","A high vulnerability in go-module package: stdlib, version go1.19.11 was found in image mongo:5.0.19 at: /usr/bin/bsondump"
"qubership-logging-operator","grype","mongo:5.0.19","CVE-2024-33602","HIGH","libc-bin","2.31-0ubuntu9.9","2.31-0ubuntu9.16","A medium vulnerability in deb package: libc-bin, version 2.31-0ubuntu9.9 was found in image mongo:5.0.19 at: /var/lib/dpkg/status"
"qubership-logging-operator","grype","mongo:5.0.19","CVE-2024-33602","HIGH","libc6","2.31-0ubuntu9.9","2.31-0ubuntu9.16","A medium vulnerability in deb package: libc6, version 2.31-0ubuntu9.9 was found in image mongo:5.0.19 at: /var/lib/dpkg/status"
"qubership-logging-operator","grype","mongo:5.0.19","GHSA-hcg3-q754-cr77","HIGH","golang.org/x/crypto","v0.10.0","0.35.0","A high vulnerability in go-module package: golang.org/x/crypto, version v0.10.0 was found in image mongo:5.0.19 at: /usr/bin/mongorestore"
"qubership-logging-operator","grype","mongo:5.0.19","GHSA-hcg3-q754-cr77","HIGH","golang.org/x/crypto","v0.10.0","0.35.0","A high vulnerability in go-module package: golang.org/x/crypto, version v0.10.0 was found in image mongo:5.0.19 at: /usr/bin/mongodump"
"qubership-logging-operator","grype","mongo:5.0.19","GHSA-hcg3-q754-cr77","HIGH","golang.org/x/crypto","v0.10.0","0.35.0","A high vulnerability in go-module package: golang.org/x/crypto, version v0.10.0 was found in image mongo:5.0.19 at: /usr/bin/mongoexport"
"qubership-logging-operator","grype","mongo:5.0.19","GHSA-hcg3-q754-cr77","HIGH","golang.org/x/crypto","v0.10.0","0.35.0","A high vulnerability in go-module package: golang.org/x/crypto, version v0.10.0 was found in image mongo:5.0.19 at: /usr/bin/mongofiles"
"qubership-logging-operator","grype","mongo:5.0.19","GHSA-hcg3-q754-cr77","HIGH","golang.org/x/crypto","v0.10.0","0.35.0","A high vulnerability in go-module package: golang.org/x/crypto, version v0.10.0 was found in image mongo:5.0.19 at: /usr/bin/mongoimport"
"qubership-logging-operator","grype","mongo:5.0.19","GHSA-hcg3-q754-cr77","HIGH","golang.org/x/crypto","v0.10.0","0.35.0","A high vulnerability in go-module package: golang.org/x/crypto, version v0.10.0 was found in image mongo:5.0.19 at: /usr/bin/bsondump"
"qubership-logging-operator","grype","mongo:5.0.19","GHSA-hcg3-q754-cr77","HIGH","golang.org/x/crypto","v0.10.0","0.35.0","A high vulnerability in go-module package: golang.org/x/crypto, version v0.10.0 was found in image mongo:5.0.19 at: /usr/bin/mongostat"
"qubership-logging-operator","grype","mongo:5.0.19","GHSA-hcg3-q754-cr77","HIGH","golang.org/x/crypto","v0.10.0","0.35.0","A high vulnerability in go-module package: golang.org/x/crypto, version v0.10.0 was found in image mongo:5.0.19 at: /usr/bin/mongotop"
"qubership-logging-operator","grype","mongo:5.0.19","CVE-2025-22871","CRITICAL","stdlib","go1.18.2","1.23.8,1.24.2","A critical vulnerability in go-module package: stdlib, version go1.18.2 was found in image mongo:5.0.19 at: /usr/local/bin/gosu"
"qubership-logging-operator","grype","mongo:5.0.19","CVE-2025-22871","CRITICAL","stdlib","go1.18.2","1.23.8,1.24.2","A critical vulnerability in go-module package: stdlib, version go1.19.11 was found in image mongo:5.0.19 at: /usr/bin/mongoexport"
"qubership-logging-operator","grype","mongo:5.0.19","CVE-2025-22871","CRITICAL","stdlib","go1.18.2","1.23.8,1.24.2","A critical vulnerability in go-module package: stdlib, version go1.19.11 was found in image mongo:5.0.19 at: /usr/bin/bsondump"
"qubership-logging-operator","grype","mongo:5.0.19","CVE-2025-22871","CRITICAL","stdlib","go1.18.2","1.23.8,1.24.2","A critical vulnerability in go-module package: stdlib, version go1.19.11 was found in image mongo:5.0.19 at: /usr/bin/mongotop"
"qubership-logging-operator","grype","mongo:5.0.19","CVE-2025-22871","CRITICAL","stdlib","go1.18.2","1.23.8,1.24.2","A critical vulnerability in go-module package: stdlib, version go1.19.11 was found in image mongo:5.0.19 at: /usr/bin/mongostat"
"qubership-logging-operator","grype","mongo:5.0.19","CVE-2025-22871","CRITICAL","stdlib","go1.18.2","1.23.8,1.24.2","A critical vulnerability in go-module package: stdlib, version go1.19.11 was found in image mongo:5.0.19 at: /usr/bin/mongorestore"
"qubership-logging-operator","grype","mongo:5.0.19","CVE-2025-22871","CRITICAL","stdlib","go1.18.2","1.23.8,1.24.2","A critical vulnerability in go-module package: stdlib, version go1.19.11 was found in image mongo:5.0.19 at: /usr/bin/mongoimport"
"qubership-logging-operator","grype","mongo:5.0.19","CVE-2025-22871","CRITICAL","stdlib","go1.18.2","1.23.8,1.24.2","A critical vulnerability in go-module package: stdlib, version go1.19.11 was found in image mongo:5.0.19 at: /usr/bin/mongofiles"
"qubership-logging-operator","grype","mongo:5.0.19","CVE-2025-22871","CRITICAL","stdlib","go1.18.2","1.23.8,1.24.2","A critical vulnerability in go-module package: stdlib, version go1.19.11 was found in image mongo:5.0.19 at: /usr/bin/mongodump"
"qubership-logging-operator","grype","mongo:5.0.19","CVE-2022-41723","HIGH","stdlib","go1.18.2","1.19.6","A high vulnerability in go-module package: stdlib, version go1.18.2 was found in image mongo:5.0.19 at: /usr/local/bin/gosu"
"qubership-logging-operator","grype","mongo:5.0.19","CVE-2023-45287","HIGH","stdlib","go1.18.2","1.20.0","A high vulnerability in go-module package: stdlib, version go1.18.2 was found in image mongo:5.0.19 at: /usr/local/bin/gosu"
"qubership-logging-operator","grype","mongo:5.0.19","CVE-2023-45287","HIGH","stdlib","go1.18.2","1.20.0","A high vulnerability in go-module package: stdlib, version go1.19.11 was found in image mongo:5.0.19 at: /usr/bin/mongodump"
"qubership-logging-operator","grype","mongo:5.0.19","CVE-2023-45287","HIGH","stdlib","go1.18.2","1.20.0","A high vulnerability in go-module package: stdlib, version go1.19.11 was found in image mongo:5.0.19 at: /usr/bin/bsondump"
"qubership-logging-operator","grype","mongo:5.0.19","CVE-2023-45287","HIGH","stdlib","go1.18.2","1.20.0","A high vulnerability in go-module package: stdlib, version go1.19.11 was found in image mongo:5.0.19 at: /usr/bin/mongoexport"
"qubership-logging-operator","grype","mongo:5.0.19","CVE-2023-45287","HIGH","stdlib","go1.18.2","1.20.0","A high vulnerability in go-module package: stdlib, version go1.19.11 was found in image mongo:5.0.19 at: /usr/bin/mongofiles"
"qubership-logging-operator","grype","mongo:5.0.19","CVE-2023-45287","HIGH","stdlib","go1.18.2","1.20.0","A high vulnerability in go-module package: stdlib, version go1.19.11 was found in image mongo:5.0.19 at: /usr/bin/mongoimport"
"qubership-logging-operator","grype","mongo:5.0.19","CVE-2023-45287","HIGH","stdlib","go1.18.2","1.20.0","A high vulnerability in go-module package: stdlib, version go1.19.11 was found in image mongo:5.0.19 at: /usr/bin/mongorestore"
"qubership-logging-operator","grype","mongo:5.0.19","CVE-2023-45287","HIGH","stdlib","go1.18.2","1.20.0","A high vulnerability in go-module package: stdlib, version go1.19.11 was found in image mongo:5.0.19 at: /usr/bin/mongostat"
"qubership-logging-operator","grype","mongo:5.0.19","CVE-2023-45287","HIGH","stdlib","go1.18.2","1.20.0","A high vulnerability in go-module package: stdlib, version go1.19.11 was found in image mongo:5.0.19 at: /usr/bin/mongotop"
"qubership-logging-operator","grype","mongo:5.0.19","CVE-2024-34158","HIGH","stdlib","go1.18.2","1.22.7,1.23.1","A high vulnerability in go-module package: stdlib, version go1.18.2 was found in image mongo:5.0.19 at: /usr/local/bin/gosu"
"qubership-logging-operator","grype","mongo:5.0.19","CVE-2024-34158","HIGH","stdlib","go1.18.2","1.22.7,1.23.1","A high vulnerability in go-module package: stdlib, version go1.19.11 was found in image mongo:5.0.19 at: /usr/bin/mongostat"
"qubership-logging-operator","grype","mongo:5.0.19","CVE-2024-34158","HIGH","stdlib","go1.18.2","1.22.7,1.23.1","A high vulnerability in go-module package: stdlib, version go1.19.11 was found in image mongo:5.0.19 at: /usr/bin/mongodump"
"qubership-logging-operator","grype","mongo:5.0.19","CVE-2024-34158","HIGH","stdlib","go1.18.2","1.22.7,1.23.1","A high vulnerability in go-module package: stdlib, version go1.19.11 was found in image mongo:5.0.19 at: /usr/bin/mongoimport"
"qubership-logging-operator","grype","mongo:5.0.19","CVE-2024-34158","HIGH","stdlib","go1.18.2","1.22.7,1.23.1","A high vulnerability in go-module package: stdlib, version go1.19.11 was found in image mongo:5.0.19 at: /usr/bin/mongorestore"
"qubership-logging-operator","grype","mongo:5.0.19","CVE-2024-34158","HIGH","stdlib","go1.18.2","1.22.7,1.23.1","A high vulnerability in go-module package: stdlib, version go1.19.11 was found in image mongo:5.0.19 at: /usr/bin/mongofiles"
"qubership-logging-operator","grype","mongo:5.0.19","CVE-2024-34158","HIGH","stdlib","go1.18.2","1.22.7,1.23.1","A high vulnerability in go-module package: stdlib, version go1.19.11 was found in image mongo:5.0.19 at: /usr/bin/mongotop"
"qubership-logging-operator","grype","mongo:5.0.19","CVE-2024-34158","HIGH","stdlib","go1.18.2","1.22.7,1.23.1","A high vulnerability in go-module package: stdlib, version go1.19.11 was found in image mongo:5.0.19 at: /usr/bin/bsondump"
"qubership-logging-operator","grype","mongo:5.0.19","CVE-2024-34158","HIGH","stdlib","go1.18.2","1.22.7,1.23.1","A high vulnerability in go-module package: stdlib, version go1.19.11 was found in image mongo:5.0.19 at: /usr/bin/mongoexport"
"qubership-logging-operator","grype","mongo:5.0.19","CVE-2023-29402","CRITICAL","stdlib","go1.18.2","1.19.10,1.20.5","A critical vulnerability in go-module package: stdlib, version go1.18.2 was found in image mongo:5.0.19 at: /usr/local/bin/gosu"
"qubership-logging-operator","grype","mongo:5.0.19","GHSA-vpvm-3wq2-2wvm","HIGH","github.com/opencontainers/runc","v1.1.0","1.1.5","A high vulnerability in go-module package: github.com/opencontainers/runc, version v1.1.0 was found in image mongo:5.0.19 at: /usr/local/bin/gosu"
"qubership-logging-operator","grype","mongo:5.0.19","CVE-2022-32189","HIGH","stdlib","go1.18.2","1.17.13,1.18.5","A high vulnerability in go-module package: stdlib, version go1.18.2 was found in image mongo:5.0.19 at: /usr/local/bin/gosu"
"qubership-logging-operator","grype","mongo:5.0.19","CVE-2023-29404","CRITICAL","stdlib","go1.18.2","1.19.10,1.20.5","A critical vulnerability in go-module package: stdlib, version go1.18.2 was found in image mongo:5.0.19 at: /usr/local/bin/gosu"
"qubership-logging-operator","grype","mongo:5.0.19","CVE-2024-24790","CRITICAL","stdlib","go1.18.2","1.21.11,1.22.4","A critical vulnerability in go-module package: stdlib, version go1.18.2 was found in image mongo:5.0.19 at: /usr/local/bin/gosu"
"qubership-logging-operator","grype","mongo:5.0.19","CVE-2024-24790","CRITICAL","stdlib","go1.18.2","1.21.11,1.22.4","A critical vulnerability in go-module package: stdlib, version go1.19.11 was found in image mongo:5.0.19 at: /usr/bin/bsondump"
"qubership-logging-operator","grype","mongo:5.0.19","CVE-2024-24790","CRITICAL","stdlib","go1.18.2","1.21.11,1.22.4","A critical vulnerability in go-module package: stdlib, version go1.19.11 was found in image mongo:5.0.19 at: /usr/bin/mongotop"
"qubership-logging-operator","grype","mongo:5.0.19","CVE-2024-24790","CRITICAL","stdlib","go1.18.2","1.21.11,1.22.4","A critical vulnerability in go-module package: stdlib, version go1.19.11 was found in image mongo:5.0.19 at: /usr/bin/mongodump"
"qubership-logging-operator","grype","mongo:5.0.19","CVE-2024-24790","CRITICAL","stdlib","go1.18.2","1.21.11,1.22.4","A critical vulnerability in go-module package: stdlib, version go1.19.11 was found in image mongo:5.0.19 at: /usr/bin/mongoexport"
"qubership-logging-operator","grype","mongo:5.0.19","CVE-2024-24790","CRITICAL","stdlib","go1.18.2","1.21.11,1.22.4","A critical vulnerability in go-module package: stdlib, version go1.19.11 was found in image mongo:5.0.19 at: /usr/bin/mongofiles"
"qubership-logging-operator","grype","mongo:5.0.19","CVE-2024-24790","CRITICAL","stdlib","go1.18.2","1.21.11,1.22.4","A critical vulnerability in go-module package: stdlib, version go1.19.11 was found in image mongo:5.0.19 at: /usr/bin/mongoimport"
"qubership-logging-operator","grype","mongo:5.0.19","CVE-2024-24790","CRITICAL","stdlib","go1.18.2","1.21.11,1.22.4","A critical vulnerability in go-module package: stdlib, version go1.19.11 was found in image mongo:5.0.19 at: /usr/bin/mongorestore"
"qubership-logging-operator","grype","mongo:5.0.19","CVE-2024-24790","CRITICAL","stdlib","go1.18.2","1.21.11,1.22.4","A critical vulnerability in go-module package: stdlib, version go1.19.11 was found in image mongo:5.0.19 at: /usr/bin/mongostat"
"qubership-logging-operator","grype","mongo:5.0.19","CVE-2022-30635","HIGH","stdlib","go1.18.2","1.17.12,1.18.4","A high vulnerability in go-module package: stdlib, version go1.18.2 was found in image mongo:5.0.19 at: /usr/local/bin/gosu"
"qubership-logging-operator","grype","mongo:5.0.19","CVE-2024-4741","HIGH","libssl1.1","1.1.1f-1ubuntu2.19","1.1.1f-1ubuntu2.23","A low vulnerability in deb package: libssl1.1, version 1.1.1f-1ubuntu2.19 was found in image mongo:5.0.19 at: /var/lib/dpkg/status"
"qubership-logging-operator","grype","mongo:5.0.19","CVE-2024-4741","HIGH","openssl","1.1.1f-1ubuntu2.19","1.1.1f-1ubuntu2.23","A low vulnerability in deb package: openssl, version 1.1.1f-1ubuntu2.19 was found in image mongo:5.0.19 at: /var/lib/dpkg/status"
"qubership-logging-operator","grype","mongo:5.0.19","CVE-2022-30632","HIGH","stdlib","go1.18.2","1.17.12,1.18.4","A high vulnerability in go-module package: stdlib, version go1.18.2 was found in image mongo:5.0.19 at: /usr/local/bin/gosu"
"qubership-logging-operator","grype","mongo:5.0.19","CVE-2022-30633","HIGH","stdlib","go1.18.2","1.17.12,1.18.4","A high vulnerability in go-module package: stdlib, version go1.18.2 was found in image mongo:5.0.19 at: /usr/local/bin/gosu"
"qubership-logging-operator","grype","mongo:5.0.19","CVE-2022-27664","HIGH","stdlib","go1.18.2","1.18.6","A high vulnerability in go-module package: stdlib, version go1.18.2 was found in image mongo:5.0.19 at: /usr/local/bin/gosu"
"qubership-logging-operator","grype","mongo:5.0.19","CVE-2023-7104","HIGH","libsqlite3-0","3.31.1-4ubuntu0.5","3.31.1-4ubuntu0.6","A medium vulnerability in deb package: libsqlite3-0, version 3.31.1-4ubuntu0.5 was found in image mongo:5.0.19 at: /var/lib/dpkg/status"
"qubership-logging-operator","grype","mongo:5.0.19","CVE-2023-47038","HIGH","perl-base","5.30.0-9ubuntu0.4","5.30.0-9ubuntu0.5","A medium vulnerability in deb package: perl-base, version 5.30.0-9ubuntu0.4 was found in image mongo:5.0.19 at: /var/lib/dpkg/status"
"qubership-logging-operator","grype","mongo:5.0.19","CVE-2023-24536","HIGH","stdlib","go1.18.2","1.19.8,1.20.3","A high vulnerability in go-module package: stdlib, version go1.18.2 was found in image mongo:5.0.19 at: /usr/local/bin/gosu"
"qubership-logging-operator","grype","mongo:5.0.19","CVE-2024-33601","HIGH","libc-bin","2.31-0ubuntu9.9","2.31-0ubuntu9.16","A medium vulnerability in deb package: libc-bin, version 2.31-0ubuntu9.9 was found in image mongo:5.0.19 at: /var/lib/dpkg/status"
"qubership-logging-operator","grype","mongo:5.0.19","CVE-2024-33601","HIGH","libc6","2.31-0ubuntu9.9","2.31-0ubuntu9.16","A medium vulnerability in deb package: libc6, version 2.31-0ubuntu9.9 was found in image mongo:5.0.19 at: /var/lib/dpkg/status"
"qubership-logging-operator","grype","mongo:5.0.19","CVE-2023-24539","HIGH","stdlib","go1.18.2","1.19.9,1.20.4","A high vulnerability in go-module package: stdlib, version go1.18.2 was found in image mongo:5.0.19 at: /usr/local/bin/gosu"
"qubership-logging-operator","grype","mongo:5.0.19","CVE-2023-39323","HIGH","stdlib","go1.18.2","1.20.9,1.21.2","A high vulnerability in go-module package: stdlib, version go1.18.2 was found in image mongo:5.0.19 at: /usr/local/bin/gosu"
"qubership-logging-operator","grype","mongo:5.0.19","CVE-2023-39323","HIGH","stdlib","go1.18.2","1.20.9,1.21.2","A high vulnerability in go-module package: stdlib, version go1.19.11 was found in image mongo:5.0.19 at: /usr/bin/mongofiles"
"qubership-logging-operator","grype","mongo:5.0.19","CVE-2023-39323","HIGH","stdlib","go1.18.2","1.20.9,1.21.2","A high vulnerability in go-module package: stdlib, version go1.19.11 was found in image mongo:5.0.19 at: /usr/bin/mongoimport"
"qubership-logging-operator","grype","mongo:5.0.19","CVE-2023-39323","HIGH","stdlib","go1.18.2","1.20.9,1.21.2","A high vulnerability in go-module package: stdlib, version go1.19.11 was found in image mongo:5.0.19 at: /usr/bin/mongoexport"
"qubership-logging-operator","grype","mongo:5.0.19","CVE-2023-39323","HIGH","stdlib","go1.18.2","1.20.9,1.21.2","A high vulnerability in go-module package: stdlib, version go1.19.11 was found in image mongo:5.0.19 at: /usr/bin/mongodump"
"qubership-logging-operator","grype","mongo:5.0.19","CVE-2023-39323","HIGH","stdlib","go1.18.2","1.20.9,1.21.2","A high vulnerability in go-module package: stdlib, version go1.19.11 was found in image mongo:5.0.19 at: /usr/bin/bsondump"
"qubership-logging-operator","grype","mongo:5.0.19","CVE-2023-39323","HIGH","stdlib","go1.18.2","1.20.9,1.21.2","A high vulnerability in go-module package: stdlib, version go1.19.11 was found in image mongo:5.0.19 at: /usr/bin/mongorestore"
"qubership-logging-operator","grype","mongo:5.0.19","CVE-2023-39323","HIGH","stdlib","go1.18.2","1.20.9,1.21.2","A high vulnerability in go-module package: stdlib, version go1.19.11 was found in image mongo:5.0.19 at: /usr/bin/mongostat"
"qubership-logging-operator","grype","mongo:5.0.19","CVE-2023-39323","HIGH","stdlib","go1.18.2","1.20.9,1.21.2","A high vulnerability in go-module package: stdlib, version go1.19.11 was found in image mongo:5.0.19 at: /usr/bin/mongotop"
"qubership-logging-operator","grype","mongo:5.0.19","CVE-2022-30580","HIGH","stdlib","go1.18.2","1.17.11,1.18.3","A high vulnerability in go-module package: stdlib, version go1.18.2 was found in image mongo:5.0.19 at: /usr/local/bin/gosu"
"qubership-logging-operator","grype","mongo:5.0.19","CVE-2022-41725","HIGH","stdlib","go1.18.2","1.19.6","A high vulnerability in go-module package: stdlib, version go1.18.2 was found in image mongo:5.0.19 at: /usr/local/bin/gosu"
"qubership-logging-operator","grype","mongo:5.0.19","CVE-2023-45285","HIGH","stdlib","go1.18.2","1.20.12,1.21.5","A high vulnerability in go-module package: stdlib, version go1.18.2 was found in image mongo:5.0.19 at: /usr/local/bin/gosu"
"qubership-logging-operator","grype","mongo:5.0.19","CVE-2023-45285","HIGH","stdlib","go1.18.2","1.20.12,1.21.5","A high vulnerability in go-module package: stdlib, version go1.19.11 was found in image mongo:5.0.19 at: /usr/bin/mongorestore"
"qubership-logging-operator","grype","mongo:5.0.19","CVE-2023-45285","HIGH","stdlib","go1.18.2","1.20.12,1.21.5","A high vulnerability in go-module package: stdlib, version go1.19.11 was found in image mongo:5.0.19 at: /usr/bin/mongostat"
"qubership-logging-operator","grype","mongo:5.0.19","CVE-2023-45285","HIGH","stdlib","go1.18.2","1.20.12,1.21.5","A high vulnerability in go-module package: stdlib, version go1.19.11 was found in image mongo:5.0.19 at: /usr/bin/mongoimport"
"qubership-logging-operator","grype","mongo:5.0.19","CVE-2023-45285","HIGH","stdlib","go1.18.2","1.20.12,1.21.5","A high vulnerability in go-module package: stdlib, version go1.19.11 was found in image mongo:5.0.19 at: /usr/bin/bsondump"
"qubership-logging-operator","grype","mongo:5.0.19","CVE-2023-45285","HIGH","stdlib","go1.18.2","1.20.12,1.21.5","A high vulnerability in go-module package: stdlib, version go1.19.11 was found in image mongo:5.0.19 at: /usr/bin/mongotop"
"qubership-logging-operator","grype","mongo:5.0.19","CVE-2023-45285","HIGH","stdlib","go1.18.2","1.20.12,1.21.5","A high vulnerability in go-module package: stdlib, version go1.19.11 was found in image mongo:5.0.19 at: /usr/bin/mongodump"
"qubership-logging-operator","grype","mongo:5.0.19","CVE-2023-45285","HIGH","stdlib","go1.18.2","1.20.12,1.21.5","A high vulnerability in go-module package: stdlib, version go1.19.11 was found in image mongo:5.0.19 at: /usr/bin/mongoexport"
"qubership-logging-operator","grype","mongo:5.0.19","CVE-2023-45285","HIGH","stdlib","go1.18.2","1.20.12,1.21.5","A high vulnerability in go-module package: stdlib, version go1.19.11 was found in image mongo:5.0.19 at: /usr/bin/mongofiles"
"qubership-logging-operator","grype","mongo:5.0.19","CVE-2023-24534","HIGH","stdlib","go1.18.2","1.19.8,1.20.3","A high vulnerability in go-module package: stdlib, version go1.18.2 was found in image mongo:5.0.19 at: /usr/local/bin/gosu"
"qubership-logging-operator","grype","mongo:5.0.19","CVE-2023-29400","HIGH","stdlib","go1.18.2","1.19.9,1.20.4","A high vulnerability in go-module package: stdlib, version go1.18.2 was found in image mongo:5.0.19 at: /usr/local/bin/gosu"
"qubership-logging-operator","grype","mongo:5.0.19","CVE-2022-30631","HIGH","stdlib","go1.18.2","1.17.12,1.18.4","A high vulnerability in go-module package: stdlib, version go1.18.2 was found in image mongo:5.0.19 at: /usr/local/bin/gosu"
"qubership-logging-operator","grype","mongo:5.0.19","CVE-2025-61723","HIGH","stdlib","go1.18.2","1.24.8,1.25.2","A high vulnerability in go-module package: stdlib, version go1.18.2 was found in image mongo:5.0.19 at: /usr/local/bin/gosu"
"qubership-logging-operator","grype","mongo:5.0.19","CVE-2025-61723","HIGH","stdlib","go1.18.2","1.24.8,1.25.2","A high vulnerability in go-module package: stdlib, version go1.19.11 was found in image mongo:5.0.19 at: /usr/bin/mongostat"
"qubership-logging-operator","grype","mongo:5.0.19","CVE-2025-61723","HIGH","stdlib","go1.18.2","1.24.8,1.25.2","A high vulnerability in go-module package: stdlib, version go1.19.11 was found in image mongo:5.0.19 at: /usr/bin/mongoimport"
"qubership-logging-operator","grype","mongo:5.0.19","CVE-2025-61723","HIGH","stdlib","go1.18.2","1.24.8,1.25.2","A high vulnerability in go-module package: stdlib, version go1.19.11 was found in image mongo:5.0.19 at: /usr/bin/mongotop"
"qubership-logging-operator","grype","mongo:5.0.19","CVE-2025-61723","HIGH","stdlib","go1.18.2","1.24.8,1.25.2","A high vulnerability in go-module package: stdlib, version go1.19.11 was found in image mongo:5.0.19 at: /usr/bin/bsondump"
"qubership-logging-operator","grype","mongo:5.0.19","CVE-2025-61723","HIGH","stdlib","go1.18.2","1.24.8,1.25.2","A high vulnerability in go-module package: stdlib, version go1.19.11 was found in image mongo:5.0.19 at: /usr/bin/mongorestore"
"qubership-logging-operator","grype","mongo:5.0.19","CVE-2025-61723","HIGH","stdlib","go1.18.2","1.24.8,1.25.2","A high vulnerability in go-module package: stdlib, version go1.19.11 was found in image mongo:5.0.19 at: /usr/bin/mongodump"
"qubership-logging-operator","grype","mongo:5.0.19","CVE-2025-61723","HIGH","stdlib","go1.18.2","1.24.8,1.25.2","A high vulnerability in go-module package: stdlib, version go1.19.11 was found in image mongo:5.0.19 at: /usr/bin/mongoexport"
"qubership-logging-operator","grype","mongo:5.0.19","CVE-2025-61723","HIGH","stdlib","go1.18.2","1.24.8,1.25.2","A high vulnerability in go-module package: stdlib, version go1.19.11 was found in image mongo:5.0.19 at: /usr/bin/mongofiles"
"qubership-logging-operator","grype","mongo:5.0.19","CVE-2022-30630","HIGH","stdlib","go1.18.2","1.17.12,1.18.4","A high vulnerability in go-module package: stdlib, version go1.18.2 was found in image mongo:5.0.19 at: /usr/local/bin/gosu"
"qubership-logging-operator","grype","mongo:5.0.19","GHSA-cgrx-mc8f-2prm","HIGH","github.com/opencontainers/runc","v1.1.0","1.2.8","A high vulnerability in go-module package: github.com/opencontainers/runc, version v1.1.0 was found in image mongo:5.0.19 at: /usr/local/bin/gosu"
"qubership-logging-operator","grype","mongo:5.0.19","CVE-2022-2880","HIGH","stdlib","go1.18.2","1.18.7,1.19.2","A high vulnerability in go-module package: stdlib, version go1.18.2 was found in image mongo:5.0.19 at: /usr/local/bin/gosu"
"qubership-logging-operator","grype","mongo:5.0.19","CVE-2025-61725","HIGH","stdlib","go1.18.2","1.24.8,1.25.2","A high vulnerability in go-module package: stdlib, version go1.18.2 was found in image mongo:5.0.19 at: /usr/local/bin/gosu"
"qubership-logging-operator","grype","mongo:5.0.19","CVE-2025-61725","HIGH","stdlib","go1.18.2","1.24.8,1.25.2","A high vulnerability in go-module package: stdlib, version go1.19.11 was found in image mongo:5.0.19 at: /usr/bin/mongotop"
"qubership-logging-operator","grype","mongo:5.0.19","CVE-2025-61725","HIGH","stdlib","go1.18.2","1.24.8,1.25.2","A high vulnerability in go-module package: stdlib, version go1.19.11 was found in image mongo:5.0.19 at: /usr/bin/mongostat"
"qubership-logging-operator","grype","mongo:5.0.19","CVE-2025-61725","HIGH","stdlib","go1.18.2","1.24.8,1.25.2","A high vulnerability in go-module package: stdlib, version go1.19.11 was found in image mongo:5.0.19 at: /usr/bin/mongorestore"
"qubership-logging-operator","grype","mongo:5.0.19","CVE-2025-61725","HIGH","stdlib","go1.18.2","1.24.8,1.25.2","A high vulnerability in go-module package: stdlib, version go1.19.11 was found in image mongo:5.0.19 at: /usr/bin/mongoimport"
"qubership-logging-operator","grype","mongo:5.0.19","CVE-2025-61725","HIGH","stdlib","go1.18.2","1.24.8,1.25.2","A high vulnerability in go-module package: stdlib, version go1.19.11 was found in image mongo:5.0.19 at: /usr/bin/mongofiles"
"qubership-logging-operator","grype","mongo:5.0.19","CVE-2025-61725","HIGH","stdlib","go1.18.2","1.24.8,1.25.2","A high vulnerability in go-module package: stdlib, version go1.19.11 was found in image mongo:5.0.19 at: /usr/bin/mongoexport"
"qubership-logging-operator","grype","mongo:5.0.19","CVE-2025-61725","HIGH","stdlib","go1.18.2","1.24.8,1.25.2","A high vulnerability in go-module package: stdlib, version go1.19.11 was found in image mongo:5.0.19 at: /usr/bin/mongodump"
"qubership-logging-operator","grype","mongo:5.0.19","CVE-2025-61725","HIGH","stdlib","go1.18.2","1.24.8,1.25.2","A high vulnerability in go-module package: stdlib, version go1.19.11 was found in image mongo:5.0.19 at: /usr/bin/bsondump"
"qubership-logging-operator","grype","mongo:5.0.19","CVE-2025-61726","HIGH","stdlib","go1.18.2","1.24.12,1.25.6","A high vulnerability in go-module package: stdlib, version go1.18.2 was found in image mongo:5.0.19 at: /usr/local/bin/gosu"
"qubership-logging-operator","grype","mongo:5.0.19","CVE-2025-61726","HIGH","stdlib","go1.18.2","1.24.12,1.25.6","A high vulnerability in go-module package: stdlib, version go1.19.11 was found in image mongo:5.0.19 at: /usr/bin/bsondump"
"qubership-logging-operator","grype","mongo:5.0.19","CVE-2025-61726","HIGH","stdlib","go1.18.2","1.24.12,1.25.6","A high vulnerability in go-module package: stdlib, version go1.19.11 was found in image mongo:5.0.19 at: /usr/bin/mongodump"
"qubership-logging-operator","grype","mongo:5.0.19","CVE-2025-61726","HIGH","stdlib","go1.18.2","1.24.12,1.25.6","A high vulnerability in go-module package: stdlib, version go1.19.11 was found in image mongo:5.0.19 at: /usr/bin/mongoexport"
"qubership-logging-operator","grype","mongo:5.0.19","CVE-2025-61726","HIGH","stdlib","go1.18.2","1.24.12,1.25.6","A high vulnerability in go-module package: stdlib, version go1.19.11 was found in image mongo:5.0.19 at: /usr/bin/mongofiles"
"qubership-logging-operator","grype","mongo:5.0.19","CVE-2025-61726","HIGH","stdlib","go1.18.2","1.24.12,1.25.6","A high vulnerability in go-module package: stdlib, version go1.19.11 was found in image mongo:5.0.19 at: /usr/bin/mongoimport"
"qubership-logging-operator","grype","mongo:5.0.19","CVE-2025-61726","HIGH","stdlib","go1.18.2","1.24.12,1.25.6","A high vulnerability in go-module package: stdlib, version go1.19.11 was found in image mongo:5.0.19 at: /usr/bin/mongorestore"
"qubership-logging-operator","grype","mongo:5.0.19","CVE-2025-61726","HIGH","stdlib","go1.18.2","1.24.12,1.25.6","A high vulnerability in go-module package: stdlib, version go1.19.11 was found in image mongo:5.0.19 at: /usr/bin/mongostat"
"qubership-logging-operator","grype","mongo:5.0.19","CVE-2025-61726","HIGH","stdlib","go1.18.2","1.24.12,1.25.6","A high vulnerability in go-module package: stdlib, version go1.19.11 was found in image mongo:5.0.19 at: /usr/bin/mongotop"
"qubership-logging-operator","grype","mongo:5.0.19","CVE-2024-26461","HIGH","krb5-locales","1.17-6ubuntu4.3","1.17-6ubuntu4.9","A low vulnerability in deb package: krb5-locales, version 1.17-6ubuntu4.3 was found in image mongo:5.0.19 at: /var/lib/dpkg/status"
"qubership-logging-operator","grype","mongo:5.0.19","CVE-2024-26461","HIGH","libgssapi-krb5-2","1.17-6ubuntu4.3","1.17-6ubuntu4.9","A low vulnerability in deb package: libgssapi-krb5-2, version 1.17-6ubuntu4.3 was found in image mongo:5.0.19 at: /var/lib/dpkg/status"
"qubership-logging-operator","grype","mongo:5.0.19","CVE-2024-26461","HIGH","libk5crypto3","1.17-6ubuntu4.3","1.17-6ubuntu4.9","A low vulnerability in deb package: libk5crypto3, version 1.17-6ubuntu4.3 was found in image mongo:5.0.19 at: /var/lib/dpkg/status"
"qubership-logging-operator","grype","mongo:5.0.19","CVE-2024-26461","HIGH","libkrb5-3","1.17-6ubuntu4.3","1.17-6ubuntu4.9","A low vulnerability in deb package: libkrb5-3, version 1.17-6ubuntu4.3 was found in image mongo:5.0.19 at: /var/lib/dpkg/status"
"qubership-logging-operator","grype","mongo:5.0.19","CVE-2024-26461","HIGH","libkrb5support0","1.17-6ubuntu4.3","1.17-6ubuntu4.9","A low vulnerability in deb package: libkrb5support0, version 1.17-6ubuntu4.3 was found in image mongo:5.0.19 at: /var/lib/dpkg/status"
"qubership-logging-operator","grype","mongo:5.0.19","CVE-2025-68121","CRITICAL","stdlib","go1.18.2","1.24.13,1.25.7,1.26.0-rc.3","A critical vulnerability in go-module package: stdlib, version go1.18.2 was found in image mongo:5.0.19 at: /usr/local/bin/gosu"
"qubership-logging-operator","grype","mongo:5.0.19","CVE-2025-68121","CRITICAL","stdlib","go1.18.2","1.24.13,1.25.7,1.26.0-rc.3","A critical vulnerability in go-module package: stdlib, version go1.19.11 was found in image mongo:5.0.19 at: /usr/bin/mongoexport"
"qubership-logging-operator","grype","mongo:5.0.19","CVE-2025-68121","CRITICAL","stdlib","go1.18.2","1.24.13,1.25.7,1.26.0-rc.3","A critical vulnerability in go-module package: stdlib, version go1.19.11 was found in image mongo:5.0.19 at: /usr/bin/bsondump"
"qubership-logging-operator","grype","mongo:5.0.19","CVE-2025-68121","CRITICAL","stdlib","go1.18.2","1.24.13,1.25.7,1.26.0-rc.3","A critical vulnerability in go-module package: stdlib, version go1.19.11 was found in image mongo:5.0.19 at: /usr/bin/mongofiles"
"qubership-logging-operator","grype","mongo:5.0.19","CVE-2025-68121","CRITICAL","stdlib","go1.18.2","1.24.13,1.25.7,1.26.0-rc.3","A critical vulnerability in go-module package: stdlib, version go1.19.11 was found in image mongo:5.0.19 at: /usr/bin/mongodump"
"qubership-logging-operator","grype","mongo:5.0.19","CVE-2025-68121","CRITICAL","stdlib","go1.18.2","1.24.13,1.25.7,1.26.0-rc.3","A critical vulnerability in go-module package: stdlib, version go1.19.11 was found in image mongo:5.0.19 at: /usr/bin/mongoimport"
"qubership-logging-operator","grype","mongo:5.0.19","CVE-2025-68121","CRITICAL","stdlib","go1.18.2","1.24.13,1.25.7,1.26.0-rc.3","A critical vulnerability in go-module package: stdlib, version go1.19.11 was found in image mongo:5.0.19 at: /usr/bin/mongorestore"
"qubership-logging-operator","grype","mongo:5.0.19","CVE-2025-68121","CRITICAL","stdlib","go1.18.2","1.24.13,1.25.7,1.26.0-rc.3","A critical vulnerability in go-module package: stdlib, version go1.19.11 was found in image mongo:5.0.19 at: /usr/bin/mongostat"
"qubership-logging-operator","grype","mongo:5.0.19","CVE-2025-68121","CRITICAL","stdlib","go1.18.2","1.24.13,1.25.7,1.26.0-rc.3","A critical vulnerability in go-module package: stdlib, version go1.19.11 was found in image mongo:5.0.19 at: /usr/bin/mongotop"
"qubership-logging-operator","grype","mongo:5.0.19","GHSA-9493-h29p-rfm2","HIGH","github.com/opencontainers/runc","v1.1.0","1.2.8","A high vulnerability in go-module package: github.com/opencontainers/runc, version v1.1.0 was found in image mongo:5.0.19 at: /usr/local/bin/gosu"
"qubership-logging-operator","grype","mongo:5.0.19","CVE-2025-58188","HIGH","stdlib","go1.18.2","1.24.8,1.25.2","A high vulnerability in go-module package: stdlib, version go1.18.2 was found in image mongo:5.0.19 at: /usr/local/bin/gosu"
"qubership-logging-operator","grype","mongo:5.0.19","CVE-2025-58188","HIGH","stdlib","go1.18.2","1.24.8,1.25.2","A high vulnerability in go-module package: stdlib, version go1.19.11 was found in image mongo:5.0.19 at: /usr/bin/mongotop"
"qubership-logging-operator","grype","mongo:5.0.19","CVE-2025-58188","HIGH","stdlib","go1.18.2","1.24.8,1.25.2","A high vulnerability in go-module package: stdlib, version go1.19.11 was found in image mongo:5.0.19 at: /usr/bin/mongostat"
"qubership-logging-operator","grype","mongo:5.0.19","CVE-2025-58188","HIGH","stdlib","go1.18.2","1.24.8,1.25.2","A high vulnerability in go-module package: stdlib, version go1.19.11 was found in image mongo:5.0.19 at: /usr/bin/mongorestore"
"qubership-logging-operator","grype","mongo:5.0.19","CVE-2025-58188","HIGH","stdlib","go1.18.2","1.24.8,1.25.2","A high vulnerability in go-module package: stdlib, version go1.19.11 was found in image mongo:5.0.19 at: /usr/bin/mongoimport"
"qubership-logging-operator","grype","mongo:5.0.19","CVE-2025-58188","HIGH","stdlib","go1.18.2","1.24.8,1.25.2","A high vulnerability in go-module package: stdlib, version go1.19.11 was found in image mongo:5.0.19 at: /usr/bin/mongofiles"
"qubership-logging-operator","grype","mongo:5.0.19","CVE-2025-58188","HIGH","stdlib","go1.18.2","1.24.8,1.25.2","A high vulnerability in go-module package: stdlib, version go1.19.11 was found in image mongo:5.0.19 at: /usr/bin/mongoexport"
"qubership-logging-operator","grype","mongo:5.0.19","CVE-2025-58188","HIGH","stdlib","go1.18.2","1.24.8,1.25.2","A high vulnerability in go-module package: stdlib, version go1.19.11 was found in image mongo:5.0.19 at: /usr/bin/mongodump"
"qubership-logging-operator","grype","mongo:5.0.19","CVE-2025-58188","HIGH","stdlib","go1.18.2","1.24.8,1.25.2","A high vulnerability in go-module package: stdlib, version go1.19.11 was found in image mongo:5.0.19 at: /usr/bin/bsondump"
"qubership-logging-operator","grype","mongo:5.0.19","CVE-2025-58187","HIGH","stdlib","go1.18.2","1.24.9,1.25.3","A high vulnerability in go-module package: stdlib, version go1.18.2 was found in image mongo:5.0.19 at: /usr/local/bin/gosu"
"qubership-logging-operator","grype","mongo:5.0.19","CVE-2025-58187","HIGH","stdlib","go1.18.2","1.24.9,1.25.3","A high vulnerability in go-module package: stdlib, version go1.19.11 was found in image mongo:5.0.19 at: /usr/bin/mongostat"
"qubership-logging-operator","grype","mongo:5.0.19","CVE-2025-58187","HIGH","stdlib","go1.18.2","1.24.9,1.25.3","A high vulnerability in go-module package: stdlib, version go1.19.11 was found in image mongo:5.0.19 at: /usr/bin/mongotop"
"qubership-logging-operator","grype","mongo:5.0.19","CVE-2025-58187","HIGH","stdlib","go1.18.2","1.24.9,1.25.3","A high vulnerability in go-module package: stdlib, version go1.19.11 was found in image mongo:5.0.19 at: /usr/bin/bsondump"
"qubership-logging-operator","grype","mongo:5.0.19","CVE-2025-58187","HIGH","stdlib","go1.18.2","1.24.9,1.25.3","A high vulnerability in go-module package: stdlib, version go1.19.11 was found in image mongo:5.0.19 at: /usr/bin/mongoexport"
"qubership-logging-operator","grype","mongo:5.0.19","CVE-2025-58187","HIGH","stdlib","go1.18.2","1.24.9,1.25.3","A high vulnerability in go-module package: stdlib, version go1.19.11 was found in image mongo:5.0.19 at: /usr/bin/mongorestore"
"qubership-logging-operator","grype","mongo:5.0.19","CVE-2025-58187","HIGH","stdlib","go1.18.2","1.24.9,1.25.3","A high vulnerability in go-module package: stdlib, version go1.19.11 was found in image mongo:5.0.19 at: /usr/bin/mongoimport"
"qubership-logging-operator","grype","mongo:5.0.19","CVE-2025-58187","HIGH","stdlib","go1.18.2","1.24.9,1.25.3","A high vulnerability in go-module package: stdlib, version go1.19.11 was found in image mongo:5.0.19 at: /usr/bin/mongodump"
"qubership-logging-operator","grype","mongo:5.0.19","CVE-2025-58187","HIGH","stdlib","go1.18.2","1.24.9,1.25.3","A high vulnerability in go-module package: stdlib, version go1.19.11 was found in image mongo:5.0.19 at: /usr/bin/mongofiles"
"qubership-logging-operator","grype","mongo:5.0.19","GHSA-qw9x-cqr3-wc7r","HIGH","github.com/opencontainers/runc","v1.1.0","1.2.8","A high vulnerability in go-module package: github.com/opencontainers/runc, version v1.1.0 was found in image mongo:5.0.19 at: /usr/local/bin/gosu"
"qubership-logging-operator","grype","mongo:5.0.19","CVE-2025-61729","HIGH","stdlib","go1.18.2","1.24.11,1.25.5","A high vulnerability in go-module package: stdlib, version go1.18.2 was found in image mongo:5.0.19 at: /usr/local/bin/gosu"
"qubership-logging-operator","grype","mongo:5.0.19","CVE-2025-61729","HIGH","stdlib","go1.18.2","1.24.11,1.25.5","A high vulnerability in go-module package: stdlib, version go1.19.11 was found in image mongo:5.0.19 at: /usr/bin/mongorestore"
"qubership-logging-operator","grype","mongo:5.0.19","CVE-2025-61729","HIGH","stdlib","go1.18.2","1.24.11,1.25.5","A high vulnerability in go-module package: stdlib, version go1.19.11 was found in image mongo:5.0.19 at: /usr/bin/mongostat"
"qubership-logging-operator","grype","mongo:5.0.19","CVE-2025-61729","HIGH","stdlib","go1.18.2","1.24.11,1.25.5","A high vulnerability in go-module package: stdlib, version go1.19.11 was found in image mongo:5.0.19 at: /usr/bin/mongoimport"
"qubership-logging-operator","grype","mongo:5.0.19","CVE-2025-61729","HIGH","stdlib","go1.18.2","1.24.11,1.25.5","A high vulnerability in go-module package: stdlib, version go1.19.11 was found in image mongo:5.0.19 at: /usr/bin/bsondump"
"qubership-logging-operator","grype","mongo:5.0.19","CVE-2025-61729","HIGH","stdlib","go1.18.2","1.24.11,1.25.5","A high vulnerability in go-module package: stdlib, version go1.19.11 was found in image mongo:5.0.19 at: /usr/bin/mongodump"
"qubership-logging-operator","grype","mongo:5.0.19","CVE-2025-61729","HIGH","stdlib","go1.18.2","1.24.11,1.25.5","A high vulnerability in go-module package: stdlib, version go1.19.11 was found in image mongo:5.0.19 at: /usr/bin/mongotop"
"qubership-logging-operator","grype","mongo:5.0.19","CVE-2025-61729","HIGH","stdlib","go1.18.2","1.24.11,1.25.5","A high vulnerability in go-module package: stdlib, version go1.19.11 was found in image mongo:5.0.19 at: /usr/bin/mongofiles"
"qubership-logging-operator","grype","mongo:5.0.19","CVE-2025-61729","HIGH","stdlib","go1.18.2","1.24.11,1.25.5","A high vulnerability in go-module package: stdlib, version go1.19.11 was found in image mongo:5.0.19 at: /usr/bin/mongoexport"
"qubership-logging-operator","grype","mongo:5.0.19","CVE-2022-41715","HIGH","stdlib","go1.18.2","1.18.7,1.19.2","A high vulnerability in go-module package: stdlib, version go1.18.2 was found in image mongo:5.0.19 at: /usr/local/bin/gosu"
"qubership-logging-operator","grype","mongo:5.0.19","CVE-2022-2879","HIGH","stdlib","go1.18.2","1.18.7,1.19.2","A high vulnerability in go-module package: stdlib, version go1.18.2 was found in image mongo:5.0.19 at: /usr/local/bin/gosu"
"qubership-logging-operator","grype","mongo:5.0.19","CVE-2022-28131","HIGH","stdlib","go1.18.2","1.17.12,1.18.4","A high vulnerability in go-module package: stdlib, version go1.18.2 was found in image mongo:5.0.19 at: /usr/local/bin/gosu"
"qubership-logging-operator","grype","mongo:5.0.19","CVE-2022-41724","HIGH","stdlib","go1.18.2","1.19.6","A high vulnerability in go-module package: stdlib, version go1.18.2 was found in image mongo:5.0.19 at: /usr/local/bin/gosu"
"qubership-logging-operator","grype","mongo:5.0.19","CVE-2023-24537","HIGH","stdlib","go1.18.2","1.19.8,1.20.3","A high vulnerability in go-module package: stdlib, version go1.18.2 was found in image mongo:5.0.19 at: /usr/local/bin/gosu"
"qubership-logging-operator","grype","mongo:5.0.19","CVE-2025-4802","HIGH","libc-bin","2.31-0ubuntu9.9","2.31-0ubuntu9.18","A medium vulnerability in deb package: libc-bin, version 2.31-0ubuntu9.9 was found in image mongo:5.0.19 at: /var/lib/dpkg/status"
"qubership-logging-operator","grype","mongo:5.0.19","CVE-2025-4802","HIGH","libc6","2.31-0ubuntu9.9","2.31-0ubuntu9.18","A medium vulnerability in deb package: libc6, version 2.31-0ubuntu9.9 was found in image mongo:5.0.19 at: /var/lib/dpkg/status"
"qubership-logging-operator","grype","mongo:5.0.19","CVE-2025-24528","HIGH","krb5-locales","1.17-6ubuntu4.3","1.17-6ubuntu4.9","A medium vulnerability in deb package: krb5-locales, version 1.17-6ubuntu4.3 was found in image mongo:5.0.19 at: /var/lib/dpkg/status"
"qubership-logging-operator","grype","mongo:5.0.19","CVE-2025-24528","HIGH","libgssapi-krb5-2","1.17-6ubuntu4.3","1.17-6ubuntu4.9","A medium vulnerability in deb package: libgssapi-krb5-2, version 1.17-6ubuntu4.3 was found in image mongo:5.0.19 at: /var/lib/dpkg/status"
"qubership-logging-operator","grype","mongo:5.0.19","CVE-2025-24528","HIGH","libk5crypto3","1.17-6ubuntu4.3","1.17-6ubuntu4.9","A medium vulnerability in deb package: libk5crypto3, version 1.17-6ubuntu4.3 was found in image mongo:5.0.19 at: /var/lib/dpkg/status"
"qubership-logging-operator","grype","mongo:5.0.19","CVE-2025-24528","HIGH","libkrb5-3","1.17-6ubuntu4.3","1.17-6ubuntu4.9","A medium vulnerability in deb package: libkrb5-3, version 1.17-6ubuntu4.3 was found in image mongo:5.0.19 at: /var/lib/dpkg/status"
"qubership-logging-operator","grype","mongo:5.0.19","CVE-2025-24528","HIGH","libkrb5support0","1.17-6ubuntu4.3","1.17-6ubuntu4.9","A medium vulnerability in deb package: libkrb5support0, version 1.17-6ubuntu4.3 was found in image mongo:5.0.19 at: /var/lib/dpkg/status"
"qubership-logging-operator","grype","mongo:5.0.19","CVE-2025-47907","HIGH","stdlib","go1.18.2","1.23.12,1.24.6","A high vulnerability in go-module package: stdlib, version go1.18.2 was found in image mongo:5.0.19 at: /usr/local/bin/gosu"
"qubership-logging-operator","grype","mongo:5.0.19","CVE-2025-47907","HIGH","stdlib","go1.18.2","1.23.12,1.24.6","A high vulnerability in go-module package: stdlib, version go1.19.11 was found in image mongo:5.0.19 at: /usr/bin/bsondump"
"qubership-logging-operator","grype","mongo:5.0.19","CVE-2025-47907","HIGH","stdlib","go1.18.2","1.23.12,1.24.6","A high vulnerability in go-module package: stdlib, version go1.19.11 was found in image mongo:5.0.19 at: /usr/bin/mongodump"
"qubership-logging-operator","grype","mongo:5.0.19","CVE-2025-47907","HIGH","stdlib","go1.18.2","1.23.12,1.24.6","A high vulnerability in go-module package: stdlib, version go1.19.11 was found in image mongo:5.0.19 at: /usr/bin/mongoexport"
"qubership-logging-operator","grype","mongo:5.0.19","CVE-2025-47907","HIGH","stdlib","go1.18.2","1.23.12,1.24.6","A high vulnerability in go-module package: stdlib, version go1.19.11 was found in image mongo:5.0.19 at: /usr/bin/mongofiles"
"qubership-logging-operator","grype","mongo:5.0.19","CVE-2025-47907","HIGH","stdlib","go1.18.2","1.23.12,1.24.6","A high vulnerability in go-module package: stdlib, version go1.19.11 was found in image mongo:5.0.19 at: /usr/bin/mongoimport"
"qubership-logging-operator","grype","mongo:5.0.19","CVE-2025-47907","HIGH","stdlib","go1.18.2","1.23.12,1.24.6","A high vulnerability in go-module package: stdlib, version go1.19.11 was found in image mongo:5.0.19 at: /usr/bin/mongorestore"
"qubership-logging-operator","grype","mongo:5.0.19","CVE-2025-47907","HIGH","stdlib","go1.18.2","1.23.12,1.24.6","A high vulnerability in go-module package: stdlib, version go1.19.11 was found in image mongo:5.0.19 at: /usr/bin/mongostat"
"qubership-logging-operator","grype","mongo:5.0.19","CVE-2025-47907","HIGH","stdlib","go1.18.2","1.23.12,1.24.6","A high vulnerability in go-module package: stdlib, version go1.19.11 was found in image mongo:5.0.19 at: /usr/bin/mongotop"
"qubership-logging-operator","grype","mongo:5.0.19","CVE-2023-29403","HIGH","stdlib","go1.18.2","1.19.10,1.20.5","A high vulnerability in go-module package: stdlib, version go1.18.2 was found in image mongo:5.0.19 at: /usr/local/bin/gosu"
"qubership-logging-operator","grype","mongo:5.0.19","CVE-2025-61731","HIGH","stdlib","go1.18.2","1.24.12,1.25.6","A high vulnerability in go-module package: stdlib, version go1.18.2 was found in image mongo:5.0.19 at: /usr/local/bin/gosu"
"qubership-logging-operator","grype","mongo:5.0.19","CVE-2025-61731","HIGH","stdlib","go1.18.2","1.24.12,1.25.6","A high vulnerability in go-module package: stdlib, version go1.19.11 was found in image mongo:5.0.19 at: /usr/bin/mongostat"
"qubership-logging-operator","grype","mongo:5.0.19","CVE-2025-61731","HIGH","stdlib","go1.18.2","1.24.12,1.25.6","A high vulnerability in go-module package: stdlib, version go1.19.11 was found in image mongo:5.0.19 at: /usr/bin/mongorestore"
"qubership-logging-operator","grype","mongo:5.0.19","CVE-2025-61731","HIGH","stdlib","go1.18.2","1.24.12,1.25.6","A high vulnerability in go-module package: stdlib, version go1.19.11 was found in image mongo:5.0.19 at: /usr/bin/mongoimport"
"qubership-logging-operator","grype","mongo:5.0.19","CVE-2025-61731","HIGH","stdlib","go1.18.2","1.24.12,1.25.6","A high vulnerability in go-module package: stdlib, version go1.19.11 was found in image mongo:5.0.19 at: /usr/bin/mongotop"
"qubership-logging-operator","grype","mongo:5.0.19","CVE-2025-61731","HIGH","stdlib","go1.18.2","1.24.12,1.25.6","A high vulnerability in go-module package: stdlib, version go1.19.11 was found in image mongo:5.0.19 at: /usr/bin/mongofiles"
"qubership-logging-operator","grype","mongo:5.0.19","CVE-2025-61731","HIGH","stdlib","go1.18.2","1.24.12,1.25.6","A high vulnerability in go-module package: stdlib, version go1.19.11 was found in image mongo:5.0.19 at: /usr/bin/mongoexport"
"qubership-logging-operator","grype","mongo:5.0.19","CVE-2025-61731","HIGH","stdlib","go1.18.2","1.24.12,1.25.6","A high vulnerability in go-module package: stdlib, version go1.19.11 was found in image mongo:5.0.19 at: /usr/bin/mongodump"
"qubership-logging-operator","grype","mongo:5.0.19","CVE-2025-61731","HIGH","stdlib","go1.18.2","1.24.12,1.25.6","A high vulnerability in go-module package: stdlib, version go1.19.11 was found in image mongo:5.0.19 at: /usr/bin/bsondump"
"qubership-logging-operator","grype","mongo:5.0.19","CVE-2025-61732","HIGH","stdlib","go1.18.2","1.24.13,1.25.7","A high vulnerability in go-module package: stdlib, version go1.18.2 was found in image mongo:5.0.19 at: /usr/local/bin/gosu"
"qubership-logging-operator","grype","mongo:5.0.19","CVE-2025-61732","HIGH","stdlib","go1.18.2","1.24.13,1.25.7","A high vulnerability in go-module package: stdlib, version go1.19.11 was found in image mongo:5.0.19 at: /usr/bin/bsondump"
"qubership-logging-operator","grype","mongo:5.0.19","CVE-2025-61732","HIGH","stdlib","go1.18.2","1.24.13,1.25.7","A high vulnerability in go-module package: stdlib, version go1.19.11 was found in image mongo:5.0.19 at: /usr/bin/mongotop"
"qubership-logging-operator","grype","mongo:5.0.19","CVE-2025-61732","HIGH","stdlib","go1.18.2","1.24.13,1.25.7","A high vulnerability in go-module package: stdlib, version go1.19.11 was found in image mongo:5.0.19 at: /usr/bin/mongodump"
"qubership-logging-operator","grype","mongo:5.0.19","CVE-2025-61732","HIGH","stdlib","go1.18.2","1.24.13,1.25.7","A high vulnerability in go-module package: stdlib, version go1.19.11 was found in image mongo:5.0.19 at: /usr/bin/mongoexport"
"qubership-logging-operator","grype","mongo:5.0.19","CVE-2025-61732","HIGH","stdlib","go1.18.2","1.24.13,1.25.7","A high vulnerability in go-module package: stdlib, version go1.19.11 was found in image mongo:5.0.19 at: /usr/bin/mongofiles"
"qubership-logging-operator","grype","mongo:5.0.19","CVE-2025-61732","HIGH","stdlib","go1.18.2","1.24.13,1.25.7","A high vulnerability in go-module package: stdlib, version go1.19.11 was found in image mongo:5.0.19 at: /usr/bin/mongoimport"
"qubership-logging-operator","grype","mongo:5.0.19","CVE-2025-61732","HIGH","stdlib","go1.18.2","1.24.13,1.25.7","A high vulnerability in go-module package: stdlib, version go1.19.11 was found in image mongo:5.0.19 at: /usr/bin/mongorestore"
"qubership-logging-operator","grype","mongo:5.0.19","CVE-2025-61732","HIGH","stdlib","go1.18.2","1.24.13,1.25.7","A high vulnerability in go-module package: stdlib, version go1.19.11 was found in image mongo:5.0.19 at: /usr/bin/mongostat"
"qubership-logging-operator","grype","mongo:5.0.19","CVE-2025-4674","HIGH","stdlib","go1.18.2","1.23.11,1.24.5","A high vulnerability in go-module package: stdlib, version go1.18.2 was found in image mongo:5.0.19 at: /usr/local/bin/gosu"
"qubership-logging-operator","grype","mongo:5.0.19","CVE-2025-4674","HIGH","stdlib","go1.18.2","1.23.11,1.24.5","A high vulnerability in go-module package: stdlib, version go1.19.11 was found in image mongo:5.0.19 at: /usr/bin/mongostat"
"qubership-logging-operator","grype","mongo:5.0.19","CVE-2025-4674","HIGH","stdlib","go1.18.2","1.23.11,1.24.5","A high vulnerability in go-module package: stdlib, version go1.19.11 was found in image mongo:5.0.19 at: /usr/bin/mongoexport"
"qubership-logging-operator","grype","mongo:5.0.19","CVE-2025-4674","HIGH","stdlib","go1.18.2","1.23.11,1.24.5","A high vulnerability in go-module package: stdlib, version go1.19.11 was found in image mongo:5.0.19 at: /usr/bin/bsondump"
"qubership-logging-operator","grype","mongo:5.0.19","CVE-2025-4674","HIGH","stdlib","go1.18.2","1.23.11,1.24.5","A high vulnerability in go-module package: stdlib, version go1.19.11 was found in image mongo:5.0.19 at: /usr/bin/mongodump"
"qubership-logging-operator","grype","mongo:5.0.19","CVE-2025-4674","HIGH","stdlib","go1.18.2","1.23.11,1.24.5","A high vulnerability in go-module package: stdlib, version go1.19.11 was found in image mongo:5.0.19 at: /usr/bin/mongofiles"
"qubership-logging-operator","grype","mongo:5.0.19","CVE-2025-4674","HIGH","stdlib","go1.18.2","1.23.11,1.24.5","A high vulnerability in go-module package: stdlib, version go1.19.11 was found in image mongo:5.0.19 at: /usr/bin/mongoimport"
"qubership-logging-operator","grype","mongo:5.0.19","CVE-2025-4674","HIGH","stdlib","go1.18.2","1.23.11,1.24.5","A high vulnerability in go-module package: stdlib, version go1.19.11 was found in image mongo:5.0.19 at: /usr/bin/mongorestore"
"qubership-logging-operator","grype","mongo:5.0.19","CVE-2025-4674","HIGH","stdlib","go1.18.2","1.23.11,1.24.5","A high vulnerability in go-module package: stdlib, version go1.19.11 was found in image mongo:5.0.19 at: /usr/bin/mongotop"
"qubership-logging-operator","grype","docker.io/mongo:5.0.31","CVE-2023-44487","HIGH","stdlib","go1.18.2","1.20.10,1.21.3","A high vulnerability in go-module package: stdlib, version go1.18.2 was found in image docker.io/mongo:5.0.31 at: /usr/local/bin/gosu"
"qubership-logging-operator","grype","docker.io/mongo:5.0.31","CVE-2023-45288","HIGH","stdlib","go1.18.2","1.21.9,1.22.2","A high vulnerability in go-module package: stdlib, version go1.18.2 was found in image docker.io/mongo:5.0.31 at: /usr/local/bin/gosu"
"qubership-logging-operator","grype","docker.io/mongo:5.0.31","CVE-2024-3596","CRITICAL","krb5-locales","1.17-6ubuntu4.7","1.17-6ubuntu4.8","A medium vulnerability in deb package: krb5-locales, version 1.17-6ubuntu4.7 was found in image docker.io/mongo:5.0.31 at: /var/lib/dpkg/status"
"qubership-logging-operator","grype","docker.io/mongo:5.0.31","CVE-2024-3596","CRITICAL","libgssapi-krb5-2","1.17-6ubuntu4.7","1.17-6ubuntu4.8","A medium vulnerability in deb package: libgssapi-krb5-2, version 1.17-6ubuntu4.7 was found in image docker.io/mongo:5.0.31 at: /var/lib/dpkg/status"
"qubership-logging-operator","grype","docker.io/mongo:5.0.31","CVE-2024-3596","CRITICAL","libk5crypto3","1.17-6ubuntu4.7","1.17-6ubuntu4.8","A medium vulnerability in deb package: libk5crypto3, version 1.17-6ubuntu4.7 was found in image docker.io/mongo:5.0.31 at: /var/lib/dpkg/status"
"qubership-logging-operator","grype","docker.io/mongo:5.0.31","CVE-2024-3596","CRITICAL","libkrb5-3","1.17-6ubuntu4.7","1.17-6ubuntu4.8","A medium vulnerability in deb package: libkrb5-3, version 1.17-6ubuntu4.7 was found in image docker.io/mongo:5.0.31 at: /var/lib/dpkg/status"
"qubership-logging-operator","grype","docker.io/mongo:5.0.31","CVE-2024-3596","CRITICAL","libkrb5support0","1.17-6ubuntu4.7","1.17-6ubuntu4.8","A medium vulnerability in deb package: libkrb5support0, version 1.17-6ubuntu4.7 was found in image docker.io/mongo:5.0.31 at: /var/lib/dpkg/status"
"qubership-logging-operator","grype","docker.io/mongo:5.0.31","CVE-2024-24784","HIGH","stdlib","go1.18.2","1.21.8,1.22.1","A high vulnerability in go-module package: stdlib, version go1.18.2 was found in image docker.io/mongo:5.0.31 at: /usr/local/bin/gosu"
"qubership-logging-operator","grype","docker.io/mongo:5.0.31","CVE-2023-24538","CRITICAL","stdlib","go1.18.2","1.19.8,1.20.3","A critical vulnerability in go-module package: stdlib, version go1.18.2 was found in image docker.io/mongo:5.0.31 at: /usr/local/bin/gosu"
"qubership-logging-operator","grype","docker.io/mongo:5.0.31","CVE-2024-24791","HIGH","stdlib","go1.18.2","1.21.12,1.22.5","A high vulnerability in go-module package: stdlib, version go1.18.2 was found in image docker.io/mongo:5.0.31 at: /usr/local/bin/gosu"
"qubership-logging-operator","grype","docker.io/mongo:5.0.31","CVE-2023-24531","CRITICAL","stdlib","go1.18.2","1.21.0-0","A critical vulnerability in go-module package: stdlib, version go1.18.2 was found in image docker.io/mongo:5.0.31 at: /usr/local/bin/gosu"
"qubership-logging-operator","grype","docker.io/mongo:5.0.31","CVE-2023-29405","CRITICAL","stdlib","go1.18.2","1.19.10,1.20.5","A critical vulnerability in go-module package: stdlib, version go1.18.2 was found in image docker.io/mongo:5.0.31 at: /usr/local/bin/gosu"
"qubership-logging-operator","grype","docker.io/mongo:5.0.31","CVE-2023-24540","CRITICAL","stdlib","go1.18.2","1.19.9,1.20.4","A critical vulnerability in go-module package: stdlib, version go1.18.2 was found in image docker.io/mongo:5.0.31 at: /usr/local/bin/gosu"
"qubership-logging-operator","grype","docker.io/mongo:5.0.31","CVE-2024-34156","HIGH","stdlib","go1.18.2","1.22.7,1.23.1","A high vulnerability in go-module package: stdlib, version go1.18.2 was found in image docker.io/mongo:5.0.31 at: /usr/local/bin/gosu"
"qubership-logging-operator","grype","docker.io/mongo:5.0.31","GHSA-hcg3-q754-cr77","HIGH","golang.org/x/crypto","v0.32.0","0.35.0","A high vulnerability in go-module package: golang.org/x/crypto, version v0.32.0 was found in image docker.io/mongo:5.0.31 at: /usr/bin/mongotop"
"qubership-logging-operator","grype","docker.io/mongo:5.0.31","GHSA-hcg3-q754-cr77","HIGH","golang.org/x/crypto","v0.32.0","0.35.0","A high vulnerability in go-module package: golang.org/x/crypto, version v0.32.0 was found in image docker.io/mongo:5.0.31 at: /usr/bin/mongostat"
"qubership-logging-operator","grype","docker.io/mongo:5.0.31","GHSA-hcg3-q754-cr77","HIGH","golang.org/x/crypto","v0.32.0","0.35.0","A high vulnerability in go-module package: golang.org/x/crypto, version v0.32.0 was found in image docker.io/mongo:5.0.31 at: /usr/bin/mongorestore"
"qubership-logging-operator","grype","docker.io/mongo:5.0.31","GHSA-hcg3-q754-cr77","HIGH","golang.org/x/crypto","v0.32.0","0.35.0","A high vulnerability in go-module package: golang.org/x/crypto, version v0.32.0 was found in image docker.io/mongo:5.0.31 at: /usr/bin/mongoimport"
"qubership-logging-operator","grype","docker.io/mongo:5.0.31","GHSA-hcg3-q754-cr77","HIGH","golang.org/x/crypto","v0.32.0","0.35.0","A high vulnerability in go-module package: golang.org/x/crypto, version v0.32.0 was found in image docker.io/mongo:5.0.31 at: /usr/bin/mongofiles"
"qubership-logging-operator","grype","docker.io/mongo:5.0.31","GHSA-hcg3-q754-cr77","HIGH","golang.org/x/crypto","v0.32.0","0.35.0","A high vulnerability in go-module package: golang.org/x/crypto, version v0.32.0 was found in image docker.io/mongo:5.0.31 at: /usr/bin/mongoexport"
"qubership-logging-operator","grype","docker.io/mongo:5.0.31","GHSA-hcg3-q754-cr77","HIGH","golang.org/x/crypto","v0.32.0","0.35.0","A high vulnerability in go-module package: golang.org/x/crypto, version v0.32.0 was found in image docker.io/mongo:5.0.31 at: /usr/bin/mongodump"
"qubership-logging-operator","grype","docker.io/mongo:5.0.31","GHSA-hcg3-q754-cr77","HIGH","golang.org/x/crypto","v0.32.0","0.35.0","A high vulnerability in go-module package: golang.org/x/crypto, version v0.32.0 was found in image docker.io/mongo:5.0.31 at: /usr/bin/bsondump"
"qubership-logging-operator","grype","docker.io/mongo:5.0.31","CVE-2025-22871","CRITICAL","stdlib","go1.18.2","1.23.8,1.24.2","A critical vulnerability in go-module package: stdlib, version go1.18.2 was found in image docker.io/mongo:5.0.31 at: /usr/local/bin/gosu"
"qubership-logging-operator","grype","docker.io/mongo:5.0.31","CVE-2025-22871","CRITICAL","stdlib","go1.18.2","1.23.8,1.24.2","A critical vulnerability in go-module package: stdlib, version go1.22.10 was found in image docker.io/mongo:5.0.31 at: /usr/bin/mongoimport"
"qubership-logging-operator","grype","docker.io/mongo:5.0.31","CVE-2025-22871","CRITICAL","stdlib","go1.18.2","1.23.8,1.24.2","A critical vulnerability in go-module package: stdlib, version go1.22.10 was found in image docker.io/mongo:5.0.31 at: /usr/bin/bsondump"
"qubership-logging-operator","grype","docker.io/mongo:5.0.31","CVE-2025-22871","CRITICAL","stdlib","go1.18.2","1.23.8,1.24.2","A critical vulnerability in go-module package: stdlib, version go1.22.10 was found in image docker.io/mongo:5.0.31 at: /usr/bin/mongostat"
"qubership-logging-operator","grype","docker.io/mongo:5.0.31","CVE-2025-22871","CRITICAL","stdlib","go1.18.2","1.23.8,1.24.2","A critical vulnerability in go-module package: stdlib, version go1.22.10 was found in image docker.io/mongo:5.0.31 at: /usr/bin/mongorestore"
"qubership-logging-operator","grype","docker.io/mongo:5.0.31","CVE-2025-22871","CRITICAL","stdlib","go1.18.2","1.23.8,1.24.2","A critical vulnerability in go-module package: stdlib, version go1.22.10 was found in image docker.io/mongo:5.0.31 at: /usr/bin/mongofiles"
"qubership-logging-operator","grype","docker.io/mongo:5.0.31","CVE-2025-22871","CRITICAL","stdlib","go1.18.2","1.23.8,1.24.2","A critical vulnerability in go-module package: stdlib, version go1.22.10 was found in image docker.io/mongo:5.0.31 at: /usr/bin/mongoexport"
"qubership-logging-operator","grype","docker.io/mongo:5.0.31","CVE-2025-22871","CRITICAL","stdlib","go1.18.2","1.23.8,1.24.2","A critical vulnerability in go-module package: stdlib, version go1.22.10 was found in image docker.io/mongo:5.0.31 at: /usr/bin/mongotop"
"qubership-logging-operator","grype","docker.io/mongo:5.0.31","CVE-2025-22871","CRITICAL","stdlib","go1.18.2","1.23.8,1.24.2","A critical vulnerability in go-module package: stdlib, version go1.22.10 was found in image docker.io/mongo:5.0.31 at: /usr/bin/mongodump"
"qubership-logging-operator","grype","docker.io/mongo:5.0.31","CVE-2022-41723","HIGH","stdlib","go1.18.2","1.19.6","A high vulnerability in go-module package: stdlib, version go1.18.2 was found in image docker.io/mongo:5.0.31 at: /usr/local/bin/gosu"
"qubership-logging-operator","grype","docker.io/mongo:5.0.31","CVE-2023-45287","HIGH","stdlib","go1.18.2","1.20.0","A high vulnerability in go-module package: stdlib, version go1.18.2 was found in image docker.io/mongo:5.0.31 at: /usr/local/bin/gosu"
"qubership-logging-operator","grype","docker.io/mongo:5.0.31","CVE-2024-34158","HIGH","stdlib","go1.18.2","1.22.7,1.23.1","A high vulnerability in go-module package: stdlib, version go1.18.2 was found in image docker.io/mongo:5.0.31 at: /usr/local/bin/gosu"
"qubership-logging-operator","grype","docker.io/mongo:5.0.31","CVE-2023-29402","CRITICAL","stdlib","go1.18.2","1.19.10,1.20.5","A critical vulnerability in go-module package: stdlib, version go1.18.2 was found in image docker.io/mongo:5.0.31 at: /usr/local/bin/gosu"
"qubership-logging-operator","grype","docker.io/mongo:5.0.31","CVE-2022-32189","HIGH","stdlib","go1.18.2","1.17.13,1.18.5","A high vulnerability in go-module package: stdlib, version go1.18.2 was found in image docker.io/mongo:5.0.31 at: /usr/local/bin/gosu"
"qubership-logging-operator","grype","docker.io/mongo:5.0.31","GHSA-mh63-6h87-95cp","HIGH","github.com/golang-jwt/jwt/v5","v5.2.1","5.2.2","A high vulnerability in go-module package: github.com/golang-jwt/jwt/v5, version v5.2.1 was found in image docker.io/mongo:5.0.31 at: /usr/bin/mongotop"
"qubership-logging-operator","grype","docker.io/mongo:5.0.31","GHSA-mh63-6h87-95cp","HIGH","github.com/golang-jwt/jwt/v5","v5.2.1","5.2.2","A high vulnerability in go-module package: github.com/golang-jwt/jwt/v5, version v5.2.1 was found in image docker.io/mongo:5.0.31 at: /usr/bin/mongostat"
"qubership-logging-operator","grype","docker.io/mongo:5.0.31","GHSA-mh63-6h87-95cp","HIGH","github.com/golang-jwt/jwt/v5","v5.2.1","5.2.2","A high vulnerability in go-module package: github.com/golang-jwt/jwt/v5, version v5.2.1 was found in image docker.io/mongo:5.0.31 at: /usr/bin/mongodump"
"qubership-logging-operator","grype","docker.io/mongo:5.0.31","GHSA-mh63-6h87-95cp","HIGH","github.com/golang-jwt/jwt/v5","v5.2.1","5.2.2","A high vulnerability in go-module package: github.com/golang-jwt/jwt/v5, version v5.2.1 was found in image docker.io/mongo:5.0.31 at: /usr/bin/mongoexport"
"qubership-logging-operator","grype","docker.io/mongo:5.0.31","GHSA-mh63-6h87-95cp","HIGH","github.com/golang-jwt/jwt/v5","v5.2.1","5.2.2","A high vulnerability in go-module package: github.com/golang-jwt/jwt/v5, version v5.2.1 was found in image docker.io/mongo:5.0.31 at: /usr/bin/mongorestore"
"qubership-logging-operator","grype","docker.io/mongo:5.0.31","GHSA-mh63-6h87-95cp","HIGH","github.com/golang-jwt/jwt/v5","v5.2.1","5.2.2","A high vulnerability in go-module package: github.com/golang-jwt/jwt/v5, version v5.2.1 was found in image docker.io/mongo:5.0.31 at: /usr/bin/bsondump"
"qubership-logging-operator","grype","docker.io/mongo:5.0.31","GHSA-mh63-6h87-95cp","HIGH","github.com/golang-jwt/jwt/v5","v5.2.1","5.2.2","A high vulnerability in go-module package: github.com/golang-jwt/jwt/v5, version v5.2.1 was found in image docker.io/mongo:5.0.31 at: /usr/bin/mongoimport"
"qubership-logging-operator","grype","docker.io/mongo:5.0.31","GHSA-mh63-6h87-95cp","HIGH","github.com/golang-jwt/jwt/v5","v5.2.1","5.2.2","A high vulnerability in go-module package: github.com/golang-jwt/jwt/v5, version v5.2.1 was found in image docker.io/mongo:5.0.31 at: /usr/bin/mongofiles"
"qubership-logging-operator","grype","docker.io/mongo:5.0.31","CVE-2023-29404","CRITICAL","stdlib","go1.18.2","1.19.10,1.20.5","A critical vulnerability in go-module package: stdlib, version go1.18.2 was found in image docker.io/mongo:5.0.31 at: /usr/local/bin/gosu"
"qubership-logging-operator","grype","docker.io/mongo:5.0.31","CVE-2024-24790","CRITICAL","stdlib","go1.18.2","1.21.11,1.22.4","A critical vulnerability in go-module package: stdlib, version go1.18.2 was found in image docker.io/mongo:5.0.31 at: /usr/local/bin/gosu"
"qubership-logging-operator","grype","docker.io/mongo:5.0.31","CVE-2022-30635","HIGH","stdlib","go1.18.2","1.17.12,1.18.4","A high vulnerability in go-module package: stdlib, version go1.18.2 was found in image docker.io/mongo:5.0.31 at: /usr/local/bin/gosu"
"qubership-logging-operator","grype","docker.io/mongo:5.0.31","CVE-2022-30632","HIGH","stdlib","go1.18.2","1.17.12,1.18.4","A high vulnerability in go-module package: stdlib, version go1.18.2 was found in image docker.io/mongo:5.0.31 at: /usr/local/bin/gosu"
"qubership-logging-operator","grype","docker.io/mongo:5.0.31","CVE-2022-30633","HIGH","stdlib","go1.18.2","1.17.12,1.18.4","A high vulnerability in go-module package: stdlib, version go1.18.2 was found in image docker.io/mongo:5.0.31 at: /usr/local/bin/gosu"
"qubership-logging-operator","grype","docker.io/mongo:5.0.31","CVE-2022-27664","HIGH","stdlib","go1.18.2","1.18.6","A high vulnerability in go-module package: stdlib, version go1.18.2 was found in image docker.io/mongo:5.0.31 at: /usr/local/bin/gosu"
"qubership-logging-operator","grype","docker.io/mongo:5.0.31","CVE-2023-24536","HIGH","stdlib","go1.18.2","1.19.8,1.20.3","A high vulnerability in go-module package: stdlib, version go1.18.2 was found in image docker.io/mongo:5.0.31 at: /usr/local/bin/gosu"
"qubership-logging-operator","grype","docker.io/mongo:5.0.31","CVE-2023-24539","HIGH","stdlib","go1.18.2","1.19.9,1.20.4","A high vulnerability in go-module package: stdlib, version go1.18.2 was found in image docker.io/mongo:5.0.31 at: /usr/local/bin/gosu"
"qubership-logging-operator","grype","docker.io/mongo:5.0.31","CVE-2023-39323","HIGH","stdlib","go1.18.2","1.20.9,1.21.2","A high vulnerability in go-module package: stdlib, version go1.18.2 was found in image docker.io/mongo:5.0.31 at: /usr/local/bin/gosu"
"qubership-logging-operator","grype","docker.io/mongo:5.0.31","CVE-2022-30580","HIGH","stdlib","go1.18.2","1.17.11,1.18.3","A high vulnerability in go-module package: stdlib, version go1.18.2 was found in image docker.io/mongo:5.0.31 at: /usr/local/bin/gosu"
"qubership-logging-operator","grype","docker.io/mongo:5.0.31","CVE-2022-41725","HIGH","stdlib","go1.18.2","1.19.6","A high vulnerability in go-module package: stdlib, version go1.18.2 was found in image docker.io/mongo:5.0.31 at: /usr/local/bin/gosu"
"qubership-logging-operator","grype","docker.io/mongo:5.0.31","CVE-2023-45285","HIGH","stdlib","go1.18.2","1.20.12,1.21.5","A high vulnerability in go-module package: stdlib, version go1.18.2 was found in image docker.io/mongo:5.0.31 at: /usr/local/bin/gosu"
"qubership-logging-operator","grype","docker.io/mongo:5.0.31","CVE-2023-24534","HIGH","stdlib","go1.18.2","1.19.8,1.20.3","A high vulnerability in go-module package: stdlib, version go1.18.2 was found in image docker.io/mongo:5.0.31 at: /usr/local/bin/gosu"
"qubership-logging-operator","grype","docker.io/mongo:5.0.31","CVE-2023-29400","HIGH","stdlib","go1.18.2","1.19.9,1.20.4","A high vulnerability in go-module package: stdlib, version go1.18.2 was found in image docker.io/mongo:5.0.31 at: /usr/local/bin/gosu"
"qubership-logging-operator","grype","docker.io/mongo:5.0.31","CVE-2022-30631","HIGH","stdlib","go1.18.2","1.17.12,1.18.4","A high vulnerability in go-module package: stdlib, version go1.18.2 was found in image docker.io/mongo:5.0.31 at: /usr/local/bin/gosu"
"qubership-logging-operator","grype","docker.io/mongo:5.0.31","CVE-2025-61723","HIGH","stdlib","go1.18.2","1.24.8,1.25.2","A high vulnerability in go-module package: stdlib, version go1.18.2 was found in image docker.io/mongo:5.0.31 at: /usr/local/bin/gosu"
"qubership-logging-operator","grype","docker.io/mongo:5.0.31","CVE-2025-61723","HIGH","stdlib","go1.18.2","1.24.8,1.25.2","A high vulnerability in go-module package: stdlib, version go1.22.10 was found in image docker.io/mongo:5.0.31 at: /usr/bin/mongofiles"
"qubership-logging-operator","grype","docker.io/mongo:5.0.31","CVE-2025-61723","HIGH","stdlib","go1.18.2","1.24.8,1.25.2","A high vulnerability in go-module package: stdlib, version go1.22.10 was found in image docker.io/mongo:5.0.31 at: /usr/bin/mongostat"
"qubership-logging-operator","grype","docker.io/mongo:5.0.31","CVE-2025-61723","HIGH","stdlib","go1.18.2","1.24.8,1.25.2","A high vulnerability in go-module package: stdlib, version go1.22.10 was found in image docker.io/mongo:5.0.31 at: /usr/bin/mongotop"
"qubership-logging-operator","grype","docker.io/mongo:5.0.31","CVE-2025-61723","HIGH","stdlib","go1.18.2","1.24.8,1.25.2","A high vulnerability in go-module package: stdlib, version go1.22.10 was found in image docker.io/mongo:5.0.31 at: /usr/bin/mongoexport"
"qubership-logging-operator","grype","docker.io/mongo:5.0.31","CVE-2025-61723","HIGH","stdlib","go1.18.2","1.24.8,1.25.2","A high vulnerability in go-module package: stdlib, version go1.22.10 was found in image docker.io/mongo:5.0.31 at: /usr/bin/mongodump"
"qubership-logging-operator","grype","docker.io/mongo:5.0.31","CVE-2025-61723","HIGH","stdlib","go1.18.2","1.24.8,1.25.2","A high vulnerability in go-module package: stdlib, version go1.22.10 was found in image docker.io/mongo:5.0.31 at: /usr/bin/mongorestore"
"qubership-logging-operator","grype","docker.io/mongo:5.0.31","CVE-2025-61723","HIGH","stdlib","go1.18.2","1.24.8,1.25.2","A high vulnerability in go-module package: stdlib, version go1.22.10 was found in image docker.io/mongo:5.0.31 at: /usr/bin/bsondump"
"qubership-logging-operator","grype","docker.io/mongo:5.0.31","CVE-2025-61723","HIGH","stdlib","go1.18.2","1.24.8,1.25.2","A high vulnerability in go-module package: stdlib, version go1.22.10 was found in image docker.io/mongo:5.0.31 at: /usr/bin/mongoimport"
"qubership-logging-operator","grype","docker.io/mongo:5.0.31","CVE-2022-30630","HIGH","stdlib","go1.18.2","1.17.12,1.18.4","A high vulnerability in go-module package: stdlib, version go1.18.2 was found in image docker.io/mongo:5.0.31 at: /usr/local/bin/gosu"
"qubership-logging-operator","grype","docker.io/mongo:5.0.31","CVE-2022-2880","HIGH","stdlib","go1.18.2","1.18.7,1.19.2","A high vulnerability in go-module package: stdlib, version go1.18.2 was found in image docker.io/mongo:5.0.31 at: /usr/local/bin/gosu"
"qubership-logging-operator","grype","docker.io/mongo:5.0.31","CVE-2025-61725","HIGH","stdlib","go1.18.2","1.24.8,1.25.2","A high vulnerability in go-module package: stdlib, version go1.18.2 was found in image docker.io/mongo:5.0.31 at: /usr/local/bin/gosu"
"qubership-logging-operator","grype","docker.io/mongo:5.0.31","CVE-2025-61725","HIGH","stdlib","go1.18.2","1.24.8,1.25.2","A high vulnerability in go-module package: stdlib, version go1.22.10 was found in image docker.io/mongo:5.0.31 at: /usr/bin/mongoimport"
"qubership-logging-operator","grype","docker.io/mongo:5.0.31","CVE-2025-61725","HIGH","stdlib","go1.18.2","1.24.8,1.25.2","A high vulnerability in go-module package: stdlib, version go1.22.10 was found in image docker.io/mongo:5.0.31 at: /usr/bin/mongorestore"
"qubership-logging-operator","grype","docker.io/mongo:5.0.31","CVE-2025-61725","HIGH","stdlib","go1.18.2","1.24.8,1.25.2","A high vulnerability in go-module package: stdlib, version go1.22.10 was found in image docker.io/mongo:5.0.31 at: /usr/bin/mongostat"
"qubership-logging-operator","grype","docker.io/mongo:5.0.31","CVE-2025-61725","HIGH","stdlib","go1.18.2","1.24.8,1.25.2","A high vulnerability in go-module package: stdlib, version go1.22.10 was found in image docker.io/mongo:5.0.31 at: /usr/bin/mongotop"
"qubership-logging-operator","grype","docker.io/mongo:5.0.31","CVE-2025-61725","HIGH","stdlib","go1.18.2","1.24.8,1.25.2","A high vulnerability in go-module package: stdlib, version go1.22.10 was found in image docker.io/mongo:5.0.31 at: /usr/bin/mongofiles"
"qubership-logging-operator","grype","docker.io/mongo:5.0.31","CVE-2025-61725","HIGH","stdlib","go1.18.2","1.24.8,1.25.2","A high vulnerability in go-module package: stdlib, version go1.22.10 was found in image docker.io/mongo:5.0.31 at: /usr/bin/bsondump"
"qubership-logging-operator","grype","docker.io/mongo:5.0.31","CVE-2025-61725","HIGH","stdlib","go1.18.2","1.24.8,1.25.2","A high vulnerability in go-module package: stdlib, version go1.22.10 was found in image docker.io/mongo:5.0.31 at: /usr/bin/mongodump"
"qubership-logging-operator","grype","docker.io/mongo:5.0.31","CVE-2025-61725","HIGH","stdlib","go1.18.2","1.24.8,1.25.2","A high vulnerability in go-module package: stdlib, version go1.22.10 was found in image docker.io/mongo:5.0.31 at: /usr/bin/mongoexport"
"qubership-logging-operator","grype","docker.io/mongo:5.0.31","CVE-2025-61726","HIGH","stdlib","go1.18.2","1.24.12,1.25.6","A high vulnerability in go-module package: stdlib, version go1.18.2 was found in image docker.io/mongo:5.0.31 at: /usr/local/bin/gosu"
"qubership-logging-operator","grype","docker.io/mongo:5.0.31","CVE-2025-61726","HIGH","stdlib","go1.18.2","1.24.12,1.25.6","A high vulnerability in go-module package: stdlib, version go1.22.10 was found in image docker.io/mongo:5.0.31 at: /usr/bin/mongofiles"
"qubership-logging-operator","grype","docker.io/mongo:5.0.31","CVE-2025-61726","HIGH","stdlib","go1.18.2","1.24.12,1.25.6","A high vulnerability in go-module package: stdlib, version go1.22.10 was found in image docker.io/mongo:5.0.31 at: /usr/bin/mongotop"
"qubership-logging-operator","grype","docker.io/mongo:5.0.31","CVE-2025-61726","HIGH","stdlib","go1.18.2","1.24.12,1.25.6","A high vulnerability in go-module package: stdlib, version go1.22.10 was found in image docker.io/mongo:5.0.31 at: /usr/bin/mongostat"
"qubership-logging-operator","grype","docker.io/mongo:5.0.31","CVE-2025-61726","HIGH","stdlib","go1.18.2","1.24.12,1.25.6","A high vulnerability in go-module package: stdlib, version go1.22.10 was found in image docker.io/mongo:5.0.31 at: /usr/bin/mongoimport"
"qubership-logging-operator","grype","docker.io/mongo:5.0.31","CVE-2025-61726","HIGH","stdlib","go1.18.2","1.24.12,1.25.6","A high vulnerability in go-module package: stdlib, version go1.22.10 was found in image docker.io/mongo:5.0.31 at: /usr/bin/bsondump"
"qubership-logging-operator","grype","docker.io/mongo:5.0.31","CVE-2025-61726","HIGH","stdlib","go1.18.2","1.24.12,1.25.6","A high vulnerability in go-module package: stdlib, version go1.22.10 was found in image docker.io/mongo:5.0.31 at: /usr/bin/mongorestore"
"qubership-logging-operator","grype","docker.io/mongo:5.0.31","CVE-2025-61726","HIGH","stdlib","go1.18.2","1.24.12,1.25.6","A high vulnerability in go-module package: stdlib, version go1.22.10 was found in image docker.io/mongo:5.0.31 at: /usr/bin/mongoexport"
"qubership-logging-operator","grype","docker.io/mongo:5.0.31","CVE-2025-61726","HIGH","stdlib","go1.18.2","1.24.12,1.25.6","A high vulnerability in go-module package: stdlib, version go1.22.10 was found in image docker.io/mongo:5.0.31 at: /usr/bin/mongodump"
"qubership-logging-operator","grype","docker.io/mongo:5.0.31","CVE-2024-26461","HIGH","krb5-locales","1.17-6ubuntu4.7","1.17-6ubuntu4.9","A low vulnerability in deb package: krb5-locales, version 1.17-6ubuntu4.7 was found in image docker.io/mongo:5.0.31 at: /var/lib/dpkg/status"
"qubership-logging-operator","grype","docker.io/mongo:5.0.31","CVE-2024-26461","HIGH","libgssapi-krb5-2","1.17-6ubuntu4.7","1.17-6ubuntu4.9","A low vulnerability in deb package: libgssapi-krb5-2, version 1.17-6ubuntu4.7 was found in image docker.io/mongo:5.0.31 at: /var/lib/dpkg/status"
"qubership-logging-operator","grype","docker.io/mongo:5.0.31","CVE-2024-26461","HIGH","libk5crypto3","1.17-6ubuntu4.7","1.17-6ubuntu4.9","A low vulnerability in deb package: libk5crypto3, version 1.17-6ubuntu4.7 was found in image docker.io/mongo:5.0.31 at: /var/lib/dpkg/status"
"qubership-logging-operator","grype","docker.io/mongo:5.0.31","CVE-2024-26461","HIGH","libkrb5-3","1.17-6ubuntu4.7","1.17-6ubuntu4.9","A low vulnerability in deb package: libkrb5-3, version 1.17-6ubuntu4.7 was found in image docker.io/mongo:5.0.31 at: /var/lib/dpkg/status"
"qubership-logging-operator","grype","docker.io/mongo:5.0.31","CVE-2024-26461","HIGH","libkrb5support0","1.17-6ubuntu4.7","1.17-6ubuntu4.9","A low vulnerability in deb package: libkrb5support0, version 1.17-6ubuntu4.7 was found in image docker.io/mongo:5.0.31 at: /var/lib/dpkg/status"
"qubership-logging-operator","grype","docker.io/mongo:5.0.31","CVE-2025-68121","CRITICAL","stdlib","go1.18.2","1.24.13,1.25.7,1.26.0-rc.3","A critical vulnerability in go-module package: stdlib, version go1.18.2 was found in image docker.io/mongo:5.0.31 at: /usr/local/bin/gosu"
"qubership-logging-operator","grype","docker.io/mongo:5.0.31","CVE-2025-68121","CRITICAL","stdlib","go1.18.2","1.24.13,1.25.7,1.26.0-rc.3","A critical vulnerability in go-module package: stdlib, version go1.22.10 was found in image docker.io/mongo:5.0.31 at: /usr/bin/bsondump"
"qubership-logging-operator","grype","docker.io/mongo:5.0.31","CVE-2025-68121","CRITICAL","stdlib","go1.18.2","1.24.13,1.25.7,1.26.0-rc.3","A critical vulnerability in go-module package: stdlib, version go1.22.10 was found in image docker.io/mongo:5.0.31 at: /usr/bin/mongodump"
"qubership-logging-operator","grype","docker.io/mongo:5.0.31","CVE-2025-68121","CRITICAL","stdlib","go1.18.2","1.24.13,1.25.7,1.26.0-rc.3","A critical vulnerability in go-module package: stdlib, version go1.22.10 was found in image docker.io/mongo:5.0.31 at: /usr/bin/mongostat"
"qubership-logging-operator","grype","docker.io/mongo:5.0.31","CVE-2025-68121","CRITICAL","stdlib","go1.18.2","1.24.13,1.25.7,1.26.0-rc.3","A critical vulnerability in go-module package: stdlib, version go1.22.10 was found in image docker.io/mongo:5.0.31 at: /usr/bin/mongorestore"
"qubership-logging-operator","grype","docker.io/mongo:5.0.31","CVE-2025-68121","CRITICAL","stdlib","go1.18.2","1.24.13,1.25.7,1.26.0-rc.3","A critical vulnerability in go-module package: stdlib, version go1.22.10 was found in image docker.io/mongo:5.0.31 at: /usr/bin/mongoimport"
"qubership-logging-operator","grype","docker.io/mongo:5.0.31","CVE-2025-68121","CRITICAL","stdlib","go1.18.2","1.24.13,1.25.7,1.26.0-rc.3","A critical vulnerability in go-module package: stdlib, version go1.22.10 was found in image docker.io/mongo:5.0.31 at: /usr/bin/mongofiles"
"qubership-logging-operator","grype","docker.io/mongo:5.0.31","CVE-2025-68121","CRITICAL","stdlib","go1.18.2","1.24.13,1.25.7,1.26.0-rc.3","A critical vulnerability in go-module package: stdlib, version go1.22.10 was found in image docker.io/mongo:5.0.31 at: /usr/bin/mongotop"
"qubership-logging-operator","grype","docker.io/mongo:5.0.31","CVE-2025-68121","CRITICAL","stdlib","go1.18.2","1.24.13,1.25.7,1.26.0-rc.3","A critical vulnerability in go-module package: stdlib, version go1.22.10 was found in image docker.io/mongo:5.0.31 at: /usr/bin/mongoexport"
"qubership-logging-operator","grype","docker.io/mongo:5.0.31","CVE-2025-58188","HIGH","stdlib","go1.18.2","1.24.8,1.25.2","A high vulnerability in go-module package: stdlib, version go1.18.2 was found in image docker.io/mongo:5.0.31 at: /usr/local/bin/gosu"
"qubership-logging-operator","grype","docker.io/mongo:5.0.31","CVE-2025-58188","HIGH","stdlib","go1.18.2","1.24.8,1.25.2","A high vulnerability in go-module package: stdlib, version go1.22.10 was found in image docker.io/mongo:5.0.31 at: /usr/bin/mongorestore"
"qubership-logging-operator","grype","docker.io/mongo:5.0.31","CVE-2025-58188","HIGH","stdlib","go1.18.2","1.24.8,1.25.2","A high vulnerability in go-module package: stdlib, version go1.22.10 was found in image docker.io/mongo:5.0.31 at: /usr/bin/mongodump"
"qubership-logging-operator","grype","docker.io/mongo:5.0.31","CVE-2025-58188","HIGH","stdlib","go1.18.2","1.24.8,1.25.2","A high vulnerability in go-module package: stdlib, version go1.22.10 was found in image docker.io/mongo:5.0.31 at: /usr/bin/mongoexport"
"qubership-logging-operator","grype","docker.io/mongo:5.0.31","CVE-2025-58188","HIGH","stdlib","go1.18.2","1.24.8,1.25.2","A high vulnerability in go-module package: stdlib, version go1.22.10 was found in image docker.io/mongo:5.0.31 at: /usr/bin/mongofiles"
"qubership-logging-operator","grype","docker.io/mongo:5.0.31","CVE-2025-58188","HIGH","stdlib","go1.18.2","1.24.8,1.25.2","A high vulnerability in go-module package: stdlib, version go1.22.10 was found in image docker.io/mongo:5.0.31 at: /usr/bin/mongoimport"
"qubership-logging-operator","grype","docker.io/mongo:5.0.31","CVE-2025-58188","HIGH","stdlib","go1.18.2","1.24.8,1.25.2","A high vulnerability in go-module package: stdlib, version go1.22.10 was found in image docker.io/mongo:5.0.31 at: /usr/bin/bsondump"
"qubership-logging-operator","grype","docker.io/mongo:5.0.31","CVE-2025-58188","HIGH","stdlib","go1.18.2","1.24.8,1.25.2","A high vulnerability in go-module package: stdlib, version go1.22.10 was found in image docker.io/mongo:5.0.31 at: /usr/bin/mongostat"
"qubership-logging-operator","grype","docker.io/mongo:5.0.31","CVE-2025-58188","HIGH","stdlib","go1.18.2","1.24.8,1.25.2","A high vulnerability in go-module package: stdlib, version go1.22.10 was found in image docker.io/mongo:5.0.31 at: /usr/bin/mongotop"
"qubership-logging-operator","grype","docker.io/mongo:5.0.31","CVE-2025-58187","HIGH","stdlib","go1.18.2","1.24.9,1.25.3","A high vulnerability in go-module package: stdlib, version go1.18.2 was found in image docker.io/mongo:5.0.31 at: /usr/local/bin/gosu"
"qubership-logging-operator","grype","docker.io/mongo:5.0.31","CVE-2025-58187","HIGH","stdlib","go1.18.2","1.24.9,1.25.3","A high vulnerability in go-module package: stdlib, version go1.22.10 was found in image docker.io/mongo:5.0.31 at: /usr/bin/mongodump"
"qubership-logging-operator","grype","docker.io/mongo:5.0.31","CVE-2025-58187","HIGH","stdlib","go1.18.2","1.24.9,1.25.3","A high vulnerability in go-module package: stdlib, version go1.22.10 was found in image docker.io/mongo:5.0.31 at: /usr/bin/mongoexport"
"qubership-logging-operator","grype","docker.io/mongo:5.0.31","CVE-2025-58187","HIGH","stdlib","go1.18.2","1.24.9,1.25.3","A high vulnerability in go-module package: stdlib, version go1.22.10 was found in image docker.io/mongo:5.0.31 at: /usr/bin/mongofiles"
"qubership-logging-operator","grype","docker.io/mongo:5.0.31","CVE-2025-58187","HIGH","stdlib","go1.18.2","1.24.9,1.25.3","A high vulnerability in go-module package: stdlib, version go1.22.10 was found in image docker.io/mongo:5.0.31 at: /usr/bin/mongoimport"
"qubership-logging-operator","grype","docker.io/mongo:5.0.31","CVE-2025-58187","HIGH","stdlib","go1.18.2","1.24.9,1.25.3","A high vulnerability in go-module package: stdlib, version go1.22.10 was found in image docker.io/mongo:5.0.31 at: /usr/bin/mongorestore"
"qubership-logging-operator","grype","docker.io/mongo:5.0.31","CVE-2025-58187","HIGH","stdlib","go1.18.2","1.24.9,1.25.3","A high vulnerability in go-module package: stdlib, version go1.22.10 was found in image docker.io/mongo:5.0.31 at: /usr/bin/mongostat"
"qubership-logging-operator","grype","docker.io/mongo:5.0.31","CVE-2025-58187","HIGH","stdlib","go1.18.2","1.24.9,1.25.3","A high vulnerability in go-module package: stdlib, version go1.22.10 was found in image docker.io/mongo:5.0.31 at: /usr/bin/mongotop"
"qubership-logging-operator","grype","docker.io/mongo:5.0.31","CVE-2025-58187","HIGH","stdlib","go1.18.2","1.24.9,1.25.3","A high vulnerability in go-module package: stdlib, version go1.22.10 was found in image docker.io/mongo:5.0.31 at: /usr/bin/bsondump"
"qubership-logging-operator","grype","docker.io/mongo:5.0.31","CVE-2025-61729","HIGH","stdlib","go1.18.2","1.24.11,1.25.5","A high vulnerability in go-module package: stdlib, version go1.18.2 was found in image docker.io/mongo:5.0.31 at: /usr/local/bin/gosu"
"qubership-logging-operator","grype","docker.io/mongo:5.0.31","CVE-2025-61729","HIGH","stdlib","go1.18.2","1.24.11,1.25.5","A high vulnerability in go-module package: stdlib, version go1.22.10 was found in image docker.io/mongo:5.0.31 at: /usr/bin/mongoimport"
"qubership-logging-operator","grype","docker.io/mongo:5.0.31","CVE-2025-61729","HIGH","stdlib","go1.18.2","1.24.11,1.25.5","A high vulnerability in go-module package: stdlib, version go1.22.10 was found in image docker.io/mongo:5.0.31 at: /usr/bin/mongoexport"
"qubership-logging-operator","grype","docker.io/mongo:5.0.31","CVE-2025-61729","HIGH","stdlib","go1.18.2","1.24.11,1.25.5","A high vulnerability in go-module package: stdlib, version go1.22.10 was found in image docker.io/mongo:5.0.31 at: /usr/bin/mongofiles"
"qubership-logging-operator","grype","docker.io/mongo:5.0.31","CVE-2025-61729","HIGH","stdlib","go1.18.2","1.24.11,1.25.5","A high vulnerability in go-module package: stdlib, version go1.22.10 was found in image docker.io/mongo:5.0.31 at: /usr/bin/bsondump"
"qubership-logging-operator","grype","docker.io/mongo:5.0.31","CVE-2025-61729","HIGH","stdlib","go1.18.2","1.24.11,1.25.5","A high vulnerability in go-module package: stdlib, version go1.22.10 was found in image docker.io/mongo:5.0.31 at: /usr/bin/mongodump"
"qubership-logging-operator","grype","docker.io/mongo:5.0.31","CVE-2025-61729","HIGH","stdlib","go1.18.2","1.24.11,1.25.5","A high vulnerability in go-module package: stdlib, version go1.22.10 was found in image docker.io/mongo:5.0.31 at: /usr/bin/mongotop"
"qubership-logging-operator","grype","docker.io/mongo:5.0.31","CVE-2025-61729","HIGH","stdlib","go1.18.2","1.24.11,1.25.5","A high vulnerability in go-module package: stdlib, version go1.22.10 was found in image docker.io/mongo:5.0.31 at: /usr/bin/mongostat"
"qubership-logging-operator","grype","docker.io/mongo:5.0.31","CVE-2025-61729","HIGH","stdlib","go1.18.2","1.24.11,1.25.5","A high vulnerability in go-module package: stdlib, version go1.22.10 was found in image docker.io/mongo:5.0.31 at: /usr/bin/mongorestore"
"qubership-logging-operator","grype","docker.io/mongo:5.0.31","CVE-2022-41715","HIGH","stdlib","go1.18.2","1.18.7,1.19.2","A high vulnerability in go-module package: stdlib, version go1.18.2 was found in image docker.io/mongo:5.0.31 at: /usr/local/bin/gosu"
"qubership-logging-operator","grype","docker.io/mongo:5.0.31","CVE-2022-2879","HIGH","stdlib","go1.18.2","1.18.7,1.19.2","A high vulnerability in go-module package: stdlib, version go1.18.2 was found in image docker.io/mongo:5.0.31 at: /usr/local/bin/gosu"
"qubership-logging-operator","grype","docker.io/mongo:5.0.31","CVE-2022-28131","HIGH","stdlib","go1.18.2","1.17.12,1.18.4","A high vulnerability in go-module package: stdlib, version go1.18.2 was found in image docker.io/mongo:5.0.31 at: /usr/local/bin/gosu"
"qubership-logging-operator","grype","docker.io/mongo:5.0.31","CVE-2022-41724","HIGH","stdlib","go1.18.2","1.19.6","A high vulnerability in go-module package: stdlib, version go1.18.2 was found in image docker.io/mongo:5.0.31 at: /usr/local/bin/gosu"
"qubership-logging-operator","grype","docker.io/mongo:5.0.31","CVE-2023-24537","HIGH","stdlib","go1.18.2","1.19.8,1.20.3","A high vulnerability in go-module package: stdlib, version go1.18.2 was found in image docker.io/mongo:5.0.31 at: /usr/local/bin/gosu"
"qubership-logging-operator","grype","docker.io/mongo:5.0.31","CVE-2025-4802","HIGH","libc-bin","2.31-0ubuntu9.16","2.31-0ubuntu9.18","A medium vulnerability in deb package: libc-bin, version 2.31-0ubuntu9.16 was found in image docker.io/mongo:5.0.31 at: /var/lib/dpkg/status"
"qubership-logging-operator","grype","docker.io/mongo:5.0.31","CVE-2025-4802","HIGH","libc6","2.31-0ubuntu9.16","2.31-0ubuntu9.18","A medium vulnerability in deb package: libc6, version 2.31-0ubuntu9.16 was found in image docker.io/mongo:5.0.31 at: /var/lib/dpkg/status"
"qubership-logging-operator","grype","docker.io/mongo:5.0.31","CVE-2025-24528","HIGH","krb5-locales","1.17-6ubuntu4.7","1.17-6ubuntu4.9","A medium vulnerability in deb package: krb5-locales, version 1.17-6ubuntu4.7 was found in image docker.io/mongo:5.0.31 at: /var/lib/dpkg/status"
"qubership-logging-operator","grype","docker.io/mongo:5.0.31","CVE-2025-24528","HIGH","libgssapi-krb5-2","1.17-6ubuntu4.7","1.17-6ubuntu4.9","A medium vulnerability in deb package: libgssapi-krb5-2, version 1.17-6ubuntu4.7 was found in image docker.io/mongo:5.0.31 at: /var/lib/dpkg/status"
"qubership-logging-operator","grype","docker.io/mongo:5.0.31","CVE-2025-24528","HIGH","libk5crypto3","1.17-6ubuntu4.7","1.17-6ubuntu4.9","A medium vulnerability in deb package: libk5crypto3, version 1.17-6ubuntu4.7 was found in image docker.io/mongo:5.0.31 at: /var/lib/dpkg/status"
"qubership-logging-operator","grype","docker.io/mongo:5.0.31","CVE-2025-24528","HIGH","libkrb5-3","1.17-6ubuntu4.7","1.17-6ubuntu4.9","A medium vulnerability in deb package: libkrb5-3, version 1.17-6ubuntu4.7 was found in image docker.io/mongo:5.0.31 at: /var/lib/dpkg/status"
"qubership-logging-operator","grype","docker.io/mongo:5.0.31","CVE-2025-24528","HIGH","libkrb5support0","1.17-6ubuntu4.7","1.17-6ubuntu4.9","A medium vulnerability in deb package: libkrb5support0, version 1.17-6ubuntu4.7 was found in image docker.io/mongo:5.0.31 at: /var/lib/dpkg/status"
"qubership-logging-operator","grype","docker.io/mongo:5.0.31","CVE-2025-47907","HIGH","stdlib","go1.18.2","1.23.12,1.24.6","A high vulnerability in go-module package: stdlib, version go1.18.2 was found in image docker.io/mongo:5.0.31 at: /usr/local/bin/gosu"
"qubership-logging-operator","grype","docker.io/mongo:5.0.31","CVE-2025-47907","HIGH","stdlib","go1.18.2","1.23.12,1.24.6","A high vulnerability in go-module package: stdlib, version go1.22.10 was found in image docker.io/mongo:5.0.31 at: /usr/bin/mongoimport"
"qubership-logging-operator","grype","docker.io/mongo:5.0.31","CVE-2025-47907","HIGH","stdlib","go1.18.2","1.23.12,1.24.6","A high vulnerability in go-module package: stdlib, version go1.22.10 was found in image docker.io/mongo:5.0.31 at: /usr/bin/mongoexport"
"qubership-logging-operator","grype","docker.io/mongo:5.0.31","CVE-2025-47907","HIGH","stdlib","go1.18.2","1.23.12,1.24.6","A high vulnerability in go-module package: stdlib, version go1.22.10 was found in image docker.io/mongo:5.0.31 at: /usr/bin/mongofiles"
"qubership-logging-operator","grype","docker.io/mongo:5.0.31","CVE-2025-47907","HIGH","stdlib","go1.18.2","1.23.12,1.24.6","A high vulnerability in go-module package: stdlib, version go1.22.10 was found in image docker.io/mongo:5.0.31 at: /usr/bin/bsondump"
"qubership-logging-operator","grype","docker.io/mongo:5.0.31","CVE-2025-47907","HIGH","stdlib","go1.18.2","1.23.12,1.24.6","A high vulnerability in go-module package: stdlib, version go1.22.10 was found in image docker.io/mongo:5.0.31 at: /usr/bin/mongodump"
"qubership-logging-operator","grype","docker.io/mongo:5.0.31","CVE-2025-47907","HIGH","stdlib","go1.18.2","1.23.12,1.24.6","A high vulnerability in go-module package: stdlib, version go1.22.10 was found in image docker.io/mongo:5.0.31 at: /usr/bin/mongorestore"
"qubership-logging-operator","grype","docker.io/mongo:5.0.31","CVE-2025-47907","HIGH","stdlib","go1.18.2","1.23.12,1.24.6","A high vulnerability in go-module package: stdlib, version go1.22.10 was found in image docker.io/mongo:5.0.31 at: /usr/bin/mongostat"
"qubership-logging-operator","grype","docker.io/mongo:5.0.31","CVE-2025-47907","HIGH","stdlib","go1.18.2","1.23.12,1.24.6","A high vulnerability in go-module package: stdlib, version go1.22.10 was found in image docker.io/mongo:5.0.31 at: /usr/bin/mongotop"
"qubership-logging-operator","grype","docker.io/mongo:5.0.31","CVE-2023-29403","HIGH","stdlib","go1.18.2","1.19.10,1.20.5","A high vulnerability in go-module package: stdlib, version go1.18.2 was found in image docker.io/mongo:5.0.31 at: /usr/local/bin/gosu"
"qubership-logging-operator","grype","docker.io/mongo:5.0.31","CVE-2025-61731","HIGH","stdlib","go1.18.2","1.24.12,1.25.6","A high vulnerability in go-module package: stdlib, version go1.18.2 was found in image docker.io/mongo:5.0.31 at: /usr/local/bin/gosu"
"qubership-logging-operator","grype","docker.io/mongo:5.0.31","CVE-2025-61731","HIGH","stdlib","go1.18.2","1.24.12,1.25.6","A high vulnerability in go-module package: stdlib, version go1.22.10 was found in image docker.io/mongo:5.0.31 at: /usr/bin/mongostat"
"qubership-logging-operator","grype","docker.io/mongo:5.0.31","CVE-2025-61731","HIGH","stdlib","go1.18.2","1.24.12,1.25.6","A high vulnerability in go-module package: stdlib, version go1.22.10 was found in image docker.io/mongo:5.0.31 at: /usr/bin/bsondump"
"qubership-logging-operator","grype","docker.io/mongo:5.0.31","CVE-2025-61731","HIGH","stdlib","go1.18.2","1.24.12,1.25.6","A high vulnerability in go-module package: stdlib, version go1.22.10 was found in image docker.io/mongo:5.0.31 at: /usr/bin/mongodump"
"qubership-logging-operator","grype","docker.io/mongo:5.0.31","CVE-2025-61731","HIGH","stdlib","go1.18.2","1.24.12,1.25.6","A high vulnerability in go-module package: stdlib, version go1.22.10 was found in image docker.io/mongo:5.0.31 at: /usr/bin/mongotop"
"qubership-logging-operator","grype","docker.io/mongo:5.0.31","CVE-2025-61731","HIGH","stdlib","go1.18.2","1.24.12,1.25.6","A high vulnerability in go-module package: stdlib, version go1.22.10 was found in image docker.io/mongo:5.0.31 at: /usr/bin/mongoexport"
"qubership-logging-operator","grype","docker.io/mongo:5.0.31","CVE-2025-61731","HIGH","stdlib","go1.18.2","1.24.12,1.25.6","A high vulnerability in go-module package: stdlib, version go1.22.10 was found in image docker.io/mongo:5.0.31 at: /usr/bin/mongofiles"
"qubership-logging-operator","grype","docker.io/mongo:5.0.31","CVE-2025-61731","HIGH","stdlib","go1.18.2","1.24.12,1.25.6","A high vulnerability in go-module package: stdlib, version go1.22.10 was found in image docker.io/mongo:5.0.31 at: /usr/bin/mongoimport"
"qubership-logging-operator","grype","docker.io/mongo:5.0.31","CVE-2025-61731","HIGH","stdlib","go1.18.2","1.24.12,1.25.6","A high vulnerability in go-module package: stdlib, version go1.22.10 was found in image docker.io/mongo:5.0.31 at: /usr/bin/mongorestore"
"qubership-logging-operator","grype","docker.io/mongo:5.0.31","CVE-2025-61732","HIGH","stdlib","go1.18.2","1.24.13,1.25.7","A high vulnerability in go-module package: stdlib, version go1.18.2 was found in image docker.io/mongo:5.0.31 at: /usr/local/bin/gosu"
"qubership-logging-operator","grype","docker.io/mongo:5.0.31","CVE-2025-61732","HIGH","stdlib","go1.18.2","1.24.13,1.25.7","A high vulnerability in go-module package: stdlib, version go1.22.10 was found in image docker.io/mongo:5.0.31 at: /usr/bin/mongodump"
"qubership-logging-operator","grype","docker.io/mongo:5.0.31","CVE-2025-61732","HIGH","stdlib","go1.18.2","1.24.13,1.25.7","A high vulnerability in go-module package: stdlib, version go1.22.10 was found in image docker.io/mongo:5.0.31 at: /usr/bin/bsondump"
"qubership-logging-operator","grype","docker.io/mongo:5.0.31","CVE-2025-61732","HIGH","stdlib","go1.18.2","1.24.13,1.25.7","A high vulnerability in go-module package: stdlib, version go1.22.10 was found in image docker.io/mongo:5.0.31 at: /usr/bin/mongotop"
"qubership-logging-operator","grype","docker.io/mongo:5.0.31","CVE-2025-61732","HIGH","stdlib","go1.18.2","1.24.13,1.25.7","A high vulnerability in go-module package: stdlib, version go1.22.10 was found in image docker.io/mongo:5.0.31 at: /usr/bin/mongostat"
"qubership-logging-operator","grype","docker.io/mongo:5.0.31","CVE-2025-61732","HIGH","stdlib","go1.18.2","1.24.13,1.25.7","A high vulnerability in go-module package: stdlib, version go1.22.10 was found in image docker.io/mongo:5.0.31 at: /usr/bin/mongorestore"
"qubership-logging-operator","grype","docker.io/mongo:5.0.31","CVE-2025-61732","HIGH","stdlib","go1.18.2","1.24.13,1.25.7","A high vulnerability in go-module package: stdlib, version go1.22.10 was found in image docker.io/mongo:5.0.31 at: /usr/bin/mongoimport"
"qubership-logging-operator","grype","docker.io/mongo:5.0.31","CVE-2025-61732","HIGH","stdlib","go1.18.2","1.24.13,1.25.7","A high vulnerability in go-module package: stdlib, version go1.22.10 was found in image docker.io/mongo:5.0.31 at: /usr/bin/mongofiles"
"qubership-logging-operator","grype","docker.io/mongo:5.0.31","CVE-2025-61732","HIGH","stdlib","go1.18.2","1.24.13,1.25.7","A high vulnerability in go-module package: stdlib, version go1.22.10 was found in image docker.io/mongo:5.0.31 at: /usr/bin/mongoexport"
"qubership-logging-operator","grype","docker.io/mongo:5.0.31","CVE-2025-4674","HIGH","stdlib","go1.18.2","1.23.11,1.24.5","A high vulnerability in go-module package: stdlib, version go1.18.2 was found in image docker.io/mongo:5.0.31 at: /usr/local/bin/gosu"
"qubership-logging-operator","grype","docker.io/mongo:5.0.31","CVE-2025-4674","HIGH","stdlib","go1.18.2","1.23.11,1.24.5","A high vulnerability in go-module package: stdlib, version go1.22.10 was found in image docker.io/mongo:5.0.31 at: /usr/bin/mongofiles"
"qubership-logging-operator","grype","docker.io/mongo:5.0.31","CVE-2025-4674","HIGH","stdlib","go1.18.2","1.23.11,1.24.5","A high vulnerability in go-module package: stdlib, version go1.22.10 was found in image docker.io/mongo:5.0.31 at: /usr/bin/bsondump"
"qubership-logging-operator","grype","docker.io/mongo:5.0.31","CVE-2025-4674","HIGH","stdlib","go1.18.2","1.23.11,1.24.5","A high vulnerability in go-module package: stdlib, version go1.22.10 was found in image docker.io/mongo:5.0.31 at: /usr/bin/mongorestore"
"qubership-logging-operator","grype","docker.io/mongo:5.0.31","CVE-2025-4674","HIGH","stdlib","go1.18.2","1.23.11,1.24.5","A high vulnerability in go-module package: stdlib, version go1.22.10 was found in image docker.io/mongo:5.0.31 at: /usr/bin/mongoimport"
"qubership-logging-operator","grype","docker.io/mongo:5.0.31","CVE-2025-4674","HIGH","stdlib","go1.18.2","1.23.11,1.24.5","A high vulnerability in go-module package: stdlib, version go1.22.10 was found in image docker.io/mongo:5.0.31 at: /usr/bin/mongoexport"
"qubership-logging-operator","grype","docker.io/mongo:5.0.31","CVE-2025-4674","HIGH","stdlib","go1.18.2","1.23.11,1.24.5","A high vulnerability in go-module package: stdlib, version go1.22.10 was found in image docker.io/mongo:5.0.31 at: /usr/bin/mongostat"
"qubership-logging-operator","grype","docker.io/mongo:5.0.31","CVE-2025-4674","HIGH","stdlib","go1.18.2","1.23.11,1.24.5","A high vulnerability in go-module package: stdlib, version go1.22.10 was found in image docker.io/mongo:5.0.31 at: /usr/bin/mongotop"
"qubership-logging-operator","grype","docker.io/mongo:5.0.31","CVE-2025-4674","HIGH","stdlib","go1.18.2","1.23.11,1.24.5","A high vulnerability in go-module package: stdlib, version go1.22.10 was found in image docker.io/mongo:5.0.31 at: /usr/bin/mongodump"
"qubership-monitoring-operator","grype","docker.io/prom/node-exporter:v1.9.0","GHSA-hcg3-q754-cr77","HIGH","golang.org/x/crypto","v0.32.0","0.35.0","A high vulnerability in go-module package: golang.org/x/crypto, version v0.32.0 was found in image docker.io/prom/node-exporter:v1.9.0 at: /bin/node_exporter"
"qubership-monitoring-operator","grype","docker.io/prom/node-exporter:v1.9.0","CVE-2025-22871","CRITICAL","stdlib","go1.23.6","1.23.8,1.24.2","A critical vulnerability in go-module package: stdlib, version go1.23.6 was found in image docker.io/prom/node-exporter:v1.9.0 at: /bin/node_exporter"
"qubership-monitoring-operator","grype","docker.io/prom/node-exporter:v1.9.0","GHSA-6v2p-p543-phr9","HIGH","golang.org/x/oauth2","v0.24.0","0.27.0","A high vulnerability in go-module package: golang.org/x/oauth2, version v0.24.0 was found in image docker.io/prom/node-exporter:v1.9.0 at: /bin/node_exporter"
"qubership-monitoring-operator","grype","docker.io/prom/node-exporter:v1.9.0","CVE-2025-61723","HIGH","stdlib","go1.23.6","1.24.8,1.25.2","A high vulnerability in go-module package: stdlib, version go1.23.6 was found in image docker.io/prom/node-exporter:v1.9.0 at: /bin/node_exporter"
"qubership-monitoring-operator","grype","docker.io/prom/node-exporter:v1.9.0","GHSA-cgrx-mc8f-2prm","HIGH","github.com/opencontainers/selinux","v1.11.1","1.13.0","A high vulnerability in go-module package: github.com/opencontainers/selinux, version v1.11.1 was found in image docker.io/prom/node-exporter:v1.9.0 at: /bin/node_exporter"
"qubership-monitoring-operator","grype","docker.io/prom/node-exporter:v1.9.0","CVE-2025-61725","HIGH","stdlib","go1.23.6","1.24.8,1.25.2","A high vulnerability in go-module package: stdlib, version go1.23.6 was found in image docker.io/prom/node-exporter:v1.9.0 at: /bin/node_exporter"
"qubership-monitoring-operator","grype","docker.io/prom/node-exporter:v1.9.0","CVE-2025-61726","HIGH","stdlib","go1.23.6","1.24.12,1.25.6","A high vulnerability in go-module package: stdlib, version go1.23.6 was found in image docker.io/prom/node-exporter:v1.9.0 at: /bin/node_exporter"
"qubership-monitoring-operator","grype","docker.io/prom/node-exporter:v1.9.0","CVE-2025-68121","CRITICAL","stdlib","go1.23.6","1.24.13,1.25.7,1.26.0-rc.3","A critical vulnerability in go-module package: stdlib, version go1.23.6 was found in image docker.io/prom/node-exporter:v1.9.0 at: /bin/node_exporter"
"qubership-monitoring-operator","grype","docker.io/prom/node-exporter:v1.9.0","CVE-2025-58188","HIGH","stdlib","go1.23.6","1.24.8,1.25.2","A high vulnerability in go-module package: stdlib, version go1.23.6 was found in image docker.io/prom/node-exporter:v1.9.0 at: /bin/node_exporter"
"qubership-monitoring-operator","grype","docker.io/prom/node-exporter:v1.9.0","CVE-2025-58187","HIGH","stdlib","go1.23.6","1.24.9,1.25.3","A high vulnerability in go-module package: stdlib, version go1.23.6 was found in image docker.io/prom/node-exporter:v1.9.0 at: /bin/node_exporter"
"qubership-monitoring-operator","grype","docker.io/prom/node-exporter:v1.9.0","CVE-2025-61729","HIGH","stdlib","go1.23.6","1.24.11,1.25.5","A high vulnerability in go-module package: stdlib, version go1.23.6 was found in image docker.io/prom/node-exporter:v1.9.0 at: /bin/node_exporter"
"qubership-monitoring-operator","grype","docker.io/prom/node-exporter:v1.9.0","CVE-2025-47907","HIGH","stdlib","go1.23.6","1.23.12,1.24.6","A high vulnerability in go-module package: stdlib, version go1.23.6 was found in image docker.io/prom/node-exporter:v1.9.0 at: /bin/node_exporter"
"qubership-monitoring-operator","grype","docker.io/prom/node-exporter:v1.9.0","CVE-2025-61731","HIGH","stdlib","go1.23.6","1.24.12,1.25.6","A high vulnerability in go-module package: stdlib, version go1.23.6 was found in image docker.io/prom/node-exporter:v1.9.0 at: /bin/node_exporter"
"qubership-monitoring-operator","grype","docker.io/prom/node-exporter:v1.9.0","CVE-2025-61732","HIGH","stdlib","go1.23.6","1.24.13,1.25.7","A high vulnerability in go-module package: stdlib, version go1.23.6 was found in image docker.io/prom/node-exporter:v1.9.0 at: /bin/node_exporter"
"qubership-monitoring-operator","grype","docker.io/prom/node-exporter:v1.9.0","CVE-2025-4674","HIGH","stdlib","go1.23.6","1.23.11,1.24.5","A high vulnerability in go-module package: stdlib, version go1.23.6 was found in image docker.io/prom/node-exporter:v1.9.0 at: /bin/node_exporter"
"qubership-monitoring-operator","grype","docker.io/victoriametrics/operator:config-reloader-v0.63.0","CVE-2025-61723","HIGH","stdlib","go1.25.0","1.24.8,1.25.2","A high vulnerability in go-module package: stdlib, version go1.25.0 was found in image docker.io/victoriametrics/operator:config-reloader-v0.63.0 at: /app"
"qubership-monitoring-operator","grype","docker.io/victoriametrics/operator:config-reloader-v0.63.0","CVE-2025-61725","HIGH","stdlib","go1.25.0","1.24.8,1.25.2","A high vulnerability in go-module package: stdlib, version go1.25.0 was found in image docker.io/victoriametrics/operator:config-reloader-v0.63.0 at: /app"
"qubership-monitoring-operator","grype","docker.io/victoriametrics/operator:config-reloader-v0.63.0","CVE-2025-61726","HIGH","stdlib","go1.25.0","1.24.12,1.25.6","A high vulnerability in go-module package: stdlib, version go1.25.0 was found in image docker.io/victoriametrics/operator:config-reloader-v0.63.0 at: /app"
"qubership-monitoring-operator","grype","docker.io/victoriametrics/operator:config-reloader-v0.63.0","CVE-2025-68121","CRITICAL","stdlib","go1.25.0","1.24.13,1.25.7,1.26.0-rc.3","A critical vulnerability in go-module package: stdlib, version go1.25.0 was found in image docker.io/victoriametrics/operator:config-reloader-v0.63.0 at: /app"
"qubership-monitoring-operator","grype","docker.io/victoriametrics/operator:config-reloader-v0.63.0","CVE-2025-58188","HIGH","stdlib","go1.25.0","1.24.8,1.25.2","A high vulnerability in go-module package: stdlib, version go1.25.0 was found in image docker.io/victoriametrics/operator:config-reloader-v0.63.0 at: /app"
"qubership-monitoring-operator","grype","docker.io/victoriametrics/operator:config-reloader-v0.63.0","CVE-2025-58187","HIGH","stdlib","go1.25.0","1.24.9,1.25.3","A high vulnerability in go-module package: stdlib, version go1.25.0 was found in image docker.io/victoriametrics/operator:config-reloader-v0.63.0 at: /app"
"qubership-monitoring-operator","grype","docker.io/victoriametrics/operator:config-reloader-v0.63.0","CVE-2025-61729","HIGH","stdlib","go1.25.0","1.24.11,1.25.5","A high vulnerability in go-module package: stdlib, version go1.25.0 was found in image docker.io/victoriametrics/operator:config-reloader-v0.63.0 at: /app"
"qubership-monitoring-operator","grype","docker.io/victoriametrics/operator:config-reloader-v0.63.0","CVE-2025-68119","HIGH","stdlib","go1.25.0","1.25.6","A high vulnerability in go-module package: stdlib, version go1.25.0 was found in image docker.io/victoriametrics/operator:config-reloader-v0.63.0 at: /app"
"qubership-monitoring-operator","grype","docker.io/victoriametrics/operator:config-reloader-v0.63.0","CVE-2025-61731","HIGH","stdlib","go1.25.0","1.24.12,1.25.6","A high vulnerability in go-module package: stdlib, version go1.25.0 was found in image docker.io/victoriametrics/operator:config-reloader-v0.63.0 at: /app"
"qubership-monitoring-operator","grype","docker.io/victoriametrics/operator:config-reloader-v0.63.0","CVE-2025-61732","HIGH","stdlib","go1.25.0","1.24.13,1.25.7","A high vulnerability in go-module package: stdlib, version go1.25.0 was found in image docker.io/victoriametrics/operator:config-reloader-v0.63.0 at: /app"
"qubership-monitoring-operator","grype","docker.io/victoriametrics/operator:v0.63.0","CVE-2025-61723","HIGH","stdlib","go1.25.0","1.24.8,1.25.2","A high vulnerability in go-module package: stdlib, version go1.25.0 was found in image docker.io/victoriametrics/operator:v0.63.0 at: /app"
"qubership-monitoring-operator","grype","docker.io/victoriametrics/operator:v0.63.0","CVE-2025-61725","HIGH","stdlib","go1.25.0","1.24.8,1.25.2","A high vulnerability in go-module package: stdlib, version go1.25.0 was found in image docker.io/victoriametrics/operator:v0.63.0 at: /app"
"qubership-monitoring-operator","grype","docker.io/victoriametrics/operator:v0.63.0","CVE-2025-61726","HIGH","stdlib","go1.25.0","1.24.12,1.25.6","A high vulnerability in go-module package: stdlib, version go1.25.0 was found in image docker.io/victoriametrics/operator:v0.63.0 at: /app"
"qubership-monitoring-operator","grype","docker.io/victoriametrics/operator:v0.63.0","CVE-2025-68121","CRITICAL","stdlib","go1.25.0","1.24.13,1.25.7,1.26.0-rc.3","A critical vulnerability in go-module package: stdlib, version go1.25.0 was found in image docker.io/victoriametrics/operator:v0.63.0 at: /app"
"qubership-monitoring-operator","grype","docker.io/victoriametrics/operator:v0.63.0","CVE-2025-58188","HIGH","stdlib","go1.25.0","1.24.8,1.25.2","A high vulnerability in go-module package: stdlib, version go1.25.0 was found in image docker.io/victoriametrics/operator:v0.63.0 at: /app"
"qubership-monitoring-operator","grype","docker.io/victoriametrics/operator:v0.63.0","CVE-2025-58187","HIGH","stdlib","go1.25.0","1.24.9,1.25.3","A high vulnerability in go-module package: stdlib, version go1.25.0 was found in image docker.io/victoriametrics/operator:v0.63.0 at: /app"
"qubership-monitoring-operator","grype","docker.io/victoriametrics/operator:v0.63.0","CVE-2025-61729","HIGH","stdlib","go1.25.0","1.24.11,1.25.5","A high vulnerability in go-module package: stdlib, version go1.25.0 was found in image docker.io/victoriametrics/operator:v0.63.0 at: /app"
"qubership-monitoring-operator","grype","docker.io/victoriametrics/operator:v0.63.0","CVE-2025-68119","HIGH","stdlib","go1.25.0","1.25.6","A high vulnerability in go-module package: stdlib, version go1.25.0 was found in image docker.io/victoriametrics/operator:v0.63.0 at: /app"
"qubership-monitoring-operator","grype","docker.io/victoriametrics/operator:v0.63.0","CVE-2025-61731","HIGH","stdlib","go1.25.0","1.24.12,1.25.6","A high vulnerability in go-module package: stdlib, version go1.25.0 was found in image docker.io/victoriametrics/operator:v0.63.0 at: /app"
"qubership-monitoring-operator","grype","docker.io/victoriametrics/operator:v0.63.0","CVE-2025-61732","HIGH","stdlib","go1.25.0","1.24.13,1.25.7","A high vulnerability in go-module package: stdlib, version go1.25.0 was found in image docker.io/victoriametrics/operator:v0.63.0 at: /app"
"qubership-monitoring-operator","grype","quay.io/prometheus-operator/prometheus-config-reloader:v0.80.1","GHSA-hcg3-q754-cr77","HIGH","golang.org/x/crypto","v0.32.0","0.35.0","A high vulnerability in go-module package: golang.org/x/crypto, version v0.32.0 was found in image quay.io/prometheus-operator/prometheus-config-reloader:v0.80.1 at: /bin/prometheus-config-reloader"
"qubership-monitoring-operator","grype","quay.io/prometheus-operator/prometheus-config-reloader:v0.80.1","CVE-2025-22871","CRITICAL","stdlib","go1.23.6","1.23.8,1.24.2","A critical vulnerability in go-module package: stdlib, version go1.23.6 was found in image quay.io/prometheus-operator/prometheus-config-reloader:v0.80.1 at: /bin/prometheus-config-reloader"
"qubership-monitoring-operator","grype","quay.io/prometheus-operator/prometheus-config-reloader:v0.80.1","GHSA-6v2p-p543-phr9","HIGH","golang.org/x/oauth2","v0.25.0","0.27.0","A high vulnerability in go-module package: golang.org/x/oauth2, version v0.25.0 was found in image quay.io/prometheus-operator/prometheus-config-reloader:v0.80.1 at: /bin/prometheus-config-reloader"
"qubership-monitoring-operator","grype","quay.io/prometheus-operator/prometheus-config-reloader:v0.80.1","CVE-2025-61723","HIGH","stdlib","go1.23.6","1.24.8,1.25.2","A high vulnerability in go-module package: stdlib, version go1.23.6 was found in image quay.io/prometheus-operator/prometheus-config-reloader:v0.80.1 at: /bin/prometheus-config-reloader"
"qubership-monitoring-operator","grype","quay.io/prometheus-operator/prometheus-config-reloader:v0.80.1","CVE-2025-61725","HIGH","stdlib","go1.23.6","1.24.8,1.25.2","A high vulnerability in go-module package: stdlib, version go1.23.6 was found in image quay.io/prometheus-operator/prometheus-config-reloader:v0.80.1 at: /bin/prometheus-config-reloader"
"qubership-monitoring-operator","grype","quay.io/prometheus-operator/prometheus-config-reloader:v0.80.1","CVE-2025-61726","HIGH","stdlib","go1.23.6","1.24.12,1.25.6","A high vulnerability in go-module package: stdlib, version go1.23.6 was found in image quay.io/prometheus-operator/prometheus-config-reloader:v0.80.1 at: /bin/prometheus-config-reloader"
"qubership-monitoring-operator","grype","quay.io/prometheus-operator/prometheus-config-reloader:v0.80.1","CVE-2025-68121","CRITICAL","stdlib","go1.23.6","1.24.13,1.25.7,1.26.0-rc.3","A critical vulnerability in go-module package: stdlib, version go1.23.6 was found in image quay.io/prometheus-operator/prometheus-config-reloader:v0.80.1 at: /bin/prometheus-config-reloader"
"qubership-monitoring-operator","grype","quay.io/prometheus-operator/prometheus-config-reloader:v0.80.1","CVE-2025-58188","HIGH","stdlib","go1.23.6","1.24.8,1.25.2","A high vulnerability in go-module package: stdlib, version go1.23.6 was found in image quay.io/prometheus-operator/prometheus-config-reloader:v0.80.1 at: /bin/prometheus-config-reloader"
"qubership-monitoring-operator","grype","quay.io/prometheus-operator/prometheus-config-reloader:v0.80.1","CVE-2025-58187","HIGH","stdlib","go1.23.6","1.24.9,1.25.3","A high vulnerability in go-module package: stdlib, version go1.23.6 was found in image quay.io/prometheus-operator/prometheus-config-reloader:v0.80.1 at: /bin/prometheus-config-reloader"
"qubership-monitoring-operator","grype","quay.io/prometheus-operator/prometheus-config-reloader:v0.80.1","CVE-2025-61729","HIGH","stdlib","go1.23.6","1.24.11,1.25.5","A high vulnerability in go-module package: stdlib, version go1.23.6 was found in image quay.io/prometheus-operator/prometheus-config-reloader:v0.80.1 at: /bin/prometheus-config-reloader"
"qubership-monitoring-operator","grype","quay.io/prometheus-operator/prometheus-config-reloader:v0.80.1","CVE-2025-47907","HIGH","stdlib","go1.23.6","1.23.12,1.24.6","A high vulnerability in go-module package: stdlib, version go1.23.6 was found in image quay.io/prometheus-operator/prometheus-config-reloader:v0.80.1 at: /bin/prometheus-config-reloader"
"qubership-monitoring-operator","grype","quay.io/prometheus-operator/prometheus-config-reloader:v0.80.1","CVE-2025-61731","HIGH","stdlib","go1.23.6","1.24.12,1.25.6","A high vulnerability in go-module package: stdlib, version go1.23.6 was found in image quay.io/prometheus-operator/prometheus-config-reloader:v0.80.1 at: /bin/prometheus-config-reloader"
"qubership-monitoring-operator","grype","quay.io/prometheus-operator/prometheus-config-reloader:v0.80.1","CVE-2025-61732","HIGH","stdlib","go1.23.6","1.24.13,1.25.7","A high vulnerability in go-module package: stdlib, version go1.23.6 was found in image quay.io/prometheus-operator/prometheus-config-reloader:v0.80.1 at: /bin/prometheus-config-reloader"
"qubership-monitoring-operator","grype","quay.io/prometheus-operator/prometheus-config-reloader:v0.80.1","CVE-2025-4674","HIGH","stdlib","go1.23.6","1.23.11,1.24.5","A high vulnerability in go-module package: stdlib, version go1.23.6 was found in image quay.io/prometheus-operator/prometheus-config-reloader:v0.80.1 at: /bin/prometheus-config-reloader"
"qubership-monitoring-operator","grype","quay.io/prometheus-operator/prometheus-operator:v0.80.1","CVE-2025-22871","CRITICAL","stdlib","go1.23.6","1.23.8,1.24.2","A critical vulnerability in go-module package: stdlib, version go1.23.6 was found in image quay.io/prometheus-operator/prometheus-operator:v0.80.1 at: /bin/operator"
"qubership-monitoring-operator","grype","quay.io/prometheus-operator/prometheus-operator:v0.80.1","GHSA-6v2p-p543-phr9","HIGH","golang.org/x/oauth2","v0.25.0","0.27.0","A high vulnerability in go-module package: golang.org/x/oauth2, version v0.25.0 was found in image quay.io/prometheus-operator/prometheus-operator:v0.80.1 at: /bin/operator"
"qubership-monitoring-operator","grype","quay.io/prometheus-operator/prometheus-operator:v0.80.1","CVE-2025-61723","HIGH","stdlib","go1.23.6","1.24.8,1.25.2","A high vulnerability in go-module package: stdlib, version go1.23.6 was found in image quay.io/prometheus-operator/prometheus-operator:v0.80.1 at: /bin/operator"
"qubership-monitoring-operator","grype","quay.io/prometheus-operator/prometheus-operator:v0.80.1","CVE-2025-61725","HIGH","stdlib","go1.23.6","1.24.8,1.25.2","A high vulnerability in go-module package: stdlib, version go1.23.6 was found in image quay.io/prometheus-operator/prometheus-operator:v0.80.1 at: /bin/operator"
"qubership-monitoring-operator","grype","quay.io/prometheus-operator/prometheus-operator:v0.80.1","CVE-2025-61726","HIGH","stdlib","go1.23.6","1.24.12,1.25.6","A high vulnerability in go-module package: stdlib, version go1.23.6 was found in image quay.io/prometheus-operator/prometheus-operator:v0.80.1 at: /bin/operator"
"qubership-monitoring-operator","grype","quay.io/prometheus-operator/prometheus-operator:v0.80.1","CVE-2025-68121","CRITICAL","stdlib","go1.23.6","1.24.13,1.25.7,1.26.0-rc.3","A critical vulnerability in go-module package: stdlib, version go1.23.6 was found in image quay.io/prometheus-operator/prometheus-operator:v0.80.1 at: /bin/operator"
"qubership-monitoring-operator","grype","quay.io/prometheus-operator/prometheus-operator:v0.80.1","CVE-2025-58188","HIGH","stdlib","go1.23.6","1.24.8,1.25.2","A high vulnerability in go-module package: stdlib, version go1.23.6 was found in image quay.io/prometheus-operator/prometheus-operator:v0.80.1 at: /bin/operator"
"qubership-monitoring-operator","grype","quay.io/prometheus-operator/prometheus-operator:v0.80.1","CVE-2025-58187","HIGH","stdlib","go1.23.6","1.24.9,1.25.3","A high vulnerability in go-module package: stdlib, version go1.23.6 was found in image quay.io/prometheus-operator/prometheus-operator:v0.80.1 at: /bin/operator"
"qubership-monitoring-operator","grype","quay.io/prometheus-operator/prometheus-operator:v0.80.1","CVE-2025-61729","HIGH","stdlib","go1.23.6","1.24.11,1.25.5","A high vulnerability in go-module package: stdlib, version go1.23.6 was found in image quay.io/prometheus-operator/prometheus-operator:v0.80.1 at: /bin/operator"
"qubership-monitoring-operator","grype","quay.io/prometheus-operator/prometheus-operator:v0.80.1","CVE-2025-47907","HIGH","stdlib","go1.23.6","1.23.12,1.24.6","A high vulnerability in go-module package: stdlib, version go1.23.6 was found in image quay.io/prometheus-operator/prometheus-operator:v0.80.1 at: /bin/operator"
"qubership-monitoring-operator","grype","quay.io/prometheus-operator/prometheus-operator:v0.80.1","CVE-2025-61731","HIGH","stdlib","go1.23.6","1.24.12,1.25.6","A high vulnerability in go-module package: stdlib, version go1.23.6 was found in image quay.io/prometheus-operator/prometheus-operator:v0.80.1 at: /bin/operator"
"qubership-monitoring-operator","grype","quay.io/prometheus-operator/prometheus-operator:v0.80.1","CVE-2025-61732","HIGH","stdlib","go1.23.6","1.24.13,1.25.7","A high vulnerability in go-module package: stdlib, version go1.23.6 was found in image quay.io/prometheus-operator/prometheus-operator:v0.80.1 at: /bin/operator"
"qubership-monitoring-operator","grype","quay.io/prometheus-operator/prometheus-operator:v0.80.1","CVE-2025-4674","HIGH","stdlib","go1.23.6","1.23.11,1.24.5","A high vulnerability in go-module package: stdlib, version go1.23.6 was found in image quay.io/prometheus-operator/prometheus-operator:v0.80.1 at: /bin/operator"
"qubership-monitoring-operator","grype","docker.io/prom/prometheus:v3.2.1","GHSA-hcg3-q754-cr77","HIGH","golang.org/x/crypto","v0.32.0","0.35.0","A high vulnerability in go-module package: golang.org/x/crypto, version v0.32.0 was found in image docker.io/prom/prometheus:v3.2.1 at: /bin/promtool"
"qubership-monitoring-operator","grype","docker.io/prom/prometheus:v3.2.1","GHSA-hcg3-q754-cr77","HIGH","golang.org/x/crypto","v0.32.0","0.35.0","A high vulnerability in go-module package: golang.org/x/crypto, version v0.32.0 was found in image docker.io/prom/prometheus:v3.2.1 at: /bin/prometheus"
"qubership-monitoring-operator","grype","docker.io/prom/prometheus:v3.2.1","CVE-2025-22871","CRITICAL","stdlib","go1.23.6","1.23.8,1.24.2","A critical vulnerability in go-module package: stdlib, version go1.23.6 was found in image docker.io/prom/prometheus:v3.2.1 at: /bin/promtool"
"qubership-monitoring-operator","grype","docker.io/prom/prometheus:v3.2.1","CVE-2025-22871","CRITICAL","stdlib","go1.23.6","1.23.8,1.24.2","A critical vulnerability in go-module package: stdlib, version go1.23.6 was found in image docker.io/prom/prometheus:v3.2.1 at: /bin/prometheus"
"qubership-monitoring-operator","grype","docker.io/prom/prometheus:v3.2.1","GHSA-6v2p-p543-phr9","HIGH","golang.org/x/oauth2","v0.25.0","0.27.0","A high vulnerability in go-module package: golang.org/x/oauth2, version v0.25.0 was found in image docker.io/prom/prometheus:v3.2.1 at: /bin/prometheus"
"qubership-monitoring-operator","grype","docker.io/prom/prometheus:v3.2.1","GHSA-6v2p-p543-phr9","HIGH","golang.org/x/oauth2","v0.25.0","0.27.0","A high vulnerability in go-module package: golang.org/x/oauth2, version v0.25.0 was found in image docker.io/prom/prometheus:v3.2.1 at: /bin/promtool"
"qubership-monitoring-operator","grype","docker.io/prom/prometheus:v3.2.1","GHSA-mh63-6h87-95cp","HIGH","github.com/golang-jwt/jwt/v5","v5.2.1","5.2.2","A high vulnerability in go-module package: github.com/golang-jwt/jwt/v5, version v5.2.1 was found in image docker.io/prom/prometheus:v3.2.1 at: /bin/prometheus"
"qubership-monitoring-operator","grype","docker.io/prom/prometheus:v3.2.1","GHSA-mh63-6h87-95cp","HIGH","github.com/golang-jwt/jwt/v5","v5.2.1","5.2.2","A high vulnerability in go-module package: github.com/golang-jwt/jwt/v5, version v5.2.1 was found in image docker.io/prom/prometheus:v3.2.1 at: /bin/promtool"
"qubership-monitoring-operator","grype","docker.io/prom/prometheus:v3.2.1","CVE-2025-61723","HIGH","stdlib","go1.23.6","1.24.8,1.25.2","A high vulnerability in go-module package: stdlib, version go1.23.6 was found in image docker.io/prom/prometheus:v3.2.1 at: /bin/prometheus"
"qubership-monitoring-operator","grype","docker.io/prom/prometheus:v3.2.1","CVE-2025-61723","HIGH","stdlib","go1.23.6","1.24.8,1.25.2","A high vulnerability in go-module package: stdlib, version go1.23.6 was found in image docker.io/prom/prometheus:v3.2.1 at: /bin/promtool"
"qubership-monitoring-operator","grype","docker.io/prom/prometheus:v3.2.1","CVE-2025-61725","HIGH","stdlib","go1.23.6","1.24.8,1.25.2","A high vulnerability in go-module package: stdlib, version go1.23.6 was found in image docker.io/prom/prometheus:v3.2.1 at: /bin/promtool"
"qubership-monitoring-operator","grype","docker.io/prom/prometheus:v3.2.1","CVE-2025-61725","HIGH","stdlib","go1.23.6","1.24.8,1.25.2","A high vulnerability in go-module package: stdlib, version go1.23.6 was found in image docker.io/prom/prometheus:v3.2.1 at: /bin/prometheus"
"qubership-monitoring-operator","grype","docker.io/prom/prometheus:v3.2.1","CVE-2025-61726","HIGH","stdlib","go1.23.6","1.24.12,1.25.6","A high vulnerability in go-module package: stdlib, version go1.23.6 was found in image docker.io/prom/prometheus:v3.2.1 at: /bin/prometheus"
"qubership-monitoring-operator","grype","docker.io/prom/prometheus:v3.2.1","CVE-2025-61726","HIGH","stdlib","go1.23.6","1.24.12,1.25.6","A high vulnerability in go-module package: stdlib, version go1.23.6 was found in image docker.io/prom/prometheus:v3.2.1 at: /bin/promtool"
"qubership-monitoring-operator","grype","docker.io/prom/prometheus:v3.2.1","CVE-2025-68121","CRITICAL","stdlib","go1.23.6","1.24.13,1.25.7,1.26.0-rc.3","A critical vulnerability in go-module package: stdlib, version go1.23.6 was found in image docker.io/prom/prometheus:v3.2.1 at: /bin/promtool"
"qubership-monitoring-operator","grype","docker.io/prom/prometheus:v3.2.1","CVE-2025-68121","CRITICAL","stdlib","go1.23.6","1.24.13,1.25.7,1.26.0-rc.3","A critical vulnerability in go-module package: stdlib, version go1.23.6 was found in image docker.io/prom/prometheus:v3.2.1 at: /bin/prometheus"
"qubership-monitoring-operator","grype","docker.io/prom/prometheus:v3.2.1","CVE-2025-58188","HIGH","stdlib","go1.23.6","1.24.8,1.25.2","A high vulnerability in go-module package: stdlib, version go1.23.6 was found in image docker.io/prom/prometheus:v3.2.1 at: /bin/prometheus"
"qubership-monitoring-operator","grype","docker.io/prom/prometheus:v3.2.1","CVE-2025-58188","HIGH","stdlib","go1.23.6","1.24.8,1.25.2","A high vulnerability in go-module package: stdlib, version go1.23.6 was found in image docker.io/prom/prometheus:v3.2.1 at: /bin/promtool"
"qubership-monitoring-operator","grype","docker.io/prom/prometheus:v3.2.1","CVE-2025-58187","HIGH","stdlib","go1.23.6","1.24.9,1.25.3","A high vulnerability in go-module package: stdlib, version go1.23.6 was found in image docker.io/prom/prometheus:v3.2.1 at: /bin/promtool"
"qubership-monitoring-operator","grype","docker.io/prom/prometheus:v3.2.1","CVE-2025-58187","HIGH","stdlib","go1.23.6","1.24.9,1.25.3","A high vulnerability in go-module package: stdlib, version go1.23.6 was found in image docker.io/prom/prometheus:v3.2.1 at: /bin/prometheus"
"qubership-monitoring-operator","grype","docker.io/prom/prometheus:v3.2.1","CVE-2025-61729","HIGH","stdlib","go1.23.6","1.24.11,1.25.5","A high vulnerability in go-module package: stdlib, version go1.23.6 was found in image docker.io/prom/prometheus:v3.2.1 at: /bin/promtool"
"qubership-monitoring-operator","grype","docker.io/prom/prometheus:v3.2.1","CVE-2025-61729","HIGH","stdlib","go1.23.6","1.24.11,1.25.5","A high vulnerability in go-module package: stdlib, version go1.23.6 was found in image docker.io/prom/prometheus:v3.2.1 at: /bin/prometheus"
"qubership-monitoring-operator","grype","docker.io/prom/prometheus:v3.2.1","CVE-2025-47907","HIGH","stdlib","go1.23.6","1.23.12,1.24.6","A high vulnerability in go-module package: stdlib, version go1.23.6 was found in image docker.io/prom/prometheus:v3.2.1 at: /bin/prometheus"
"qubership-monitoring-operator","grype","docker.io/prom/prometheus:v3.2.1","CVE-2025-47907","HIGH","stdlib","go1.23.6","1.23.12,1.24.6","A high vulnerability in go-module package: stdlib, version go1.23.6 was found in image docker.io/prom/prometheus:v3.2.1 at: /bin/promtool"
"qubership-monitoring-operator","grype","docker.io/prom/prometheus:v3.2.1","CVE-2025-61731","HIGH","stdlib","go1.23.6","1.24.12,1.25.6","A high vulnerability in go-module package: stdlib, version go1.23.6 was found in image docker.io/prom/prometheus:v3.2.1 at: /bin/promtool"
"qubership-monitoring-operator","grype","docker.io/prom/prometheus:v3.2.1","CVE-2025-61731","HIGH","stdlib","go1.23.6","1.24.12,1.25.6","A high vulnerability in go-module package: stdlib, version go1.23.6 was found in image docker.io/prom/prometheus:v3.2.1 at: /bin/prometheus"
"qubership-monitoring-operator","grype","docker.io/prom/prometheus:v3.2.1","CVE-2025-61732","HIGH","stdlib","go1.23.6","1.24.13,1.25.7","A high vulnerability in go-module package: stdlib, version go1.23.6 was found in image docker.io/prom/prometheus:v3.2.1 at: /bin/promtool"
"qubership-monitoring-operator","grype","docker.io/prom/prometheus:v3.2.1","CVE-2025-61732","HIGH","stdlib","go1.23.6","1.24.13,1.25.7","A high vulnerability in go-module package: stdlib, version go1.23.6 was found in image docker.io/prom/prometheus:v3.2.1 at: /bin/prometheus"
"qubership-monitoring-operator","grype","docker.io/prom/prometheus:v3.2.1","GHSA-9h8m-3fm2-qjrq","HIGH","go.opentelemetry.io/otel/sdk","v1.34.0","1.40.0","A high vulnerability in go-module package: go.opentelemetry.io/otel/sdk, version v1.34.0 was found in image docker.io/prom/prometheus:v3.2.1 at: /bin/prometheus"
"qubership-monitoring-operator","grype","docker.io/prom/prometheus:v3.2.1","CVE-2025-4674","HIGH","stdlib","go1.23.6","1.23.11,1.24.5","A high vulnerability in go-module package: stdlib, version go1.23.6 was found in image docker.io/prom/prometheus:v3.2.1 at: /bin/promtool"
"qubership-monitoring-operator","grype","docker.io/prom/prometheus:v3.2.1","CVE-2025-4674","HIGH","stdlib","go1.23.6","1.23.11,1.24.5","A high vulnerability in go-module package: stdlib, version go1.23.6 was found in image docker.io/prom/prometheus:v3.2.1 at: /bin/prometheus"
"qubership-monitoring-operator","grype","ghcr.io/tomkerkhove/promitor-agent-resource-discovery:0.13.0","CVE-2023-4911","HIGH","glibc","2.35","0:2.35-5.cm2","A high vulnerability in rpm package: glibc, version 2.35 was found in image ghcr.io/tomkerkhove/promitor-agent-resource-discovery:0.13.0 at: /usr/bin/gencat"
"qubership-monitoring-operator","grype","ghcr.io/tomkerkhove/promitor-agent-resource-discovery:0.13.0","CVE-2023-0286","HIGH","openssl","1.1.1k","0:1.1.1k-21.cm2","A high vulnerability in rpm package: openssl, version 1.1.1k was found in image ghcr.io/tomkerkhove/promitor-agent-resource-discovery:0.13.0 at: /usr/lib/engines-1.1/afalg.so"
"qubership-monitoring-operator","grype","ghcr.io/tomkerkhove/promitor-agent-resource-discovery:0.13.0","CVE-2022-1292","CRITICAL","openssl","1.1.1k","0:1.1.1k-15.cm2","A high vulnerability in rpm package: openssl, version 1.1.1k was found in image ghcr.io/tomkerkhove/promitor-agent-resource-discovery:0.13.0 at: /usr/lib/engines-1.1/afalg.so"
"qubership-monitoring-operator","grype","ghcr.io/tomkerkhove/promitor-agent-resource-discovery:0.13.0","CVE-2022-2068","CRITICAL","openssl","1.1.1k","0:1.1.1k-17.cm2","A high vulnerability in rpm package: openssl, version 1.1.1k was found in image ghcr.io/tomkerkhove/promitor-agent-resource-discovery:0.13.0 at: /usr/lib/engines-1.1/afalg.so"
"qubership-monitoring-operator","grype","ghcr.io/tomkerkhove/promitor-agent-resource-discovery:0.13.0","CVE-2022-0778","HIGH","openssl","1.1.1k","0:1.1.1k-12.cm2","A high vulnerability in rpm package: openssl, version 1.1.1k was found in image ghcr.io/tomkerkhove/promitor-agent-resource-discovery:0.13.0 at: /usr/lib/engines-1.1/afalg.so"
"qubership-monitoring-operator","grype","ghcr.io/tomkerkhove/promitor-agent-resource-discovery:0.13.0","CVE-2021-3711","CRITICAL","openssl","1.1.1k","0:1.1.1k-11.cm2","A critical vulnerability in rpm package: openssl, version 1.1.1k was found in image ghcr.io/tomkerkhove/promitor-agent-resource-discovery:0.13.0 at: /usr/lib/engines-1.1/afalg.so"
"qubership-monitoring-operator","grype","ghcr.io/tomkerkhove/promitor-agent-resource-discovery:0.13.0","GHSA-gjf6-3w4p-7xfh","HIGH","Microsoft.NETCore.App.Runtime.linux-x64","8.0.10","8.0.12","A high vulnerability in dotnet package: Microsoft.NETCore.App.Runtime.linux-x64, version 8.0.10 was found in image ghcr.io/tomkerkhove/promitor-agent-resource-discovery:0.13.0 at: /usr/share/dotnet/shared/Microsoft.NETCore.App/8.0.10/Microsoft.NETCore.App.deps.json"
"qubership-monitoring-operator","grype","ghcr.io/tomkerkhove/promitor-agent-resource-discovery:0.13.0","CVE-2022-23218","CRITICAL","glibc","2.35","0:2.35-1.cm2","A critical vulnerability in rpm package: glibc, version 2.35 was found in image ghcr.io/tomkerkhove/promitor-agent-resource-discovery:0.13.0 at: /usr/bin/gencat"
"qubership-monitoring-operator","grype","ghcr.io/tomkerkhove/promitor-agent-resource-discovery:0.13.0","CVE-2022-23219","CRITICAL","glibc","2.35","0:2.35-1.cm2","A critical vulnerability in rpm package: glibc, version 2.35 was found in image ghcr.io/tomkerkhove/promitor-agent-resource-discovery:0.13.0 at: /usr/bin/gencat"
"qubership-monitoring-operator","grype","ghcr.io/tomkerkhove/promitor-agent-resource-discovery:0.13.0","CVE-2024-33599","HIGH","glibc","2.35","0:2.35-7.cm2","A high vulnerability in rpm package: glibc, version 2.35 was found in image ghcr.io/tomkerkhove/promitor-agent-resource-discovery:0.13.0 at: /usr/bin/gencat"
"qubership-monitoring-operator","grype","ghcr.io/tomkerkhove/promitor-agent-resource-discovery:0.13.0","CVE-2021-43396","HIGH","glibc","2.35","0:2.35-1.cm2","A high vulnerability in rpm package: glibc, version 2.35 was found in image ghcr.io/tomkerkhove/promitor-agent-resource-discovery:0.13.0 at: /usr/bin/gencat"
"qubership-monitoring-operator","grype","ghcr.io/tomkerkhove/promitor-agent-resource-discovery:0.13.0","CVE-2021-3712","HIGH","openssl","1.1.1k","0:1.1.1k-11.cm2","A high vulnerability in rpm package: openssl, version 1.1.1k was found in image ghcr.io/tomkerkhove/promitor-agent-resource-discovery:0.13.0 at: /usr/lib/engines-1.1/afalg.so"
"qubership-monitoring-operator","grype","ghcr.io/tomkerkhove/promitor-agent-resource-discovery:0.13.0","GHSA-5rrx-jjjq-q2r5","CRITICAL","Microsoft.AspNetCore.App.Runtime.linux-x64","8.0.10","8.0.21","A critical vulnerability in dotnet package: Microsoft.AspNetCore.App.Runtime.linux-x64, version 8.0.10 was found in image ghcr.io/tomkerkhove/promitor-agent-resource-discovery:0.13.0 at: /usr/share/dotnet/shared/Microsoft.AspNetCore.App/8.0.10/Microsoft.AspNetCore.App.deps.json"
"qubership-monitoring-operator","grype","ghcr.io/tomkerkhove/promitor-agent-resource-discovery:0.13.0","GHSA-jjcv-wr2g-4rv4","HIGH","Microsoft.NETCore.App.Runtime.linux-x64","8.0.10","8.0.12","A high vulnerability in dotnet package: Microsoft.NETCore.App.Runtime.linux-x64, version 8.0.10 was found in image ghcr.io/tomkerkhove/promitor-agent-resource-discovery:0.13.0 at: /usr/share/dotnet/shared/Microsoft.NETCore.App/8.0.10/Microsoft.NETCore.App.deps.json"
"qubership-monitoring-operator","grype","ghcr.io/tomkerkhove/promitor-agent-resource-discovery:0.13.0","CVE-2024-33602","HIGH","glibc","2.35","0:2.35-7.cm2","A high vulnerability in rpm package: glibc, version 2.35 was found in image ghcr.io/tomkerkhove/promitor-agent-resource-discovery:0.13.0 at: /usr/bin/gencat"
"qubership-monitoring-operator","grype","ghcr.io/tomkerkhove/promitor-agent-resource-discovery:0.13.0","CVE-2024-4741","HIGH","openssl","1.1.1k","0:1.1.1k-31.cm2","A high vulnerability in rpm package: openssl, version 1.1.1k was found in image ghcr.io/tomkerkhove/promitor-agent-resource-discovery:0.13.0 at: /usr/lib/engines-1.1/afalg.so"
"qubership-monitoring-operator","grype","ghcr.io/tomkerkhove/promitor-agent-resource-discovery:0.13.0","GHSA-2865-hh9g-w894","HIGH","Microsoft.AspNetCore.App.Runtime.linux-x64","8.0.10","8.0.14","A high vulnerability in dotnet package: Microsoft.AspNetCore.App.Runtime.linux-x64, version 8.0.10 was found in image ghcr.io/tomkerkhove/promitor-agent-resource-discovery:0.13.0 at: /usr/share/dotnet/shared/Microsoft.AspNetCore.App/8.0.10/Microsoft.AspNetCore.App.deps.json"
"qubership-monitoring-operator","grype","ghcr.io/tomkerkhove/promitor-agent-resource-discovery:0.13.0","CVE-2021-3998","HIGH","glibc","2.35","0:2.35-7.cm2","A high vulnerability in rpm package: glibc, version 2.35 was found in image ghcr.io/tomkerkhove/promitor-agent-resource-discovery:0.13.0 at: /usr/bin/gencat"
"qubership-monitoring-operator","grype","ghcr.io/tomkerkhove/promitor-agent-resource-discovery:0.13.0","CVE-2024-33601","HIGH","glibc","2.35","0:2.35-7.cm2","A high vulnerability in rpm package: glibc, version 2.35 was found in image ghcr.io/tomkerkhove/promitor-agent-resource-discovery:0.13.0 at: /usr/bin/gencat"
"qubership-monitoring-operator","grype","ghcr.io/tomkerkhove/promitor-agent-resource-discovery:0.13.0","CVE-2021-38604","HIGH","glibc","2.35","0:2.35-1.cm2","A high vulnerability in rpm package: glibc, version 2.35 was found in image ghcr.io/tomkerkhove/promitor-agent-resource-discovery:0.13.0 at: /usr/bin/gencat"
"qubership-monitoring-operator","grype","ghcr.io/tomkerkhove/promitor-agent-resource-discovery:0.13.0","CVE-2025-69420","HIGH","openssl","1.1.1k","0:1.1.1k-38.cm2","A high vulnerability in rpm package: openssl, version 1.1.1k was found in image ghcr.io/tomkerkhove/promitor-agent-resource-discovery:0.13.0 at: /usr/lib/engines-1.1/afalg.so"
"qubership-monitoring-operator","grype","ghcr.io/tomkerkhove/promitor-agent-resource-discovery:0.13.0","CVE-2025-69420","HIGH","openssl-libs","1.1.1k-35.cm2","0:1.1.1k-38.cm2","A high vulnerability in rpm package: openssl-libs, version 1.1.1k-35.cm2 was found in image ghcr.io/tomkerkhove/promitor-agent-resource-discovery:0.13.0 at: /var/lib/rpmmanifest/container-manifest-2"
"qubership-monitoring-operator","grype","ghcr.io/tomkerkhove/promitor-agent-resource-discovery:0.13.0","GHSA-266m-wp2v-x7mq","HIGH","Microsoft.NETCore.App.Runtime.linux-x64","8.0.10","8.0.17","A high vulnerability in dotnet package: Microsoft.NETCore.App.Runtime.linux-x64, version 8.0.10 was found in image ghcr.io/tomkerkhove/promitor-agent-resource-discovery:0.13.0 at: /usr/share/dotnet/shared/Microsoft.NETCore.App/8.0.10/Microsoft.NETCore.App.deps.json"
"qubership-monitoring-operator","grype","ghcr.io/tomkerkhove/promitor-agent-resource-discovery:0.13.0","CVE-2023-5156","HIGH","glibc","2.35","0:2.35-6.cm2","A high vulnerability in rpm package: glibc, version 2.35 was found in image ghcr.io/tomkerkhove/promitor-agent-resource-discovery:0.13.0 at: /usr/bin/gencat"
"qubership-monitoring-operator","grype","ghcr.io/tomkerkhove/promitor-agent-resource-discovery:0.13.0","CVE-2025-5222","HIGH","icu","68.2.0.9","0:68.2.0.9-2.cm2","A high vulnerability in rpm package: icu, version 68.2.0.9 was found in image ghcr.io/tomkerkhove/promitor-agent-resource-discovery:0.13.0 at: /usr/bin/derb"
"qubership-monitoring-operator","grype","ghcr.io/tomkerkhove/promitor-agent-resource-discovery:0.13.0","CVE-2025-9230","HIGH","openssl","1.1.1k","0:1.1.1k-37.cm2","A high vulnerability in rpm package: openssl, version 1.1.1k was found in image ghcr.io/tomkerkhove/promitor-agent-resource-discovery:0.13.0 at: /usr/lib/engines-1.1/afalg.so"
"qubership-monitoring-operator","grype","ghcr.io/tomkerkhove/promitor-agent-resource-discovery:0.13.0","CVE-2025-9230","HIGH","openssl-libs","1.1.1k-35.cm2","0:1.1.1k-37.cm2","A high vulnerability in rpm package: openssl-libs, version 1.1.1k-35.cm2 was found in image ghcr.io/tomkerkhove/promitor-agent-resource-discovery:0.13.0 at: /var/lib/rpmmanifest/container-manifest-2"
"qubership-monitoring-operator","grype","ghcr.io/tomkerkhove/promitor-agent-resource-discovery:0.13.0","CVE-2026-0915","HIGH","glibc","2.35","0:2.35-9.cm2","A medium vulnerability in rpm package: glibc, version 2.35 was found in image ghcr.io/tomkerkhove/promitor-agent-resource-discovery:0.13.0 at: /usr/bin/gencat"
"qubership-monitoring-operator","grype","ghcr.io/tomkerkhove/promitor-agent-resource-discovery:0.13.0","CVE-2026-0915","HIGH","glibc","2.35","0:2.35-9.cm2","A medium vulnerability in rpm package: glibc, version 2.35-7.cm2 was found in image ghcr.io/tomkerkhove/promitor-agent-resource-discovery:0.13.0 at: /var/lib/rpmmanifest/container-manifest-2"
"qubership-monitoring-operator","grype","ghcr.io/tomkerkhove/promitor-agent-resource-discovery:0.13.0","CVE-2026-0861","HIGH","glibc","2.35","0:2.35-9.cm2","A medium vulnerability in rpm package: glibc, version 2.35 was found in image ghcr.io/tomkerkhove/promitor-agent-resource-discovery:0.13.0 at: /usr/bin/gencat"
"qubership-monitoring-operator","grype","ghcr.io/tomkerkhove/promitor-agent-resource-discovery:0.13.0","CVE-2026-0861","HIGH","glibc","2.35","0:2.35-9.cm2","A medium vulnerability in rpm package: glibc, version 2.35-7.cm2 was found in image ghcr.io/tomkerkhove/promitor-agent-resource-discovery:0.13.0 at: /var/lib/rpmmanifest/container-manifest-2"
"qubership-monitoring-operator","grype","ghcr.io/tomkerkhove/promitor-agent-scraper:2.13.0","CVE-2023-4911","HIGH","glibc","2.35","0:2.35-5.cm2","A high vulnerability in rpm package: glibc, version 2.35 was found in image ghcr.io/tomkerkhove/promitor-agent-scraper:2.13.0 at: /usr/bin/gencat"
"qubership-monitoring-operator","grype","ghcr.io/tomkerkhove/promitor-agent-scraper:2.13.0","CVE-2023-0286","HIGH","openssl","1.1.1k","0:1.1.1k-21.cm2","A high vulnerability in rpm package: openssl, version 1.1.1k was found in image ghcr.io/tomkerkhove/promitor-agent-scraper:2.13.0 at: /usr/lib/engines-1.1/afalg.so"
"qubership-monitoring-operator","grype","ghcr.io/tomkerkhove/promitor-agent-scraper:2.13.0","CVE-2022-1292","CRITICAL","openssl","1.1.1k","0:1.1.1k-15.cm2","A high vulnerability in rpm package: openssl, version 1.1.1k was found in image ghcr.io/tomkerkhove/promitor-agent-scraper:2.13.0 at: /usr/lib/engines-1.1/afalg.so"
"qubership-monitoring-operator","grype","ghcr.io/tomkerkhove/promitor-agent-scraper:2.13.0","CVE-2022-2068","CRITICAL","openssl","1.1.1k","0:1.1.1k-17.cm2","A high vulnerability in rpm package: openssl, version 1.1.1k was found in image ghcr.io/tomkerkhove/promitor-agent-scraper:2.13.0 at: /usr/lib/engines-1.1/afalg.so"
"qubership-monitoring-operator","grype","ghcr.io/tomkerkhove/promitor-agent-scraper:2.13.0","CVE-2022-0778","HIGH","openssl","1.1.1k","0:1.1.1k-12.cm2","A high vulnerability in rpm package: openssl, version 1.1.1k was found in image ghcr.io/tomkerkhove/promitor-agent-scraper:2.13.0 at: /usr/lib/engines-1.1/afalg.so"
"qubership-monitoring-operator","grype","ghcr.io/tomkerkhove/promitor-agent-scraper:2.13.0","CVE-2021-3711","CRITICAL","openssl","1.1.1k","0:1.1.1k-11.cm2","A critical vulnerability in rpm package: openssl, version 1.1.1k was found in image ghcr.io/tomkerkhove/promitor-agent-scraper:2.13.0 at: /usr/lib/engines-1.1/afalg.so"
"qubership-monitoring-operator","grype","ghcr.io/tomkerkhove/promitor-agent-scraper:2.13.0","GHSA-gjf6-3w4p-7xfh","HIGH","Microsoft.NETCore.App.Runtime.linux-x64","8.0.10","8.0.12","A high vulnerability in dotnet package: Microsoft.NETCore.App.Runtime.linux-x64, version 8.0.10 was found in image ghcr.io/tomkerkhove/promitor-agent-scraper:2.13.0 at: /usr/share/dotnet/shared/Microsoft.NETCore.App/8.0.10/Microsoft.NETCore.App.deps.json"
"qubership-monitoring-operator","grype","ghcr.io/tomkerkhove/promitor-agent-scraper:2.13.0","CVE-2022-23218","CRITICAL","glibc","2.35","0:2.35-1.cm2","A critical vulnerability in rpm package: glibc, version 2.35 was found in image ghcr.io/tomkerkhove/promitor-agent-scraper:2.13.0 at: /usr/bin/gencat"
"qubership-monitoring-operator","grype","ghcr.io/tomkerkhove/promitor-agent-scraper:2.13.0","CVE-2022-23219","CRITICAL","glibc","2.35","0:2.35-1.cm2","A critical vulnerability in rpm package: glibc, version 2.35 was found in image ghcr.io/tomkerkhove/promitor-agent-scraper:2.13.0 at: /usr/bin/gencat"
"qubership-monitoring-operator","grype","ghcr.io/tomkerkhove/promitor-agent-scraper:2.13.0","CVE-2024-33599","HIGH","glibc","2.35","0:2.35-7.cm2","A high vulnerability in rpm package: glibc, version 2.35 was found in image ghcr.io/tomkerkhove/promitor-agent-scraper:2.13.0 at: /usr/bin/gencat"
"qubership-monitoring-operator","grype","ghcr.io/tomkerkhove/promitor-agent-scraper:2.13.0","CVE-2021-43396","HIGH","glibc","2.35","0:2.35-1.cm2","A high vulnerability in rpm package: glibc, version 2.35 was found in image ghcr.io/tomkerkhove/promitor-agent-scraper:2.13.0 at: /usr/bin/gencat"
"qubership-monitoring-operator","grype","ghcr.io/tomkerkhove/promitor-agent-scraper:2.13.0","CVE-2021-3712","HIGH","openssl","1.1.1k","0:1.1.1k-11.cm2","A high vulnerability in rpm package: openssl, version 1.1.1k was found in image ghcr.io/tomkerkhove/promitor-agent-scraper:2.13.0 at: /usr/lib/engines-1.1/afalg.so"
"qubership-monitoring-operator","grype","ghcr.io/tomkerkhove/promitor-agent-scraper:2.13.0","GHSA-5rrx-jjjq-q2r5","CRITICAL","Microsoft.AspNetCore.App.Runtime.linux-x64","8.0.10","8.0.21","A critical vulnerability in dotnet package: Microsoft.AspNetCore.App.Runtime.linux-x64, version 8.0.10 was found in image ghcr.io/tomkerkhove/promitor-agent-scraper:2.13.0 at: /usr/share/dotnet/shared/Microsoft.AspNetCore.App/8.0.10/Microsoft.AspNetCore.App.deps.json"
"qubership-monitoring-operator","grype","ghcr.io/tomkerkhove/promitor-agent-scraper:2.13.0","GHSA-jjcv-wr2g-4rv4","HIGH","Microsoft.NETCore.App.Runtime.linux-x64","8.0.10","8.0.12","A high vulnerability in dotnet package: Microsoft.NETCore.App.Runtime.linux-x64, version 8.0.10 was found in image ghcr.io/tomkerkhove/promitor-agent-scraper:2.13.0 at: /usr/share/dotnet/shared/Microsoft.NETCore.App/8.0.10/Microsoft.NETCore.App.deps.json"
"qubership-monitoring-operator","grype","ghcr.io/tomkerkhove/promitor-agent-scraper:2.13.0","CVE-2024-33602","HIGH","glibc","2.35","0:2.35-7.cm2","A high vulnerability in rpm package: glibc, version 2.35 was found in image ghcr.io/tomkerkhove/promitor-agent-scraper:2.13.0 at: /usr/bin/gencat"
"qubership-monitoring-operator","grype","ghcr.io/tomkerkhove/promitor-agent-scraper:2.13.0","CVE-2024-4741","HIGH","openssl","1.1.1k","0:1.1.1k-31.cm2","A high vulnerability in rpm package: openssl, version 1.1.1k was found in image ghcr.io/tomkerkhove/promitor-agent-scraper:2.13.0 at: /usr/lib/engines-1.1/afalg.so"
"qubership-monitoring-operator","grype","ghcr.io/tomkerkhove/promitor-agent-scraper:2.13.0","GHSA-2865-hh9g-w894","HIGH","Microsoft.AspNetCore.App.Runtime.linux-x64","8.0.10","8.0.14","A high vulnerability in dotnet package: Microsoft.AspNetCore.App.Runtime.linux-x64, version 8.0.10 was found in image ghcr.io/tomkerkhove/promitor-agent-scraper:2.13.0 at: /usr/share/dotnet/shared/Microsoft.AspNetCore.App/8.0.10/Microsoft.AspNetCore.App.deps.json"
"qubership-monitoring-operator","grype","ghcr.io/tomkerkhove/promitor-agent-scraper:2.13.0","CVE-2021-3998","HIGH","glibc","2.35","0:2.35-7.cm2","A high vulnerability in rpm package: glibc, version 2.35 was found in image ghcr.io/tomkerkhove/promitor-agent-scraper:2.13.0 at: /usr/bin/gencat"
"qubership-monitoring-operator","grype","ghcr.io/tomkerkhove/promitor-agent-scraper:2.13.0","CVE-2024-33601","HIGH","glibc","2.35","0:2.35-7.cm2","A high vulnerability in rpm package: glibc, version 2.35 was found in image ghcr.io/tomkerkhove/promitor-agent-scraper:2.13.0 at: /usr/bin/gencat"
"qubership-monitoring-operator","grype","ghcr.io/tomkerkhove/promitor-agent-scraper:2.13.0","CVE-2021-38604","HIGH","glibc","2.35","0:2.35-1.cm2","A high vulnerability in rpm package: glibc, version 2.35 was found in image ghcr.io/tomkerkhove/promitor-agent-scraper:2.13.0 at: /usr/bin/gencat"
"qubership-monitoring-operator","grype","ghcr.io/tomkerkhove/promitor-agent-scraper:2.13.0","CVE-2025-69420","HIGH","openssl","1.1.1k","0:1.1.1k-38.cm2","A high vulnerability in rpm package: openssl, version 1.1.1k was found in image ghcr.io/tomkerkhove/promitor-agent-scraper:2.13.0 at: /usr/lib/engines-1.1/afalg.so"
"qubership-monitoring-operator","grype","ghcr.io/tomkerkhove/promitor-agent-scraper:2.13.0","CVE-2025-69420","HIGH","openssl-libs","1.1.1k-35.cm2","0:1.1.1k-38.cm2","A high vulnerability in rpm package: openssl-libs, version 1.1.1k-35.cm2 was found in image ghcr.io/tomkerkhove/promitor-agent-scraper:2.13.0 at: /var/lib/rpmmanifest/container-manifest-2"
"qubership-monitoring-operator","grype","ghcr.io/tomkerkhove/promitor-agent-scraper:2.13.0","GHSA-266m-wp2v-x7mq","HIGH","Microsoft.NETCore.App.Runtime.linux-x64","8.0.10","8.0.17","A high vulnerability in dotnet package: Microsoft.NETCore.App.Runtime.linux-x64, version 8.0.10 was found in image ghcr.io/tomkerkhove/promitor-agent-scraper:2.13.0 at: /usr/share/dotnet/shared/Microsoft.NETCore.App/8.0.10/Microsoft.NETCore.App.deps.json"
"qubership-monitoring-operator","grype","ghcr.io/tomkerkhove/promitor-agent-scraper:2.13.0","CVE-2023-5156","HIGH","glibc","2.35","0:2.35-6.cm2","A high vulnerability in rpm package: glibc, version 2.35 was found in image ghcr.io/tomkerkhove/promitor-agent-scraper:2.13.0 at: /usr/bin/gencat"
"qubership-monitoring-operator","grype","ghcr.io/tomkerkhove/promitor-agent-scraper:2.13.0","CVE-2025-5222","HIGH","icu","68.2.0.9","0:68.2.0.9-2.cm2","A high vulnerability in rpm package: icu, version 68.2.0.9 was found in image ghcr.io/tomkerkhove/promitor-agent-scraper:2.13.0 at: /usr/bin/derb"
"qubership-monitoring-operator","grype","ghcr.io/tomkerkhove/promitor-agent-scraper:2.13.0","CVE-2025-9230","HIGH","openssl","1.1.1k","0:1.1.1k-37.cm2","A high vulnerability in rpm package: openssl, version 1.1.1k was found in image ghcr.io/tomkerkhove/promitor-agent-scraper:2.13.0 at: /usr/lib/engines-1.1/afalg.so"
"qubership-monitoring-operator","grype","ghcr.io/tomkerkhove/promitor-agent-scraper:2.13.0","CVE-2025-9230","HIGH","openssl-libs","1.1.1k-35.cm2","0:1.1.1k-37.cm2","A high vulnerability in rpm package: openssl-libs, version 1.1.1k-35.cm2 was found in image ghcr.io/tomkerkhove/promitor-agent-scraper:2.13.0 at: /var/lib/rpmmanifest/container-manifest-2"
"qubership-monitoring-operator","grype","ghcr.io/tomkerkhove/promitor-agent-scraper:2.13.0","CVE-2026-0915","HIGH","glibc","2.35","0:2.35-9.cm2","A medium vulnerability in rpm package: glibc, version 2.35 was found in image ghcr.io/tomkerkhove/promitor-agent-scraper:2.13.0 at: /usr/bin/gencat"
"qubership-monitoring-operator","grype","ghcr.io/tomkerkhove/promitor-agent-scraper:2.13.0","CVE-2026-0915","HIGH","glibc","2.35","0:2.35-9.cm2","A medium vulnerability in rpm package: glibc, version 2.35-7.cm2 was found in image ghcr.io/tomkerkhove/promitor-agent-scraper:2.13.0 at: /var/lib/rpmmanifest/container-manifest-2"
"qubership-monitoring-operator","grype","ghcr.io/tomkerkhove/promitor-agent-scraper:2.13.0","CVE-2026-0861","HIGH","glibc","2.35","0:2.35-9.cm2","A medium vulnerability in rpm package: glibc, version 2.35 was found in image ghcr.io/tomkerkhove/promitor-agent-scraper:2.13.0 at: /usr/bin/gencat"
"qubership-monitoring-operator","grype","ghcr.io/tomkerkhove/promitor-agent-scraper:2.13.0","CVE-2026-0861","HIGH","glibc","2.35","0:2.35-9.cm2","A medium vulnerability in rpm package: glibc, version 2.35-7.cm2 was found in image ghcr.io/tomkerkhove/promitor-agent-scraper:2.13.0 at: /var/lib/rpmmanifest/container-manifest-2"
"qubership-monitoring-operator","grype","quay.io/jacksontj/promxy:v0.0.92","GHSA-v778-237x-gjrc","CRITICAL","golang.org/x/crypto","v0.25.0","0.31.0","A critical vulnerability in go-module package: golang.org/x/crypto, version v0.25.0 was found in image quay.io/jacksontj/promxy:v0.0.92 at: /bin/promxy"
"qubership-monitoring-operator","grype","quay.io/jacksontj/promxy:v0.0.92","CVE-2024-6119","HIGH","libcrypto3","3.0.8-r0","3.0.15-r0","A high vulnerability in apk package: libcrypto3, version 3.0.8-r0 was found in image quay.io/jacksontj/promxy:v0.0.92 at: /lib/apk/db/installed"
"qubership-monitoring-operator","grype","quay.io/jacksontj/promxy:v0.0.92","CVE-2024-6119","HIGH","libssl3","3.0.8-r0","3.0.15-r0","A high vulnerability in apk package: libssl3, version 3.0.8-r0 was found in image quay.io/jacksontj/promxy:v0.0.92 at: /lib/apk/db/installed"
"qubership-monitoring-operator","grype","quay.io/jacksontj/promxy:v0.0.92","CVE-2024-5535","CRITICAL","libcrypto3","3.0.8-r0","3.0.14-r0","A critical vulnerability in apk package: libcrypto3, version 3.0.8-r0 was found in image quay.io/jacksontj/promxy:v0.0.92 at: /lib/apk/db/installed"
"qubership-monitoring-operator","grype","quay.io/jacksontj/promxy:v0.0.92","CVE-2024-5535","CRITICAL","libssl3","3.0.8-r0","3.0.14-r0","A critical vulnerability in apk package: libssl3, version 3.0.8-r0 was found in image quay.io/jacksontj/promxy:v0.0.92 at: /lib/apk/db/installed"
"qubership-monitoring-operator","grype","quay.io/jacksontj/promxy:v0.0.92","CVE-2023-5363","HIGH","libcrypto3","3.0.8-r0","3.0.12-r0","A high vulnerability in apk package: libcrypto3, version 3.0.8-r0 was found in image quay.io/jacksontj/promxy:v0.0.92 at: /lib/apk/db/installed"
"qubership-monitoring-operator","grype","quay.io/jacksontj/promxy:v0.0.92","CVE-2023-5363","HIGH","libssl3","3.0.8-r0","3.0.12-r0","A high vulnerability in apk package: libssl3, version 3.0.8-r0 was found in image quay.io/jacksontj/promxy:v0.0.92 at: /lib/apk/db/installed"
"qubership-monitoring-operator","grype","quay.io/jacksontj/promxy:v0.0.92","CVE-2025-15467","CRITICAL","libcrypto3","3.0.8-r0","3.0.19-r0","A critical vulnerability in apk package: libcrypto3, version 3.0.8-r0 was found in image quay.io/jacksontj/promxy:v0.0.92 at: /lib/apk/db/installed"
"qubership-monitoring-operator","grype","quay.io/jacksontj/promxy:v0.0.92","CVE-2025-15467","CRITICAL","libssl3","3.0.8-r0","3.0.19-r0","A critical vulnerability in apk package: libssl3, version 3.0.8-r0 was found in image quay.io/jacksontj/promxy:v0.0.92 at: /lib/apk/db/installed"
"qubership-monitoring-operator","grype","quay.io/jacksontj/promxy:v0.0.92","CVE-2023-0464","HIGH","libcrypto3","3.0.8-r0","3.0.8-r1","A high vulnerability in apk package: libcrypto3, version 3.0.8-r0 was found in image quay.io/jacksontj/promxy:v0.0.92 at: /lib/apk/db/installed"
"qubership-monitoring-operator","grype","quay.io/jacksontj/promxy:v0.0.92","CVE-2023-0464","HIGH","libssl3","3.0.8-r0","3.0.8-r1","A high vulnerability in apk package: libssl3, version 3.0.8-r0 was found in image quay.io/jacksontj/promxy:v0.0.92 at: /lib/apk/db/installed"
"qubership-monitoring-operator","grype","quay.io/jacksontj/promxy:v0.0.92","CVE-2024-24791","HIGH","stdlib","go1.21.10","1.21.12,1.22.5","A high vulnerability in go-module package: stdlib, version go1.21.10 was found in image quay.io/jacksontj/promxy:v0.0.92 at: /bin/promxy"
"qubership-monitoring-operator","grype","quay.io/jacksontj/promxy:v0.0.92","CVE-2024-24791","HIGH","stdlib","go1.21.10","1.21.12,1.22.5","A high vulnerability in go-module package: stdlib, version go1.21.10 was found in image quay.io/jacksontj/promxy:v0.0.92 at: /bin/remote_write_exporter"
"qubership-monitoring-operator","grype","quay.io/jacksontj/promxy:v0.0.92","CVE-2024-34156","HIGH","stdlib","go1.21.10","1.22.7,1.23.1","A high vulnerability in go-module package: stdlib, version go1.21.10 was found in image quay.io/jacksontj/promxy:v0.0.92 at: /bin/remote_write_exporter"
"qubership-monitoring-operator","grype","quay.io/jacksontj/promxy:v0.0.92","CVE-2024-34156","HIGH","stdlib","go1.21.10","1.22.7,1.23.1","A high vulnerability in go-module package: stdlib, version go1.21.10 was found in image quay.io/jacksontj/promxy:v0.0.92 at: /bin/promxy"
"qubership-monitoring-operator","grype","quay.io/jacksontj/promxy:v0.0.92","CVE-2024-4741","HIGH","libcrypto3","3.0.8-r0","3.0.14-r0","A high vulnerability in apk package: libcrypto3, version 3.0.8-r0 was found in image quay.io/jacksontj/promxy:v0.0.92 at: /lib/apk/db/installed"
"qubership-monitoring-operator","grype","quay.io/jacksontj/promxy:v0.0.92","CVE-2024-4741","HIGH","libssl3","3.0.8-r0","3.0.14-r0","A high vulnerability in apk package: libssl3, version 3.0.8-r0 was found in image quay.io/jacksontj/promxy:v0.0.92 at: /lib/apk/db/installed"
"qubership-monitoring-operator","grype","quay.io/jacksontj/promxy:v0.0.92","GHSA-hcg3-q754-cr77","HIGH","golang.org/x/crypto","v0.25.0","0.35.0","A high vulnerability in go-module package: golang.org/x/crypto, version v0.25.0 was found in image quay.io/jacksontj/promxy:v0.0.92 at: /bin/promxy"
"qubership-monitoring-operator","grype","quay.io/jacksontj/promxy:v0.0.92","CVE-2025-22871","CRITICAL","stdlib","go1.21.10","1.23.8,1.24.2","A critical vulnerability in go-module package: stdlib, version go1.21.10 was found in image quay.io/jacksontj/promxy:v0.0.92 at: /bin/promxy"
"qubership-monitoring-operator","grype","quay.io/jacksontj/promxy:v0.0.92","CVE-2025-22871","CRITICAL","stdlib","go1.21.10","1.23.8,1.24.2","A critical vulnerability in go-module package: stdlib, version go1.21.10 was found in image quay.io/jacksontj/promxy:v0.0.92 at: /bin/remote_write_exporter"
"qubership-monitoring-operator","grype","quay.io/jacksontj/promxy:v0.0.92","CVE-2024-34158","HIGH","stdlib","go1.21.10","1.22.7,1.23.1","A high vulnerability in go-module package: stdlib, version go1.21.10 was found in image quay.io/jacksontj/promxy:v0.0.92 at: /bin/promxy"
"qubership-monitoring-operator","grype","quay.io/jacksontj/promxy:v0.0.92","CVE-2024-34158","HIGH","stdlib","go1.21.10","1.22.7,1.23.1","A high vulnerability in go-module package: stdlib, version go1.21.10 was found in image quay.io/jacksontj/promxy:v0.0.92 at: /bin/remote_write_exporter"
"qubership-monitoring-operator","grype","quay.io/jacksontj/promxy:v0.0.92","GHSA-6v2p-p543-phr9","HIGH","golang.org/x/oauth2","v0.10.0","0.27.0","A high vulnerability in go-module package: golang.org/x/oauth2, version v0.10.0 was found in image quay.io/jacksontj/promxy:v0.0.92 at: /bin/promxy"
"qubership-monitoring-operator","grype","quay.io/jacksontj/promxy:v0.0.92","GHSA-mh63-6h87-95cp","HIGH","github.com/golang-jwt/jwt/v4","v4.5.1","4.5.2","A high vulnerability in go-module package: github.com/golang-jwt/jwt/v4, version v4.5.1 was found in image quay.io/jacksontj/promxy:v0.0.92 at: /bin/promxy"
"qubership-monitoring-operator","grype","quay.io/jacksontj/promxy:v0.0.92","CVE-2024-24790","CRITICAL","stdlib","go1.21.10","1.21.11,1.22.4","A critical vulnerability in go-module package: stdlib, version go1.21.10 was found in image quay.io/jacksontj/promxy:v0.0.92 at: /bin/promxy"
"qubership-monitoring-operator","grype","quay.io/jacksontj/promxy:v0.0.92","CVE-2024-24790","CRITICAL","stdlib","go1.21.10","1.21.11,1.22.4","A critical vulnerability in go-module package: stdlib, version go1.21.10 was found in image quay.io/jacksontj/promxy:v0.0.92 at: /bin/remote_write_exporter"
"qubership-monitoring-operator","grype","quay.io/jacksontj/promxy:v0.0.92","CVE-2025-69420","HIGH","libcrypto3","3.0.8-r0","3.0.19-r0","A high vulnerability in apk package: libcrypto3, version 3.0.8-r0 was found in image quay.io/jacksontj/promxy:v0.0.92 at: /lib/apk/db/installed"
"qubership-monitoring-operator","grype","quay.io/jacksontj/promxy:v0.0.92","CVE-2025-69420","HIGH","libssl3","3.0.8-r0","3.0.19-r0","A high vulnerability in apk package: libssl3, version 3.0.8-r0 was found in image quay.io/jacksontj/promxy:v0.0.92 at: /lib/apk/db/installed"
"qubership-monitoring-operator","grype","quay.io/jacksontj/promxy:v0.0.92","CVE-2025-69421","HIGH","libcrypto3","3.0.8-r0","3.0.19-r0","A high vulnerability in apk package: libcrypto3, version 3.0.8-r0 was found in image quay.io/jacksontj/promxy:v0.0.92 at: /lib/apk/db/installed"
"qubership-monitoring-operator","grype","quay.io/jacksontj/promxy:v0.0.92","CVE-2025-69421","HIGH","libssl3","3.0.8-r0","3.0.19-r0","A high vulnerability in apk package: libssl3, version 3.0.8-r0 was found in image quay.io/jacksontj/promxy:v0.0.92 at: /lib/apk/db/installed"
"qubership-monitoring-operator","grype","quay.io/jacksontj/promxy:v0.0.92","CVE-2025-69419","HIGH","libcrypto3","3.0.8-r0","3.0.19-r0","A high vulnerability in apk package: libcrypto3, version 3.0.8-r0 was found in image quay.io/jacksontj/promxy:v0.0.92 at: /lib/apk/db/installed"
"qubership-monitoring-operator","grype","quay.io/jacksontj/promxy:v0.0.92","CVE-2025-69419","HIGH","libssl3","3.0.8-r0","3.0.19-r0","A high vulnerability in apk package: libssl3, version 3.0.8-r0 was found in image quay.io/jacksontj/promxy:v0.0.92 at: /lib/apk/db/installed"
"qubership-monitoring-operator","grype","quay.io/jacksontj/promxy:v0.0.92","CVE-2025-61723","HIGH","stdlib","go1.21.10","1.24.8,1.25.2","A high vulnerability in go-module package: stdlib, version go1.21.10 was found in image quay.io/jacksontj/promxy:v0.0.92 at: /bin/remote_write_exporter"
"qubership-monitoring-operator","grype","quay.io/jacksontj/promxy:v0.0.92","CVE-2025-61723","HIGH","stdlib","go1.21.10","1.24.8,1.25.2","A high vulnerability in go-module package: stdlib, version go1.21.10 was found in image quay.io/jacksontj/promxy:v0.0.92 at: /bin/promxy"
"qubership-monitoring-operator","grype","quay.io/jacksontj/promxy:v0.0.92","CVE-2025-61725","HIGH","stdlib","go1.21.10","1.24.8,1.25.2","A high vulnerability in go-module package: stdlib, version go1.21.10 was found in image quay.io/jacksontj/promxy:v0.0.92 at: /bin/promxy"
"qubership-monitoring-operator","grype","quay.io/jacksontj/promxy:v0.0.92","CVE-2025-61725","HIGH","stdlib","go1.21.10","1.24.8,1.25.2","A high vulnerability in go-module package: stdlib, version go1.21.10 was found in image quay.io/jacksontj/promxy:v0.0.92 at: /bin/remote_write_exporter"
"qubership-monitoring-operator","grype","quay.io/jacksontj/promxy:v0.0.92","CVE-2025-61726","HIGH","stdlib","go1.21.10","1.24.12,1.25.6","A high vulnerability in go-module package: stdlib, version go1.21.10 was found in image quay.io/jacksontj/promxy:v0.0.92 at: /bin/remote_write_exporter"
"qubership-monitoring-operator","grype","quay.io/jacksontj/promxy:v0.0.92","CVE-2025-61726","HIGH","stdlib","go1.21.10","1.24.12,1.25.6","A high vulnerability in go-module package: stdlib, version go1.21.10 was found in image quay.io/jacksontj/promxy:v0.0.92 at: /bin/promxy"
"qubership-monitoring-operator","grype","quay.io/jacksontj/promxy:v0.0.92","CVE-2025-9230","HIGH","libcrypto3","3.0.8-r0","3.0.19-r0","A high vulnerability in apk package: libcrypto3, version 3.0.8-r0 was found in image quay.io/jacksontj/promxy:v0.0.92 at: /lib/apk/db/installed"
"qubership-monitoring-operator","grype","quay.io/jacksontj/promxy:v0.0.92","CVE-2025-9230","HIGH","libssl3","3.0.8-r0","3.0.19-r0","A high vulnerability in apk package: libssl3, version 3.0.8-r0 was found in image quay.io/jacksontj/promxy:v0.0.92 at: /lib/apk/db/installed"
"qubership-monitoring-operator","grype","quay.io/jacksontj/promxy:v0.0.92","CVE-2025-26519","HIGH","musl","1.2.3-r4","1.2.3-r6","A high vulnerability in apk package: musl, version 1.2.3-r4 was found in image quay.io/jacksontj/promxy:v0.0.92 at: /lib/apk/db/installed"
"qubership-monitoring-operator","grype","quay.io/jacksontj/promxy:v0.0.92","CVE-2025-26519","HIGH","musl-utils","1.2.3-r4","1.2.3-r6","A high vulnerability in apk package: musl-utils, version 1.2.3-r4 was found in image quay.io/jacksontj/promxy:v0.0.92 at: /lib/apk/db/installed"
"qubership-monitoring-operator","grype","quay.io/jacksontj/promxy:v0.0.92","CVE-2025-68121","CRITICAL","stdlib","go1.21.10","1.24.13,1.25.7,1.26.0-rc.3","A critical vulnerability in go-module package: stdlib, version go1.21.10 was found in image quay.io/jacksontj/promxy:v0.0.92 at: /bin/remote_write_exporter"
"qubership-monitoring-operator","grype","quay.io/jacksontj/promxy:v0.0.92","CVE-2025-68121","CRITICAL","stdlib","go1.21.10","1.24.13,1.25.7,1.26.0-rc.3","A critical vulnerability in go-module package: stdlib, version go1.21.10 was found in image quay.io/jacksontj/promxy:v0.0.92 at: /bin/promxy"
"qubership-monitoring-operator","grype","quay.io/jacksontj/promxy:v0.0.92","CVE-2025-58188","HIGH","stdlib","go1.21.10","1.24.8,1.25.2","A high vulnerability in go-module package: stdlib, version go1.21.10 was found in image quay.io/jacksontj/promxy:v0.0.92 at: /bin/remote_write_exporter"
"qubership-monitoring-operator","grype","quay.io/jacksontj/promxy:v0.0.92","CVE-2025-58188","HIGH","stdlib","go1.21.10","1.24.8,1.25.2","A high vulnerability in go-module package: stdlib, version go1.21.10 was found in image quay.io/jacksontj/promxy:v0.0.92 at: /bin/promxy"
"qubership-monitoring-operator","grype","quay.io/jacksontj/promxy:v0.0.92","CVE-2025-58187","HIGH","stdlib","go1.21.10","1.24.9,1.25.3","A high vulnerability in go-module package: stdlib, version go1.21.10 was found in image quay.io/jacksontj/promxy:v0.0.92 at: /bin/promxy"
"qubership-monitoring-operator","grype","quay.io/jacksontj/promxy:v0.0.92","CVE-2025-58187","HIGH","stdlib","go1.21.10","1.24.9,1.25.3","A high vulnerability in go-module package: stdlib, version go1.21.10 was found in image quay.io/jacksontj/promxy:v0.0.92 at: /bin/remote_write_exporter"
"qubership-monitoring-operator","grype","quay.io/jacksontj/promxy:v0.0.92","CVE-2025-61729","HIGH","stdlib","go1.21.10","1.24.11,1.25.5","A high vulnerability in go-module package: stdlib, version go1.21.10 was found in image quay.io/jacksontj/promxy:v0.0.92 at: /bin/promxy"
"qubership-monitoring-operator","grype","quay.io/jacksontj/promxy:v0.0.92","CVE-2025-61729","HIGH","stdlib","go1.21.10","1.24.11,1.25.5","A high vulnerability in go-module package: stdlib, version go1.21.10 was found in image quay.io/jacksontj/promxy:v0.0.92 at: /bin/remote_write_exporter"
"qubership-monitoring-operator","grype","quay.io/jacksontj/promxy:v0.0.92","CVE-2025-47907","HIGH","stdlib","go1.21.10","1.23.12,1.24.6","A high vulnerability in go-module package: stdlib, version go1.21.10 was found in image quay.io/jacksontj/promxy:v0.0.92 at: /bin/promxy"
"qubership-monitoring-operator","grype","quay.io/jacksontj/promxy:v0.0.92","CVE-2025-47907","HIGH","stdlib","go1.21.10","1.23.12,1.24.6","A high vulnerability in go-module package: stdlib, version go1.21.10 was found in image quay.io/jacksontj/promxy:v0.0.92 at: /bin/remote_write_exporter"
"qubership-monitoring-operator","grype","quay.io/jacksontj/promxy:v0.0.92","CVE-2025-61731","HIGH","stdlib","go1.21.10","1.24.12,1.25.6","A high vulnerability in go-module package: stdlib, version go1.21.10 was found in image quay.io/jacksontj/promxy:v0.0.92 at: /bin/promxy"
"qubership-monitoring-operator","grype","quay.io/jacksontj/promxy:v0.0.92","CVE-2025-61731","HIGH","stdlib","go1.21.10","1.24.12,1.25.6","A high vulnerability in go-module package: stdlib, version go1.21.10 was found in image quay.io/jacksontj/promxy:v0.0.92 at: /bin/remote_write_exporter"
"qubership-monitoring-operator","grype","quay.io/jacksontj/promxy:v0.0.92","CVE-2025-61732","HIGH","stdlib","go1.21.10","1.24.13,1.25.7","A high vulnerability in go-module package: stdlib, version go1.21.10 was found in image quay.io/jacksontj/promxy:v0.0.92 at: /bin/remote_write_exporter"
"qubership-monitoring-operator","grype","quay.io/jacksontj/promxy:v0.0.92","CVE-2025-61732","HIGH","stdlib","go1.21.10","1.24.13,1.25.7","A high vulnerability in go-module package: stdlib, version go1.21.10 was found in image quay.io/jacksontj/promxy:v0.0.92 at: /bin/promxy"
"qubership-monitoring-operator","grype","quay.io/jacksontj/promxy:v0.0.92","CVE-2025-4674","HIGH","stdlib","go1.21.10","1.23.11,1.24.5","A high vulnerability in go-module package: stdlib, version go1.21.10 was found in image quay.io/jacksontj/promxy:v0.0.92 at: /bin/promxy"
"qubership-monitoring-operator","grype","quay.io/jacksontj/promxy:v0.0.92","CVE-2025-4674","HIGH","stdlib","go1.21.10","1.23.11,1.24.5","A high vulnerability in go-module package: stdlib, version go1.21.10 was found in image quay.io/jacksontj/promxy:v0.0.92 at: /bin/remote_write_exporter"
"qubership-monitoring-operator","grype","docker.io/prom/pushgateway:v1.11.0","GHSA-hcg3-q754-cr77","HIGH","golang.org/x/crypto","v0.32.0","0.35.0","A high vulnerability in go-module package: golang.org/x/crypto, version v0.32.0 was found in image docker.io/prom/pushgateway:v1.11.0 at: /bin/pushgateway"
"qubership-monitoring-operator","grype","docker.io/prom/pushgateway:v1.11.0","CVE-2025-22871","CRITICAL","stdlib","go1.23.4","1.23.8,1.24.2","A critical vulnerability in go-module package: stdlib, version go1.23.4 was found in image docker.io/prom/pushgateway:v1.11.0 at: /bin/pushgateway"
"qubership-monitoring-operator","grype","docker.io/prom/pushgateway:v1.11.0","GHSA-6v2p-p543-phr9","HIGH","golang.org/x/oauth2","v0.24.0","0.27.0","A high vulnerability in go-module package: golang.org/x/oauth2, version v0.24.0 was found in image docker.io/prom/pushgateway:v1.11.0 at: /bin/pushgateway"
"qubership-monitoring-operator","grype","docker.io/prom/pushgateway:v1.11.0","CVE-2025-61723","HIGH","stdlib","go1.23.4","1.24.8,1.25.2","A high vulnerability in go-module package: stdlib, version go1.23.4 was found in image docker.io/prom/pushgateway:v1.11.0 at: /bin/pushgateway"
"qubership-monitoring-operator","grype","docker.io/prom/pushgateway:v1.11.0","CVE-2025-61725","HIGH","stdlib","go1.23.4","1.24.8,1.25.2","A high vulnerability in go-module package: stdlib, version go1.23.4 was found in image docker.io/prom/pushgateway:v1.11.0 at: /bin/pushgateway"
"qubership-monitoring-operator","grype","docker.io/prom/pushgateway:v1.11.0","CVE-2025-61726","HIGH","stdlib","go1.23.4","1.24.12,1.25.6","A high vulnerability in go-module package: stdlib, version go1.23.4 was found in image docker.io/prom/pushgateway:v1.11.0 at: /bin/pushgateway"
"qubership-monitoring-operator","grype","docker.io/prom/pushgateway:v1.11.0","CVE-2025-68121","CRITICAL","stdlib","go1.23.4","1.24.13,1.25.7,1.26.0-rc.3","A critical vulnerability in go-module package: stdlib, version go1.23.4 was found in image docker.io/prom/pushgateway:v1.11.0 at: /bin/pushgateway"
"qubership-monitoring-operator","grype","docker.io/prom/pushgateway:v1.11.0","CVE-2025-58188","HIGH","stdlib","go1.23.4","1.24.8,1.25.2","A high vulnerability in go-module package: stdlib, version go1.23.4 was found in image docker.io/prom/pushgateway:v1.11.0 at: /bin/pushgateway"
"qubership-monitoring-operator","grype","docker.io/prom/pushgateway:v1.11.0","CVE-2025-58187","HIGH","stdlib","go1.23.4","1.24.9,1.25.3","A high vulnerability in go-module package: stdlib, version go1.23.4 was found in image docker.io/prom/pushgateway:v1.11.0 at: /bin/pushgateway"
"qubership-monitoring-operator","grype","docker.io/prom/pushgateway:v1.11.0","CVE-2025-61729","HIGH","stdlib","go1.23.4","1.24.11,1.25.5","A high vulnerability in go-module package: stdlib, version go1.23.4 was found in image docker.io/prom/pushgateway:v1.11.0 at: /bin/pushgateway"
"qubership-monitoring-operator","grype","docker.io/prom/pushgateway:v1.11.0","CVE-2025-47907","HIGH","stdlib","go1.23.4","1.23.12,1.24.6","A high vulnerability in go-module package: stdlib, version go1.23.4 was found in image docker.io/prom/pushgateway:v1.11.0 at: /bin/pushgateway"
"qubership-monitoring-operator","grype","docker.io/prom/pushgateway:v1.11.0","CVE-2025-61731","HIGH","stdlib","go1.23.4","1.24.12,1.25.6","A high vulnerability in go-module package: stdlib, version go1.23.4 was found in image docker.io/prom/pushgateway:v1.11.0 at: /bin/pushgateway"
"qubership-monitoring-operator","grype","docker.io/prom/pushgateway:v1.11.0","CVE-2025-61732","HIGH","stdlib","go1.23.4","1.24.13,1.25.7","A high vulnerability in go-module package: stdlib, version go1.23.4 was found in image docker.io/prom/pushgateway:v1.11.0 at: /bin/pushgateway"
"qubership-monitoring-operator","grype","docker.io/prom/pushgateway:v1.11.0","CVE-2025-4674","HIGH","stdlib","go1.23.4","1.23.11,1.24.5","A high vulnerability in go-module package: stdlib, version go1.23.4 was found in image docker.io/prom/pushgateway:v1.11.0 at: /bin/pushgateway"
"qubership-jaeger","grype","ghcr.io/jaegertracing/spark-dependencies/spark-dependencies:latest","CVE-2025-15467","CRITICAL","libssl3t64","3.0.13-0ubuntu3.6","3.0.13-0ubuntu3.7","A medium vulnerability in deb package: libssl3t64, version 3.0.13-0ubuntu3.6 was found in image ghcr.io/jaegertracing/spark-dependencies/spark-dependencies:latest at: /var/lib/dpkg/status"
"qubership-jaeger","grype","ghcr.io/jaegertracing/spark-dependencies/spark-dependencies:latest","CVE-2025-15467","CRITICAL","openssl","3.0.13-0ubuntu3.6","3.0.13-0ubuntu3.7","A medium vulnerability in deb package: openssl, version 3.0.13-0ubuntu3.6 was found in image ghcr.io/jaegertracing/spark-dependencies/spark-dependencies:latest at: /var/lib/dpkg/status"
"qubership-jaeger","grype","ghcr.io/jaegertracing/spark-dependencies/spark-dependencies:latest","GHSA-vx9q-rhv9-3jvg","HIGH","aircompressor","0.27","2.0.3","A high vulnerability in java-archive package: aircompressor, version 0.27 was found in image ghcr.io/jaegertracing/spark-dependencies/spark-dependencies:latest at: /app/app.jar"
"qubership-jaeger","grype","ghcr.io/jaegertracing/spark-dependencies/spark-dependencies:latest","GHSA-cfxw-4h78-h7fw","HIGH","dnsjava","2.1.7","3.6.0","A high vulnerability in java-archive package: dnsjava, version 2.1.7 was found in image ghcr.io/jaegertracing/spark-dependencies/spark-dependencies:latest at: /app/app.jar"
"qubership-jaeger","grype","ghcr.io/jaegertracing/spark-dependencies/spark-dependencies:latest","GHSA-fg2v-w576-w4v3","HIGH","json-smart","1.3.2","1.3.3","A high vulnerability in java-archive package: json-smart, version 1.3.2 was found in image ghcr.io/jaegertracing/spark-dependencies/spark-dependencies:latest at: /app/app.jar"
"qubership-jaeger","grype","ghcr.io/jaegertracing/spark-dependencies/spark-dependencies:latest","GHSA-gvpg-vgmx-xg6w","HIGH","nimbus-jose-jwt","9.8.1","9.37.2","A high vulnerability in java-archive package: nimbus-jose-jwt, version 9.8.1 was found in image ghcr.io/jaegertracing/spark-dependencies/spark-dependencies:latest at: /app/app.jar"
"qubership-jaeger","grype","ghcr.io/jaegertracing/spark-dependencies/spark-dependencies:latest","CVE-2025-66293","HIGH","libpng16-16t64","1.6.43-5build1","1.6.43-5ubuntu0.3","A medium vulnerability in deb package: libpng16-16t64, version 1.6.43-5build1 was found in image ghcr.io/jaegertracing/spark-dependencies/spark-dependencies:latest at: /var/lib/dpkg/status"
"qubership-jaeger","grype","ghcr.io/jaegertracing/spark-dependencies/spark-dependencies:latest","CVE-2026-21945","HIGH","openjdk","21.0.9+10-LTS","1.8.0_482,8.0.482,11.0.30,17.0.18,21.0.10,25.0.2","A high vulnerability in binary package: openjdk, version 21.0.9+10-LTS was found in image ghcr.io/jaegertracing/spark-dependencies/spark-dependencies:latest at: /opt/java/openjdk/release"
"qubership-jaeger","grype","ghcr.io/jaegertracing/spark-dependencies/spark-dependencies:latest","CVE-2025-64720","HIGH","libpng16-16t64","1.6.43-5build1","1.6.43-5ubuntu0.1","A medium vulnerability in deb package: libpng16-16t64, version 1.6.43-5build1 was found in image ghcr.io/jaegertracing/spark-dependencies/spark-dependencies:latest at: /var/lib/dpkg/status"
"qubership-jaeger","grype","ghcr.io/jaegertracing/spark-dependencies/spark-dependencies:latest","CVE-2026-25646","HIGH","libpng16-16t64","1.6.43-5build1","1.6.43-5ubuntu0.5","A medium vulnerability in deb package: libpng16-16t64, version 1.6.43-5build1 was found in image ghcr.io/jaegertracing/spark-dependencies/spark-dependencies:latest at: /var/lib/dpkg/status"
"qubership-jaeger","grype","ghcr.io/jaegertracing/spark-dependencies/spark-dependencies:latest","CVE-2025-13151","HIGH","libtasn1-6","4.19.0-3ubuntu0.24.04.1","4.19.0-3ubuntu0.24.04.2","A medium vulnerability in deb package: libtasn1-6, version 4.19.0-3ubuntu0.24.04.1 was found in image ghcr.io/jaegertracing/spark-dependencies/spark-dependencies:latest at: /var/lib/dpkg/status"
"qubership-jaeger","grype","ghcr.io/jaegertracing/spark-dependencies/spark-dependencies:latest","CVE-2025-15281","HIGH","libc-bin","2.39-0ubuntu8.6","2.39-0ubuntu8.7","A medium vulnerability in deb package: libc-bin, version 2.39-0ubuntu8.6 was found in image ghcr.io/jaegertracing/spark-dependencies/spark-dependencies:latest at: /var/lib/dpkg/status"
"qubership-jaeger","grype","ghcr.io/jaegertracing/spark-dependencies/spark-dependencies:latest","CVE-2025-15281","HIGH","libc6","2.39-0ubuntu8.6","2.39-0ubuntu8.7","A medium vulnerability in deb package: libc6, version 2.39-0ubuntu8.6 was found in image ghcr.io/jaegertracing/spark-dependencies/spark-dependencies:latest at: /var/lib/dpkg/status"
"qubership-jaeger","grype","ghcr.io/jaegertracing/spark-dependencies/spark-dependencies:latest","CVE-2025-15281","HIGH","locales","2.39-0ubuntu8.6","2.39-0ubuntu8.7","A medium vulnerability in deb package: locales, version 2.39-0ubuntu8.6 was found in image ghcr.io/jaegertracing/spark-dependencies/spark-dependencies:latest at: /var/lib/dpkg/status"
"qubership-jaeger","grype","ghcr.io/jaegertracing/spark-dependencies/spark-dependencies:latest","GHSA-h46c-h94j-95f3","HIGH","jackson-core","2.13.4","2.15.0","A high vulnerability in java-archive package: jackson-core, version 2.13.4 was found in image ghcr.io/jaegertracing/spark-dependencies/spark-dependencies:latest at: /app/app.jar"
"qubership-jaeger","grype","ghcr.io/jaegertracing/spark-dependencies/spark-dependencies:latest","CVE-2025-69420","HIGH","libssl3t64","3.0.13-0ubuntu3.6","3.0.13-0ubuntu3.7","A low vulnerability in deb package: libssl3t64, version 3.0.13-0ubuntu3.6 was found in image ghcr.io/jaegertracing/spark-dependencies/spark-dependencies:latest at: /var/lib/dpkg/status"
"qubership-jaeger","grype","ghcr.io/jaegertracing/spark-dependencies/spark-dependencies:latest","CVE-2025-69420","HIGH","openssl","3.0.13-0ubuntu3.6","3.0.13-0ubuntu3.7","A low vulnerability in deb package: openssl, version 3.0.13-0ubuntu3.6 was found in image ghcr.io/jaegertracing/spark-dependencies/spark-dependencies:latest at: /var/lib/dpkg/status"
"qubership-jaeger","grype","ghcr.io/jaegertracing/spark-dependencies/spark-dependencies:latest","CVE-2026-21932","HIGH","openjdk","21.0.9+10-LTS","1.8.0_482,8.0.482,11.0.30,17.0.18,21.0.10,25.0.2","A high vulnerability in binary package: openjdk, version 21.0.9+10-LTS was found in image ghcr.io/jaegertracing/spark-dependencies/spark-dependencies:latest at: /opt/java/openjdk/release"
"qubership-jaeger","grype","ghcr.io/jaegertracing/spark-dependencies/spark-dependencies:latest","CVE-2025-65018","HIGH","libpng16-16t64","1.6.43-5build1","1.6.43-5ubuntu0.1","A medium vulnerability in deb package: libpng16-16t64, version 1.6.43-5build1 was found in image ghcr.io/jaegertracing/spark-dependencies/spark-dependencies:latest at: /var/lib/dpkg/status"
"qubership-jaeger","grype","ghcr.io/jaegertracing/spark-dependencies/spark-dependencies:latest","CVE-2025-69421","HIGH","libssl3t64","3.0.13-0ubuntu3.6","3.0.13-0ubuntu3.7","A low vulnerability in deb package: libssl3t64, version 3.0.13-0ubuntu3.6 was found in image ghcr.io/jaegertracing/spark-dependencies/spark-dependencies:latest at: /var/lib/dpkg/status"
"qubership-jaeger","grype","ghcr.io/jaegertracing/spark-dependencies/spark-dependencies:latest","CVE-2025-69421","HIGH","openssl","3.0.13-0ubuntu3.6","3.0.13-0ubuntu3.7","A low vulnerability in deb package: openssl, version 3.0.13-0ubuntu3.6 was found in image ghcr.io/jaegertracing/spark-dependencies/spark-dependencies:latest at: /var/lib/dpkg/status"
"qubership-jaeger","grype","ghcr.io/jaegertracing/spark-dependencies/spark-dependencies:latest","CVE-2025-69419","HIGH","libssl3t64","3.0.13-0ubuntu3.6","3.0.13-0ubuntu3.7","A low vulnerability in deb package: libssl3t64, version 3.0.13-0ubuntu3.6 was found in image ghcr.io/jaegertracing/spark-dependencies/spark-dependencies:latest at: /var/lib/dpkg/status"
"qubership-jaeger","grype","ghcr.io/jaegertracing/spark-dependencies/spark-dependencies:latest","CVE-2025-69419","HIGH","openssl","3.0.13-0ubuntu3.6","3.0.13-0ubuntu3.7","A low vulnerability in deb package: openssl, version 3.0.13-0ubuntu3.6 was found in image ghcr.io/jaegertracing/spark-dependencies/spark-dependencies:latest at: /var/lib/dpkg/status"
"qubership-jaeger","grype","ghcr.io/jaegertracing/spark-dependencies/spark-dependencies:latest","CVE-2026-22695","HIGH","libpng16-16t64","1.6.43-5build1","1.6.43-5ubuntu0.3","A medium vulnerability in deb package: libpng16-16t64, version 1.6.43-5build1 was found in image ghcr.io/jaegertracing/spark-dependencies/spark-dependencies:latest at: /var/lib/dpkg/status"
"qubership-jaeger","grype","ghcr.io/jaegertracing/spark-dependencies/spark-dependencies:latest","CVE-2025-68973","HIGH","dirmngr","2.4.4-2ubuntu17.3","2.4.4-2ubuntu17.4","A high vulnerability in deb package: dirmngr, version 2.4.4-2ubuntu17.3 was found in image ghcr.io/jaegertracing/spark-dependencies/spark-dependencies:latest at: /var/lib/dpkg/status"
"qubership-jaeger","grype","ghcr.io/jaegertracing/spark-dependencies/spark-dependencies:latest","CVE-2025-68973","HIGH","gnupg","2.4.4-2ubuntu17.3","2.4.4-2ubuntu17.4","A high vulnerability in deb package: gnupg, version 2.4.4-2ubuntu17.3 was found in image ghcr.io/jaegertracing/spark-dependencies/spark-dependencies:latest at: /var/lib/dpkg/status"
"qubership-jaeger","grype","ghcr.io/jaegertracing/spark-dependencies/spark-dependencies:latest","CVE-2025-68973","HIGH","gnupg-utils","2.4.4-2ubuntu17.3","2.4.4-2ubuntu17.4","A high vulnerability in deb package: gnupg-utils, version 2.4.4-2ubuntu17.3 was found in image ghcr.io/jaegertracing/spark-dependencies/spark-dependencies:latest at: /var/lib/dpkg/status"
"qubership-jaeger","grype","ghcr.io/jaegertracing/spark-dependencies/spark-dependencies:latest","CVE-2025-68973","HIGH","gpg","2.4.4-2ubuntu17.3","2.4.4-2ubuntu17.4","A high vulnerability in deb package: gpg, version 2.4.4-2ubuntu17.3 was found in image ghcr.io/jaegertracing/spark-dependencies/spark-dependencies:latest at: /var/lib/dpkg/status"
"qubership-jaeger","grype","ghcr.io/jaegertracing/spark-dependencies/spark-dependencies:latest","CVE-2025-68973","HIGH","gpg-agent","2.4.4-2ubuntu17.3","2.4.4-2ubuntu17.4","A high vulnerability in deb package: gpg-agent, version 2.4.4-2ubuntu17.3 was found in image ghcr.io/jaegertracing/spark-dependencies/spark-dependencies:latest at: /var/lib/dpkg/status"
"qubership-jaeger","grype","ghcr.io/jaegertracing/spark-dependencies/spark-dependencies:latest","CVE-2025-68973","HIGH","gpgconf","2.4.4-2ubuntu17.3","2.4.4-2ubuntu17.4","A high vulnerability in deb package: gpgconf, version 2.4.4-2ubuntu17.3 was found in image ghcr.io/jaegertracing/spark-dependencies/spark-dependencies:latest at: /var/lib/dpkg/status"
"qubership-jaeger","grype","ghcr.io/jaegertracing/spark-dependencies/spark-dependencies:latest","CVE-2025-68973","HIGH","gpgsm","2.4.4-2ubuntu17.3","2.4.4-2ubuntu17.4","A high vulnerability in deb package: gpgsm, version 2.4.4-2ubuntu17.3 was found in image ghcr.io/jaegertracing/spark-dependencies/spark-dependencies:latest at: /var/lib/dpkg/status"
"qubership-jaeger","grype","ghcr.io/jaegertracing/spark-dependencies/spark-dependencies:latest","CVE-2025-68973","HIGH","gpgv","2.4.4-2ubuntu17.3","2.4.4-2ubuntu17.4","A high vulnerability in deb package: gpgv, version 2.4.4-2ubuntu17.3 was found in image ghcr.io/jaegertracing/spark-dependencies/spark-dependencies:latest at: /var/lib/dpkg/status"
"qubership-jaeger","grype","ghcr.io/jaegertracing/spark-dependencies/spark-dependencies:latest","CVE-2025-68973","HIGH","keyboxd","2.4.4-2ubuntu17.3","2.4.4-2ubuntu17.4","A high vulnerability in deb package: keyboxd, version 2.4.4-2ubuntu17.3 was found in image ghcr.io/jaegertracing/spark-dependencies/spark-dependencies:latest at: /var/lib/dpkg/status"
"qubership-jaeger","grype","ghcr.io/jaegertracing/spark-dependencies/spark-dependencies:latest","GHSA-493p-pfq6-5258","HIGH","json-smart","1.3.2","2.4.9","A high vulnerability in java-archive package: json-smart, version 1.3.2 was found in image ghcr.io/jaegertracing/spark-dependencies/spark-dependencies:latest at: /app/app.jar"
"qubership-jaeger","grype","ghcr.io/jaegertracing/spark-dependencies/spark-dependencies:latest","CVE-2026-0915","HIGH","libc-bin","2.39-0ubuntu8.6","2.39-0ubuntu8.7","A medium vulnerability in deb package: libc-bin, version 2.39-0ubuntu8.6 was found in image ghcr.io/jaegertracing/spark-dependencies/spark-dependencies:latest at: /var/lib/dpkg/status"
"qubership-jaeger","grype","ghcr.io/jaegertracing/spark-dependencies/spark-dependencies:latest","CVE-2026-0915","HIGH","libc6","2.39-0ubuntu8.6","2.39-0ubuntu8.7","A medium vulnerability in deb package: libc6, version 2.39-0ubuntu8.6 was found in image ghcr.io/jaegertracing/spark-dependencies/spark-dependencies:latest at: /var/lib/dpkg/status"
"qubership-jaeger","grype","ghcr.io/jaegertracing/spark-dependencies/spark-dependencies:latest","CVE-2026-0915","HIGH","locales","2.39-0ubuntu8.6","2.39-0ubuntu8.7","A medium vulnerability in deb package: locales, version 2.39-0ubuntu8.6 was found in image ghcr.io/jaegertracing/spark-dependencies/spark-dependencies:latest at: /var/lib/dpkg/status"
"qubership-jaeger","grype","ghcr.io/jaegertracing/spark-dependencies/spark-dependencies:latest","CVE-2026-22801","HIGH","libpng16-16t64","1.6.43-5build1","1.6.43-5ubuntu0.3","A medium vulnerability in deb package: libpng16-16t64, version 1.6.43-5build1 was found in image ghcr.io/jaegertracing/spark-dependencies/spark-dependencies:latest at: /var/lib/dpkg/status"
"qubership-jaeger","grype","ghcr.io/jaegertracing/spark-dependencies/spark-dependencies:latest","CVE-2026-0861","HIGH","libc-bin","2.39-0ubuntu8.6","2.39-0ubuntu8.7","A medium vulnerability in deb package: libc-bin, version 2.39-0ubuntu8.6 was found in image ghcr.io/jaegertracing/spark-dependencies/spark-dependencies:latest at: /var/lib/dpkg/status"
"qubership-jaeger","grype","ghcr.io/jaegertracing/spark-dependencies/spark-dependencies:latest","CVE-2026-0861","HIGH","libc6","2.39-0ubuntu8.6","2.39-0ubuntu8.7","A medium vulnerability in deb package: libc6, version 2.39-0ubuntu8.6 was found in image ghcr.io/jaegertracing/spark-dependencies/spark-dependencies:latest at: /var/lib/dpkg/status"
"qubership-jaeger","grype","ghcr.io/jaegertracing/spark-dependencies/spark-dependencies:latest","CVE-2026-0861","HIGH","locales","2.39-0ubuntu8.6","2.39-0ubuntu8.7","A medium vulnerability in deb package: locales, version 2.39-0ubuntu8.6 was found in image ghcr.io/jaegertracing/spark-dependencies/spark-dependencies:latest at: /var/lib/dpkg/status"
"qubership-monitoring-operator","grype","docker.io/prometheuscommunity/stackdriver-exporter:v0.18.0","GHSA-hcg3-q754-cr77","HIGH","golang.org/x/crypto","v0.32.0","0.35.0","A high vulnerability in go-module package: golang.org/x/crypto, version v0.32.0 was found in image docker.io/prometheuscommunity/stackdriver-exporter:v0.18.0 at: /bin/stackdriver_exporter"
"qubership-monitoring-operator","grype","docker.io/prometheuscommunity/stackdriver-exporter:v0.18.0","CVE-2025-22871","CRITICAL","stdlib","go1.23.5","1.23.8,1.24.2","A critical vulnerability in go-module package: stdlib, version go1.23.5 was found in image docker.io/prometheuscommunity/stackdriver-exporter:v0.18.0 at: /bin/stackdriver_exporter"
"qubership-monitoring-operator","grype","docker.io/prometheuscommunity/stackdriver-exporter:v0.18.0","GHSA-6v2p-p543-phr9","HIGH","golang.org/x/oauth2","v0.25.0","0.27.0","A high vulnerability in go-module package: golang.org/x/oauth2, version v0.25.0 was found in image docker.io/prometheuscommunity/stackdriver-exporter:v0.18.0 at: /bin/stackdriver_exporter"
"qubership-monitoring-operator","grype","docker.io/prometheuscommunity/stackdriver-exporter:v0.18.0","CVE-2025-61723","HIGH","stdlib","go1.23.5","1.24.8,1.25.2","A high vulnerability in go-module package: stdlib, version go1.23.5 was found in image docker.io/prometheuscommunity/stackdriver-exporter:v0.18.0 at: /bin/stackdriver_exporter"
"qubership-monitoring-operator","grype","docker.io/prometheuscommunity/stackdriver-exporter:v0.18.0","CVE-2025-61725","HIGH","stdlib","go1.23.5","1.24.8,1.25.2","A high vulnerability in go-module package: stdlib, version go1.23.5 was found in image docker.io/prometheuscommunity/stackdriver-exporter:v0.18.0 at: /bin/stackdriver_exporter"
"qubership-monitoring-operator","grype","docker.io/prometheuscommunity/stackdriver-exporter:v0.18.0","CVE-2025-61726","HIGH","stdlib","go1.23.5","1.24.12,1.25.6","A high vulnerability in go-module package: stdlib, version go1.23.5 was found in image docker.io/prometheuscommunity/stackdriver-exporter:v0.18.0 at: /bin/stackdriver_exporter"
"qubership-monitoring-operator","grype","docker.io/prometheuscommunity/stackdriver-exporter:v0.18.0","CVE-2025-68121","CRITICAL","stdlib","go1.23.5","1.24.13,1.25.7,1.26.0-rc.3","A critical vulnerability in go-module package: stdlib, version go1.23.5 was found in image docker.io/prometheuscommunity/stackdriver-exporter:v0.18.0 at: /bin/stackdriver_exporter"
"qubership-monitoring-operator","grype","docker.io/prometheuscommunity/stackdriver-exporter:v0.18.0","CVE-2025-58188","HIGH","stdlib","go1.23.5","1.24.8,1.25.2","A high vulnerability in go-module package: stdlib, version go1.23.5 was found in image docker.io/prometheuscommunity/stackdriver-exporter:v0.18.0 at: /bin/stackdriver_exporter"
"qubership-monitoring-operator","grype","docker.io/prometheuscommunity/stackdriver-exporter:v0.18.0","CVE-2025-58187","HIGH","stdlib","go1.23.5","1.24.9,1.25.3","A high vulnerability in go-module package: stdlib, version go1.23.5 was found in image docker.io/prometheuscommunity/stackdriver-exporter:v0.18.0 at: /bin/stackdriver_exporter"
"qubership-monitoring-operator","grype","docker.io/prometheuscommunity/stackdriver-exporter:v0.18.0","CVE-2025-61729","HIGH","stdlib","go1.23.5","1.24.11,1.25.5","A high vulnerability in go-module package: stdlib, version go1.23.5 was found in image docker.io/prometheuscommunity/stackdriver-exporter:v0.18.0 at: /bin/stackdriver_exporter"
"qubership-monitoring-operator","grype","docker.io/prometheuscommunity/stackdriver-exporter:v0.18.0","CVE-2025-47907","HIGH","stdlib","go1.23.5","1.23.12,1.24.6","A high vulnerability in go-module package: stdlib, version go1.23.5 was found in image docker.io/prometheuscommunity/stackdriver-exporter:v0.18.0 at: /bin/stackdriver_exporter"
"qubership-monitoring-operator","grype","docker.io/prometheuscommunity/stackdriver-exporter:v0.18.0","CVE-2025-61731","HIGH","stdlib","go1.23.5","1.24.12,1.25.6","A high vulnerability in go-module package: stdlib, version go1.23.5 was found in image docker.io/prometheuscommunity/stackdriver-exporter:v0.18.0 at: /bin/stackdriver_exporter"
"qubership-monitoring-operator","grype","docker.io/prometheuscommunity/stackdriver-exporter:v0.18.0","CVE-2025-61732","HIGH","stdlib","go1.23.5","1.24.13,1.25.7","A high vulnerability in go-module package: stdlib, version go1.23.5 was found in image docker.io/prometheuscommunity/stackdriver-exporter:v0.18.0 at: /bin/stackdriver_exporter"
"qubership-monitoring-operator","grype","docker.io/prometheuscommunity/stackdriver-exporter:v0.18.0","CVE-2025-4674","HIGH","stdlib","go1.23.5","1.23.11,1.24.5","A high vulnerability in go-module package: stdlib, version go1.23.5 was found in image docker.io/prometheuscommunity/stackdriver-exporter:v0.18.0 at: /bin/stackdriver_exporter"
"qubership-monitoring-operator","grype","docker.io/victoriametrics/victoria-metrics:v1.126.0","CVE-2025-15467","CRITICAL","libcrypto3","3.5.1-r0","3.5.5-r0","A critical vulnerability in apk package: libcrypto3, version 3.5.1-r0 was found in image docker.io/victoriametrics/victoria-metrics:v1.126.0 at: /lib/apk/db/installed"
"qubership-monitoring-operator","grype","docker.io/victoriametrics/victoria-metrics:v1.126.0","CVE-2025-15467","CRITICAL","libssl3","3.5.1-r0","3.5.5-r0","A critical vulnerability in apk package: libssl3, version 3.5.1-r0 was found in image docker.io/victoriametrics/victoria-metrics:v1.126.0 at: /lib/apk/db/installed"
"qubership-monitoring-operator","grype","docker.io/victoriametrics/victoria-metrics:v1.126.0","CVE-2025-69420","HIGH","libcrypto3","3.5.1-r0","3.5.5-r0","A high vulnerability in apk package: libcrypto3, version 3.5.1-r0 was found in image docker.io/victoriametrics/victoria-metrics:v1.126.0 at: /lib/apk/db/installed"
"qubership-monitoring-operator","grype","docker.io/victoriametrics/victoria-metrics:v1.126.0","CVE-2025-69420","HIGH","libssl3","3.5.1-r0","3.5.5-r0","A high vulnerability in apk package: libssl3, version 3.5.1-r0 was found in image docker.io/victoriametrics/victoria-metrics:v1.126.0 at: /lib/apk/db/installed"
"qubership-monitoring-operator","grype","docker.io/victoriametrics/victoria-metrics:v1.126.0","CVE-2025-69421","HIGH","libcrypto3","3.5.1-r0","3.5.5-r0","A high vulnerability in apk package: libcrypto3, version 3.5.1-r0 was found in image docker.io/victoriametrics/victoria-metrics:v1.126.0 at: /lib/apk/db/installed"
"qubership-monitoring-operator","grype","docker.io/victoriametrics/victoria-metrics:v1.126.0","CVE-2025-69421","HIGH","libssl3","3.5.1-r0","3.5.5-r0","A high vulnerability in apk package: libssl3, version 3.5.1-r0 was found in image docker.io/victoriametrics/victoria-metrics:v1.126.0 at: /lib/apk/db/installed"
"qubership-monitoring-operator","grype","docker.io/victoriametrics/victoria-metrics:v1.126.0","CVE-2025-69419","HIGH","libcrypto3","3.5.1-r0","3.5.5-r0","A high vulnerability in apk package: libcrypto3, version 3.5.1-r0 was found in image docker.io/victoriametrics/victoria-metrics:v1.126.0 at: /lib/apk/db/installed"
"qubership-monitoring-operator","grype","docker.io/victoriametrics/victoria-metrics:v1.126.0","CVE-2025-69419","HIGH","libssl3","3.5.1-r0","3.5.5-r0","A high vulnerability in apk package: libssl3, version 3.5.1-r0 was found in image docker.io/victoriametrics/victoria-metrics:v1.126.0 at: /lib/apk/db/installed"
"qubership-monitoring-operator","grype","docker.io/victoriametrics/victoria-metrics:v1.126.0","CVE-2025-61723","HIGH","stdlib","go1.25.0","1.24.8,1.25.2","A high vulnerability in go-module package: stdlib, version go1.25.0 was found in image docker.io/victoriametrics/victoria-metrics:v1.126.0 at: /victoria-metrics-prod"
"qubership-monitoring-operator","grype","docker.io/victoriametrics/victoria-metrics:v1.126.0","CVE-2025-61725","HIGH","stdlib","go1.25.0","1.24.8,1.25.2","A high vulnerability in go-module package: stdlib, version go1.25.0 was found in image docker.io/victoriametrics/victoria-metrics:v1.126.0 at: /victoria-metrics-prod"
"qubership-monitoring-operator","grype","docker.io/victoriametrics/victoria-metrics:v1.126.0","CVE-2025-61726","HIGH","stdlib","go1.25.0","1.24.12,1.25.6","A high vulnerability in go-module package: stdlib, version go1.25.0 was found in image docker.io/victoriametrics/victoria-metrics:v1.126.0 at: /victoria-metrics-prod"
"qubership-monitoring-operator","grype","docker.io/victoriametrics/victoria-metrics:v1.126.0","CVE-2025-9230","HIGH","libcrypto3","3.5.1-r0","3.5.4-r0","A high vulnerability in apk package: libcrypto3, version 3.5.1-r0 was found in image docker.io/victoriametrics/victoria-metrics:v1.126.0 at: /lib/apk/db/installed"
"qubership-monitoring-operator","grype","docker.io/victoriametrics/victoria-metrics:v1.126.0","CVE-2025-9230","HIGH","libssl3","3.5.1-r0","3.5.4-r0","A high vulnerability in apk package: libssl3, version 3.5.1-r0 was found in image docker.io/victoriametrics/victoria-metrics:v1.126.0 at: /lib/apk/db/installed"
"qubership-monitoring-operator","grype","docker.io/victoriametrics/victoria-metrics:v1.126.0","CVE-2025-68121","CRITICAL","stdlib","go1.25.0","1.24.13,1.25.7,1.26.0-rc.3","A critical vulnerability in go-module package: stdlib, version go1.25.0 was found in image docker.io/victoriametrics/victoria-metrics:v1.126.0 at: /victoria-metrics-prod"
"qubership-monitoring-operator","grype","docker.io/victoriametrics/victoria-metrics:v1.126.0","CVE-2025-58188","HIGH","stdlib","go1.25.0","1.24.8,1.25.2","A high vulnerability in go-module package: stdlib, version go1.25.0 was found in image docker.io/victoriametrics/victoria-metrics:v1.126.0 at: /victoria-metrics-prod"
"qubership-monitoring-operator","grype","docker.io/victoriametrics/victoria-metrics:v1.126.0","CVE-2025-58187","HIGH","stdlib","go1.25.0","1.24.9,1.25.3","A high vulnerability in go-module package: stdlib, version go1.25.0 was found in image docker.io/victoriametrics/victoria-metrics:v1.126.0 at: /victoria-metrics-prod"
"qubership-monitoring-operator","grype","docker.io/victoriametrics/victoria-metrics:v1.126.0","CVE-2025-61729","HIGH","stdlib","go1.25.0","1.24.11,1.25.5","A high vulnerability in go-module package: stdlib, version go1.25.0 was found in image docker.io/victoriametrics/victoria-metrics:v1.126.0 at: /victoria-metrics-prod"
"qubership-monitoring-operator","grype","docker.io/victoriametrics/victoria-metrics:v1.126.0","CVE-2025-68119","HIGH","stdlib","go1.25.0","1.25.6","A high vulnerability in go-module package: stdlib, version go1.25.0 was found in image docker.io/victoriametrics/victoria-metrics:v1.126.0 at: /victoria-metrics-prod"
"qubership-monitoring-operator","grype","docker.io/victoriametrics/victoria-metrics:v1.126.0","CVE-2025-61731","HIGH","stdlib","go1.25.0","1.24.12,1.25.6","A high vulnerability in go-module package: stdlib, version go1.25.0 was found in image docker.io/victoriametrics/victoria-metrics:v1.126.0 at: /victoria-metrics-prod"
"qubership-monitoring-operator","grype","docker.io/victoriametrics/victoria-metrics:v1.126.0","CVE-2025-61732","HIGH","stdlib","go1.25.0","1.24.13,1.25.7","A high vulnerability in go-module package: stdlib, version go1.25.0 was found in image docker.io/victoriametrics/victoria-metrics:v1.126.0 at: /victoria-metrics-prod"
"qubership-monitoring-operator","grype","docker.io/victoriametrics/vmagent:v1.126.0","CVE-2025-15467","CRITICAL","libcrypto3","3.5.1-r0","3.5.5-r0","A critical vulnerability in apk package: libcrypto3, version 3.5.1-r0 was found in image docker.io/victoriametrics/vmagent:v1.126.0 at: /lib/apk/db/installed"
"qubership-monitoring-operator","grype","docker.io/victoriametrics/vmagent:v1.126.0","CVE-2025-15467","CRITICAL","libssl3","3.5.1-r0","3.5.5-r0","A critical vulnerability in apk package: libssl3, version 3.5.1-r0 was found in image docker.io/victoriametrics/vmagent:v1.126.0 at: /lib/apk/db/installed"
"qubership-monitoring-operator","grype","docker.io/victoriametrics/vmagent:v1.126.0","CVE-2025-69420","HIGH","libcrypto3","3.5.1-r0","3.5.5-r0","A high vulnerability in apk package: libcrypto3, version 3.5.1-r0 was found in image docker.io/victoriametrics/vmagent:v1.126.0 at: /lib/apk/db/installed"
"qubership-monitoring-operator","grype","docker.io/victoriametrics/vmagent:v1.126.0","CVE-2025-69420","HIGH","libssl3","3.5.1-r0","3.5.5-r0","A high vulnerability in apk package: libssl3, version 3.5.1-r0 was found in image docker.io/victoriametrics/vmagent:v1.126.0 at: /lib/apk/db/installed"
"qubership-monitoring-operator","grype","docker.io/victoriametrics/vmagent:v1.126.0","CVE-2025-69421","HIGH","libcrypto3","3.5.1-r0","3.5.5-r0","A high vulnerability in apk package: libcrypto3, version 3.5.1-r0 was found in image docker.io/victoriametrics/vmagent:v1.126.0 at: /lib/apk/db/installed"
"qubership-monitoring-operator","grype","docker.io/victoriametrics/vmagent:v1.126.0","CVE-2025-69421","HIGH","libssl3","3.5.1-r0","3.5.5-r0","A high vulnerability in apk package: libssl3, version 3.5.1-r0 was found in image docker.io/victoriametrics/vmagent:v1.126.0 at: /lib/apk/db/installed"
"qubership-monitoring-operator","grype","docker.io/victoriametrics/vmagent:v1.126.0","CVE-2025-69419","HIGH","libcrypto3","3.5.1-r0","3.5.5-r0","A high vulnerability in apk package: libcrypto3, version 3.5.1-r0 was found in image docker.io/victoriametrics/vmagent:v1.126.0 at: /lib/apk/db/installed"
"qubership-monitoring-operator","grype","docker.io/victoriametrics/vmagent:v1.126.0","CVE-2025-69419","HIGH","libssl3","3.5.1-r0","3.5.5-r0","A high vulnerability in apk package: libssl3, version 3.5.1-r0 was found in image docker.io/victoriametrics/vmagent:v1.126.0 at: /lib/apk/db/installed"
"qubership-monitoring-operator","grype","docker.io/victoriametrics/vmagent:v1.126.0","CVE-2025-61723","HIGH","stdlib","go1.25.0","1.24.8,1.25.2","A high vulnerability in go-module package: stdlib, version go1.25.0 was found in image docker.io/victoriametrics/vmagent:v1.126.0 at: /vmagent-prod"
"qubership-monitoring-operator","grype","docker.io/victoriametrics/vmagent:v1.126.0","CVE-2025-61725","HIGH","stdlib","go1.25.0","1.24.8,1.25.2","A high vulnerability in go-module package: stdlib, version go1.25.0 was found in image docker.io/victoriametrics/vmagent:v1.126.0 at: /vmagent-prod"
"qubership-monitoring-operator","grype","docker.io/victoriametrics/vmagent:v1.126.0","CVE-2025-61726","HIGH","stdlib","go1.25.0","1.24.12,1.25.6","A high vulnerability in go-module package: stdlib, version go1.25.0 was found in image docker.io/victoriametrics/vmagent:v1.126.0 at: /vmagent-prod"
"qubership-monitoring-operator","grype","docker.io/victoriametrics/vmagent:v1.126.0","CVE-2025-9230","HIGH","libcrypto3","3.5.1-r0","3.5.4-r0","A high vulnerability in apk package: libcrypto3, version 3.5.1-r0 was found in image docker.io/victoriametrics/vmagent:v1.126.0 at: /lib/apk/db/installed"
"qubership-monitoring-operator","grype","docker.io/victoriametrics/vmagent:v1.126.0","CVE-2025-9230","HIGH","libssl3","3.5.1-r0","3.5.4-r0","A high vulnerability in apk package: libssl3, version 3.5.1-r0 was found in image docker.io/victoriametrics/vmagent:v1.126.0 at: /lib/apk/db/installed"
"qubership-monitoring-operator","grype","docker.io/victoriametrics/vmagent:v1.126.0","CVE-2025-68121","CRITICAL","stdlib","go1.25.0","1.24.13,1.25.7,1.26.0-rc.3","A critical vulnerability in go-module package: stdlib, version go1.25.0 was found in image docker.io/victoriametrics/vmagent:v1.126.0 at: /vmagent-prod"
"qubership-monitoring-operator","grype","docker.io/victoriametrics/vmagent:v1.126.0","CVE-2025-58188","HIGH","stdlib","go1.25.0","1.24.8,1.25.2","A high vulnerability in go-module package: stdlib, version go1.25.0 was found in image docker.io/victoriametrics/vmagent:v1.126.0 at: /vmagent-prod"
"qubership-monitoring-operator","grype","docker.io/victoriametrics/vmagent:v1.126.0","CVE-2025-58187","HIGH","stdlib","go1.25.0","1.24.9,1.25.3","A high vulnerability in go-module package: stdlib, version go1.25.0 was found in image docker.io/victoriametrics/vmagent:v1.126.0 at: /vmagent-prod"
"qubership-monitoring-operator","grype","docker.io/victoriametrics/vmagent:v1.126.0","CVE-2025-61729","HIGH","stdlib","go1.25.0","1.24.11,1.25.5","A high vulnerability in go-module package: stdlib, version go1.25.0 was found in image docker.io/victoriametrics/vmagent:v1.126.0 at: /vmagent-prod"
"qubership-monitoring-operator","grype","docker.io/victoriametrics/vmagent:v1.126.0","CVE-2025-68119","HIGH","stdlib","go1.25.0","1.25.6","A high vulnerability in go-module package: stdlib, version go1.25.0 was found in image docker.io/victoriametrics/vmagent:v1.126.0 at: /vmagent-prod"
"qubership-monitoring-operator","grype","docker.io/victoriametrics/vmagent:v1.126.0","CVE-2025-61731","HIGH","stdlib","go1.25.0","1.24.12,1.25.6","A high vulnerability in go-module package: stdlib, version go1.25.0 was found in image docker.io/victoriametrics/vmagent:v1.126.0 at: /vmagent-prod"
"qubership-monitoring-operator","grype","docker.io/victoriametrics/vmagent:v1.126.0","CVE-2025-61732","HIGH","stdlib","go1.25.0","1.24.13,1.25.7","A high vulnerability in go-module package: stdlib, version go1.25.0 was found in image docker.io/victoriametrics/vmagent:v1.126.0 at: /vmagent-prod"
"qubership-monitoring-operator","grype","docker.io/victoriametrics/vmalert:v1.126.0","CVE-2025-15467","CRITICAL","libcrypto3","3.5.1-r0","3.5.5-r0","A critical vulnerability in apk package: libcrypto3, version 3.5.1-r0 was found in image docker.io/victoriametrics/vmalert:v1.126.0 at: /lib/apk/db/installed"
"qubership-monitoring-operator","grype","docker.io/victoriametrics/vmalert:v1.126.0","CVE-2025-15467","CRITICAL","libssl3","3.5.1-r0","3.5.5-r0","A critical vulnerability in apk package: libssl3, version 3.5.1-r0 was found in image docker.io/victoriametrics/vmalert:v1.126.0 at: /lib/apk/db/installed"
"qubership-monitoring-operator","grype","docker.io/victoriametrics/vmalert:v1.126.0","CVE-2025-69420","HIGH","libcrypto3","3.5.1-r0","3.5.5-r0","A high vulnerability in apk package: libcrypto3, version 3.5.1-r0 was found in image docker.io/victoriametrics/vmalert:v1.126.0 at: /lib/apk/db/installed"
"qubership-monitoring-operator","grype","docker.io/victoriametrics/vmalert:v1.126.0","CVE-2025-69420","HIGH","libssl3","3.5.1-r0","3.5.5-r0","A high vulnerability in apk package: libssl3, version 3.5.1-r0 was found in image docker.io/victoriametrics/vmalert:v1.126.0 at: /lib/apk/db/installed"
"qubership-monitoring-operator","grype","docker.io/victoriametrics/vmalert:v1.126.0","CVE-2025-69421","HIGH","libcrypto3","3.5.1-r0","3.5.5-r0","A high vulnerability in apk package: libcrypto3, version 3.5.1-r0 was found in image docker.io/victoriametrics/vmalert:v1.126.0 at: /lib/apk/db/installed"
"qubership-monitoring-operator","grype","docker.io/victoriametrics/vmalert:v1.126.0","CVE-2025-69421","HIGH","libssl3","3.5.1-r0","3.5.5-r0","A high vulnerability in apk package: libssl3, version 3.5.1-r0 was found in image docker.io/victoriametrics/vmalert:v1.126.0 at: /lib/apk/db/installed"
"qubership-monitoring-operator","grype","docker.io/victoriametrics/vmalert:v1.126.0","CVE-2025-69419","HIGH","libcrypto3","3.5.1-r0","3.5.5-r0","A high vulnerability in apk package: libcrypto3, version 3.5.1-r0 was found in image docker.io/victoriametrics/vmalert:v1.126.0 at: /lib/apk/db/installed"
"qubership-monitoring-operator","grype","docker.io/victoriametrics/vmalert:v1.126.0","CVE-2025-69419","HIGH","libssl3","3.5.1-r0","3.5.5-r0","A high vulnerability in apk package: libssl3, version 3.5.1-r0 was found in image docker.io/victoriametrics/vmalert:v1.126.0 at: /lib/apk/db/installed"
"qubership-monitoring-operator","grype","docker.io/victoriametrics/vmalert:v1.126.0","CVE-2025-61723","HIGH","stdlib","go1.25.0","1.24.8,1.25.2","A high vulnerability in go-module package: stdlib, version go1.25.0 was found in image docker.io/victoriametrics/vmalert:v1.126.0 at: /vmalert-prod"
"qubership-monitoring-operator","grype","docker.io/victoriametrics/vmalert:v1.126.0","CVE-2025-61725","HIGH","stdlib","go1.25.0","1.24.8,1.25.2","A high vulnerability in go-module package: stdlib, version go1.25.0 was found in image docker.io/victoriametrics/vmalert:v1.126.0 at: /vmalert-prod"
"qubership-monitoring-operator","grype","docker.io/victoriametrics/vmalert:v1.126.0","CVE-2025-61726","HIGH","stdlib","go1.25.0","1.24.12,1.25.6","A high vulnerability in go-module package: stdlib, version go1.25.0 was found in image docker.io/victoriametrics/vmalert:v1.126.0 at: /vmalert-prod"
"qubership-monitoring-operator","grype","docker.io/victoriametrics/vmalert:v1.126.0","CVE-2025-9230","HIGH","libcrypto3","3.5.1-r0","3.5.4-r0","A high vulnerability in apk package: libcrypto3, version 3.5.1-r0 was found in image docker.io/victoriametrics/vmalert:v1.126.0 at: /lib/apk/db/installed"
"qubership-monitoring-operator","grype","docker.io/victoriametrics/vmalert:v1.126.0","CVE-2025-9230","HIGH","libssl3","3.5.1-r0","3.5.4-r0","A high vulnerability in apk package: libssl3, version 3.5.1-r0 was found in image docker.io/victoriametrics/vmalert:v1.126.0 at: /lib/apk/db/installed"
"qubership-monitoring-operator","grype","docker.io/victoriametrics/vmalert:v1.126.0","CVE-2025-68121","CRITICAL","stdlib","go1.25.0","1.24.13,1.25.7,1.26.0-rc.3","A critical vulnerability in go-module package: stdlib, version go1.25.0 was found in image docker.io/victoriametrics/vmalert:v1.126.0 at: /vmalert-prod"
"qubership-monitoring-operator","grype","docker.io/victoriametrics/vmalert:v1.126.0","CVE-2025-58188","HIGH","stdlib","go1.25.0","1.24.8,1.25.2","A high vulnerability in go-module package: stdlib, version go1.25.0 was found in image docker.io/victoriametrics/vmalert:v1.126.0 at: /vmalert-prod"
"qubership-monitoring-operator","grype","docker.io/victoriametrics/vmalert:v1.126.0","CVE-2025-58187","HIGH","stdlib","go1.25.0","1.24.9,1.25.3","A high vulnerability in go-module package: stdlib, version go1.25.0 was found in image docker.io/victoriametrics/vmalert:v1.126.0 at: /vmalert-prod"
"qubership-monitoring-operator","grype","docker.io/victoriametrics/vmalert:v1.126.0","CVE-2025-61729","HIGH","stdlib","go1.25.0","1.24.11,1.25.5","A high vulnerability in go-module package: stdlib, version go1.25.0 was found in image docker.io/victoriametrics/vmalert:v1.126.0 at: /vmalert-prod"
"qubership-monitoring-operator","grype","docker.io/victoriametrics/vmalert:v1.126.0","CVE-2025-68119","HIGH","stdlib","go1.25.0","1.25.6","A high vulnerability in go-module package: stdlib, version go1.25.0 was found in image docker.io/victoriametrics/vmalert:v1.126.0 at: /vmalert-prod"
"qubership-monitoring-operator","grype","docker.io/victoriametrics/vmalert:v1.126.0","CVE-2025-61731","HIGH","stdlib","go1.25.0","1.24.12,1.25.6","A high vulnerability in go-module package: stdlib, version go1.25.0 was found in image docker.io/victoriametrics/vmalert:v1.126.0 at: /vmalert-prod"
"qubership-monitoring-operator","grype","docker.io/victoriametrics/vmalert:v1.126.0","CVE-2025-61732","HIGH","stdlib","go1.25.0","1.24.13,1.25.7","A high vulnerability in go-module package: stdlib, version go1.25.0 was found in image docker.io/victoriametrics/vmalert:v1.126.0 at: /vmalert-prod"
"qubership-monitoring-operator","grype","docker.io/victoriametrics/vmauth:v1.126.0","CVE-2025-15467","CRITICAL","libcrypto3","3.5.1-r0","3.5.5-r0","A critical vulnerability in apk package: libcrypto3, version 3.5.1-r0 was found in image docker.io/victoriametrics/vmauth:v1.126.0 at: /lib/apk/db/installed"
"qubership-monitoring-operator","grype","docker.io/victoriametrics/vmauth:v1.126.0","CVE-2025-15467","CRITICAL","libssl3","3.5.1-r0","3.5.5-r0","A critical vulnerability in apk package: libssl3, version 3.5.1-r0 was found in image docker.io/victoriametrics/vmauth:v1.126.0 at: /lib/apk/db/installed"
"qubership-monitoring-operator","grype","docker.io/victoriametrics/vmauth:v1.126.0","CVE-2025-69420","HIGH","libcrypto3","3.5.1-r0","3.5.5-r0","A high vulnerability in apk package: libcrypto3, version 3.5.1-r0 was found in image docker.io/victoriametrics/vmauth:v1.126.0 at: /lib/apk/db/installed"
"qubership-monitoring-operator","grype","docker.io/victoriametrics/vmauth:v1.126.0","CVE-2025-69420","HIGH","libssl3","3.5.1-r0","3.5.5-r0","A high vulnerability in apk package: libssl3, version 3.5.1-r0 was found in image docker.io/victoriametrics/vmauth:v1.126.0 at: /lib/apk/db/installed"
"qubership-monitoring-operator","grype","docker.io/victoriametrics/vmauth:v1.126.0","CVE-2025-69421","HIGH","libcrypto3","3.5.1-r0","3.5.5-r0","A high vulnerability in apk package: libcrypto3, version 3.5.1-r0 was found in image docker.io/victoriametrics/vmauth:v1.126.0 at: /lib/apk/db/installed"
"qubership-monitoring-operator","grype","docker.io/victoriametrics/vmauth:v1.126.0","CVE-2025-69421","HIGH","libssl3","3.5.1-r0","3.5.5-r0","A high vulnerability in apk package: libssl3, version 3.5.1-r0 was found in image docker.io/victoriametrics/vmauth:v1.126.0 at: /lib/apk/db/installed"
"qubership-monitoring-operator","grype","docker.io/victoriametrics/vmauth:v1.126.0","CVE-2025-69419","HIGH","libcrypto3","3.5.1-r0","3.5.5-r0","A high vulnerability in apk package: libcrypto3, version 3.5.1-r0 was found in image docker.io/victoriametrics/vmauth:v1.126.0 at: /lib/apk/db/installed"
"qubership-monitoring-operator","grype","docker.io/victoriametrics/vmauth:v1.126.0","CVE-2025-69419","HIGH","libssl3","3.5.1-r0","3.5.5-r0","A high vulnerability in apk package: libssl3, version 3.5.1-r0 was found in image docker.io/victoriametrics/vmauth:v1.126.0 at: /lib/apk/db/installed"
"qubership-monitoring-operator","grype","docker.io/victoriametrics/vmauth:v1.126.0","CVE-2025-61723","HIGH","stdlib","go1.25.0","1.24.8,1.25.2","A high vulnerability in go-module package: stdlib, version go1.25.0 was found in image docker.io/victoriametrics/vmauth:v1.126.0 at: /vmauth-prod"
"qubership-monitoring-operator","grype","docker.io/victoriametrics/vmauth:v1.126.0","CVE-2025-61725","HIGH","stdlib","go1.25.0","1.24.8,1.25.2","A high vulnerability in go-module package: stdlib, version go1.25.0 was found in image docker.io/victoriametrics/vmauth:v1.126.0 at: /vmauth-prod"
"qubership-monitoring-operator","grype","docker.io/victoriametrics/vmauth:v1.126.0","CVE-2025-61726","HIGH","stdlib","go1.25.0","1.24.12,1.25.6","A high vulnerability in go-module package: stdlib, version go1.25.0 was found in image docker.io/victoriametrics/vmauth:v1.126.0 at: /vmauth-prod"
"qubership-monitoring-operator","grype","docker.io/victoriametrics/vmauth:v1.126.0","CVE-2025-9230","HIGH","libcrypto3","3.5.1-r0","3.5.4-r0","A high vulnerability in apk package: libcrypto3, version 3.5.1-r0 was found in image docker.io/victoriametrics/vmauth:v1.126.0 at: /lib/apk/db/installed"
"qubership-monitoring-operator","grype","docker.io/victoriametrics/vmauth:v1.126.0","CVE-2025-9230","HIGH","libssl3","3.5.1-r0","3.5.4-r0","A high vulnerability in apk package: libssl3, version 3.5.1-r0 was found in image docker.io/victoriametrics/vmauth:v1.126.0 at: /lib/apk/db/installed"
"qubership-monitoring-operator","grype","docker.io/victoriametrics/vmauth:v1.126.0","CVE-2025-68121","CRITICAL","stdlib","go1.25.0","1.24.13,1.25.7,1.26.0-rc.3","A critical vulnerability in go-module package: stdlib, version go1.25.0 was found in image docker.io/victoriametrics/vmauth:v1.126.0 at: /vmauth-prod"
"qubership-monitoring-operator","grype","docker.io/victoriametrics/vmauth:v1.126.0","CVE-2025-58188","HIGH","stdlib","go1.25.0","1.24.8,1.25.2","A high vulnerability in go-module package: stdlib, version go1.25.0 was found in image docker.io/victoriametrics/vmauth:v1.126.0 at: /vmauth-prod"
"qubership-monitoring-operator","grype","docker.io/victoriametrics/vmauth:v1.126.0","CVE-2025-58187","HIGH","stdlib","go1.25.0","1.24.9,1.25.3","A high vulnerability in go-module package: stdlib, version go1.25.0 was found in image docker.io/victoriametrics/vmauth:v1.126.0 at: /vmauth-prod"
"qubership-monitoring-operator","grype","docker.io/victoriametrics/vmauth:v1.126.0","CVE-2025-61729","HIGH","stdlib","go1.25.0","1.24.11,1.25.5","A high vulnerability in go-module package: stdlib, version go1.25.0 was found in image docker.io/victoriametrics/vmauth:v1.126.0 at: /vmauth-prod"
"qubership-monitoring-operator","grype","docker.io/victoriametrics/vmauth:v1.126.0","CVE-2025-68119","HIGH","stdlib","go1.25.0","1.25.6","A high vulnerability in go-module package: stdlib, version go1.25.0 was found in image docker.io/victoriametrics/vmauth:v1.126.0 at: /vmauth-prod"
"qubership-monitoring-operator","grype","docker.io/victoriametrics/vmauth:v1.126.0","CVE-2025-61731","HIGH","stdlib","go1.25.0","1.24.12,1.25.6","A high vulnerability in go-module package: stdlib, version go1.25.0 was found in image docker.io/victoriametrics/vmauth:v1.126.0 at: /vmauth-prod"
"qubership-monitoring-operator","grype","docker.io/victoriametrics/vmauth:v1.126.0","CVE-2025-61732","HIGH","stdlib","go1.25.0","1.24.13,1.25.7","A high vulnerability in go-module package: stdlib, version go1.25.0 was found in image docker.io/victoriametrics/vmauth:v1.126.0 at: /vmauth-prod"
"qubership-monitoring-operator","grype","docker.io/victoriametrics/vminsert:v1.126.0-cluster","CVE-2025-15467","CRITICAL","libcrypto3","3.5.1-r0","3.5.5-r0","A critical vulnerability in apk package: libcrypto3, version 3.5.1-r0 was found in image docker.io/victoriametrics/vminsert:v1.126.0-cluster at: /lib/apk/db/installed"
"qubership-monitoring-operator","grype","docker.io/victoriametrics/vminsert:v1.126.0-cluster","CVE-2025-15467","CRITICAL","libssl3","3.5.1-r0","3.5.5-r0","A critical vulnerability in apk package: libssl3, version 3.5.1-r0 was found in image docker.io/victoriametrics/vminsert:v1.126.0-cluster at: /lib/apk/db/installed"
"qubership-monitoring-operator","grype","docker.io/victoriametrics/vminsert:v1.126.0-cluster","CVE-2025-69420","HIGH","libcrypto3","3.5.1-r0","3.5.5-r0","A high vulnerability in apk package: libcrypto3, version 3.5.1-r0 was found in image docker.io/victoriametrics/vminsert:v1.126.0-cluster at: /lib/apk/db/installed"
"qubership-monitoring-operator","grype","docker.io/victoriametrics/vminsert:v1.126.0-cluster","CVE-2025-69420","HIGH","libssl3","3.5.1-r0","3.5.5-r0","A high vulnerability in apk package: libssl3, version 3.5.1-r0 was found in image docker.io/victoriametrics/vminsert:v1.126.0-cluster at: /lib/apk/db/installed"
"qubership-monitoring-operator","grype","docker.io/victoriametrics/vminsert:v1.126.0-cluster","CVE-2025-69421","HIGH","libcrypto3","3.5.1-r0","3.5.5-r0","A high vulnerability in apk package: libcrypto3, version 3.5.1-r0 was found in image docker.io/victoriametrics/vminsert:v1.126.0-cluster at: /lib/apk/db/installed"
"qubership-monitoring-operator","grype","docker.io/victoriametrics/vminsert:v1.126.0-cluster","CVE-2025-69421","HIGH","libssl3","3.5.1-r0","3.5.5-r0","A high vulnerability in apk package: libssl3, version 3.5.1-r0 was found in image docker.io/victoriametrics/vminsert:v1.126.0-cluster at: /lib/apk/db/installed"
"qubership-monitoring-operator","grype","docker.io/victoriametrics/vminsert:v1.126.0-cluster","CVE-2025-69419","HIGH","libcrypto3","3.5.1-r0","3.5.5-r0","A high vulnerability in apk package: libcrypto3, version 3.5.1-r0 was found in image docker.io/victoriametrics/vminsert:v1.126.0-cluster at: /lib/apk/db/installed"
"qubership-monitoring-operator","grype","docker.io/victoriametrics/vminsert:v1.126.0-cluster","CVE-2025-69419","HIGH","libssl3","3.5.1-r0","3.5.5-r0","A high vulnerability in apk package: libssl3, version 3.5.1-r0 was found in image docker.io/victoriametrics/vminsert:v1.126.0-cluster at: /lib/apk/db/installed"
"qubership-monitoring-operator","grype","docker.io/victoriametrics/vminsert:v1.126.0-cluster","CVE-2025-61723","HIGH","stdlib","go1.25.0","1.24.8,1.25.2","A high vulnerability in go-module package: stdlib, version go1.25.0 was found in image docker.io/victoriametrics/vminsert:v1.126.0-cluster at: /vminsert-prod"
"qubership-monitoring-operator","grype","docker.io/victoriametrics/vminsert:v1.126.0-cluster","CVE-2025-61725","HIGH","stdlib","go1.25.0","1.24.8,1.25.2","A high vulnerability in go-module package: stdlib, version go1.25.0 was found in image docker.io/victoriametrics/vminsert:v1.126.0-cluster at: /vminsert-prod"
"qubership-monitoring-operator","grype","docker.io/victoriametrics/vminsert:v1.126.0-cluster","CVE-2025-61726","HIGH","stdlib","go1.25.0","1.24.12,1.25.6","A high vulnerability in go-module package: stdlib, version go1.25.0 was found in image docker.io/victoriametrics/vminsert:v1.126.0-cluster at: /vminsert-prod"
"qubership-monitoring-operator","grype","docker.io/victoriametrics/vminsert:v1.126.0-cluster","CVE-2025-9230","HIGH","libcrypto3","3.5.1-r0","3.5.4-r0","A high vulnerability in apk package: libcrypto3, version 3.5.1-r0 was found in image docker.io/victoriametrics/vminsert:v1.126.0-cluster at: /lib/apk/db/installed"
"qubership-monitoring-operator","grype","docker.io/victoriametrics/vminsert:v1.126.0-cluster","CVE-2025-9230","HIGH","libssl3","3.5.1-r0","3.5.4-r0","A high vulnerability in apk package: libssl3, version 3.5.1-r0 was found in image docker.io/victoriametrics/vminsert:v1.126.0-cluster at: /lib/apk/db/installed"
"qubership-monitoring-operator","grype","docker.io/victoriametrics/vminsert:v1.126.0-cluster","CVE-2025-68121","CRITICAL","stdlib","go1.25.0","1.24.13,1.25.7,1.26.0-rc.3","A critical vulnerability in go-module package: stdlib, version go1.25.0 was found in image docker.io/victoriametrics/vminsert:v1.126.0-cluster at: /vminsert-prod"
"qubership-monitoring-operator","grype","docker.io/victoriametrics/vminsert:v1.126.0-cluster","CVE-2025-58188","HIGH","stdlib","go1.25.0","1.24.8,1.25.2","A high vulnerability in go-module package: stdlib, version go1.25.0 was found in image docker.io/victoriametrics/vminsert:v1.126.0-cluster at: /vminsert-prod"
"qubership-monitoring-operator","grype","docker.io/victoriametrics/vminsert:v1.126.0-cluster","CVE-2025-58187","HIGH","stdlib","go1.25.0","1.24.9,1.25.3","A high vulnerability in go-module package: stdlib, version go1.25.0 was found in image docker.io/victoriametrics/vminsert:v1.126.0-cluster at: /vminsert-prod"
"qubership-monitoring-operator","grype","docker.io/victoriametrics/vminsert:v1.126.0-cluster","CVE-2025-61729","HIGH","stdlib","go1.25.0","1.24.11,1.25.5","A high vulnerability in go-module package: stdlib, version go1.25.0 was found in image docker.io/victoriametrics/vminsert:v1.126.0-cluster at: /vminsert-prod"
"qubership-monitoring-operator","grype","docker.io/victoriametrics/vminsert:v1.126.0-cluster","CVE-2025-68119","HIGH","stdlib","go1.25.0","1.25.6","A high vulnerability in go-module package: stdlib, version go1.25.0 was found in image docker.io/victoriametrics/vminsert:v1.126.0-cluster at: /vminsert-prod"
"qubership-monitoring-operator","grype","docker.io/victoriametrics/vminsert:v1.126.0-cluster","CVE-2025-61731","HIGH","stdlib","go1.25.0","1.24.12,1.25.6","A high vulnerability in go-module package: stdlib, version go1.25.0 was found in image docker.io/victoriametrics/vminsert:v1.126.0-cluster at: /vminsert-prod"
"qubership-monitoring-operator","grype","docker.io/victoriametrics/vminsert:v1.126.0-cluster","CVE-2025-61732","HIGH","stdlib","go1.25.0","1.24.13,1.25.7","A high vulnerability in go-module package: stdlib, version go1.25.0 was found in image docker.io/victoriametrics/vminsert:v1.126.0-cluster at: /vminsert-prod"
"qubership-monitoring-operator","grype","docker.io/victoriametrics/vmselect:v1.126.0-cluster","CVE-2025-15467","CRITICAL","libcrypto3","3.5.1-r0","3.5.5-r0","A critical vulnerability in apk package: libcrypto3, version 3.5.1-r0 was found in image docker.io/victoriametrics/vmselect:v1.126.0-cluster at: /lib/apk/db/installed"
"qubership-monitoring-operator","grype","docker.io/victoriametrics/vmselect:v1.126.0-cluster","CVE-2025-15467","CRITICAL","libssl3","3.5.1-r0","3.5.5-r0","A critical vulnerability in apk package: libssl3, version 3.5.1-r0 was found in image docker.io/victoriametrics/vmselect:v1.126.0-cluster at: /lib/apk/db/installed"
"qubership-monitoring-operator","grype","docker.io/victoriametrics/vmselect:v1.126.0-cluster","CVE-2025-69420","HIGH","libcrypto3","3.5.1-r0","3.5.5-r0","A high vulnerability in apk package: libcrypto3, version 3.5.1-r0 was found in image docker.io/victoriametrics/vmselect:v1.126.0-cluster at: /lib/apk/db/installed"
"qubership-monitoring-operator","grype","docker.io/victoriametrics/vmselect:v1.126.0-cluster","CVE-2025-69420","HIGH","libssl3","3.5.1-r0","3.5.5-r0","A high vulnerability in apk package: libssl3, version 3.5.1-r0 was found in image docker.io/victoriametrics/vmselect:v1.126.0-cluster at: /lib/apk/db/installed"
"qubership-monitoring-operator","grype","docker.io/victoriametrics/vmselect:v1.126.0-cluster","CVE-2025-69421","HIGH","libcrypto3","3.5.1-r0","3.5.5-r0","A high vulnerability in apk package: libcrypto3, version 3.5.1-r0 was found in image docker.io/victoriametrics/vmselect:v1.126.0-cluster at: /lib/apk/db/installed"
"qubership-monitoring-operator","grype","docker.io/victoriametrics/vmselect:v1.126.0-cluster","CVE-2025-69421","HIGH","libssl3","3.5.1-r0","3.5.5-r0","A high vulnerability in apk package: libssl3, version 3.5.1-r0 was found in image docker.io/victoriametrics/vmselect:v1.126.0-cluster at: /lib/apk/db/installed"
"qubership-monitoring-operator","grype","docker.io/victoriametrics/vmselect:v1.126.0-cluster","CVE-2025-69419","HIGH","libcrypto3","3.5.1-r0","3.5.5-r0","A high vulnerability in apk package: libcrypto3, version 3.5.1-r0 was found in image docker.io/victoriametrics/vmselect:v1.126.0-cluster at: /lib/apk/db/installed"
"qubership-monitoring-operator","grype","docker.io/victoriametrics/vmselect:v1.126.0-cluster","CVE-2025-69419","HIGH","libssl3","3.5.1-r0","3.5.5-r0","A high vulnerability in apk package: libssl3, version 3.5.1-r0 was found in image docker.io/victoriametrics/vmselect:v1.126.0-cluster at: /lib/apk/db/installed"
"qubership-monitoring-operator","grype","docker.io/victoriametrics/vmselect:v1.126.0-cluster","CVE-2025-61723","HIGH","stdlib","go1.25.0","1.24.8,1.25.2","A high vulnerability in go-module package: stdlib, version go1.25.0 was found in image docker.io/victoriametrics/vmselect:v1.126.0-cluster at: /vmselect-prod"
"qubership-monitoring-operator","grype","docker.io/victoriametrics/vmselect:v1.126.0-cluster","CVE-2025-61725","HIGH","stdlib","go1.25.0","1.24.8,1.25.2","A high vulnerability in go-module package: stdlib, version go1.25.0 was found in image docker.io/victoriametrics/vmselect:v1.126.0-cluster at: /vmselect-prod"
"qubership-monitoring-operator","grype","docker.io/victoriametrics/vmselect:v1.126.0-cluster","CVE-2025-61726","HIGH","stdlib","go1.25.0","1.24.12,1.25.6","A high vulnerability in go-module package: stdlib, version go1.25.0 was found in image docker.io/victoriametrics/vmselect:v1.126.0-cluster at: /vmselect-prod"
"qubership-monitoring-operator","grype","docker.io/victoriametrics/vmselect:v1.126.0-cluster","CVE-2025-9230","HIGH","libcrypto3","3.5.1-r0","3.5.4-r0","A high vulnerability in apk package: libcrypto3, version 3.5.1-r0 was found in image docker.io/victoriametrics/vmselect:v1.126.0-cluster at: /lib/apk/db/installed"
"qubership-monitoring-operator","grype","docker.io/victoriametrics/vmselect:v1.126.0-cluster","CVE-2025-9230","HIGH","libssl3","3.5.1-r0","3.5.4-r0","A high vulnerability in apk package: libssl3, version 3.5.1-r0 was found in image docker.io/victoriametrics/vmselect:v1.126.0-cluster at: /lib/apk/db/installed"
"qubership-monitoring-operator","grype","docker.io/victoriametrics/vmselect:v1.126.0-cluster","CVE-2025-68121","CRITICAL","stdlib","go1.25.0","1.24.13,1.25.7,1.26.0-rc.3","A critical vulnerability in go-module package: stdlib, version go1.25.0 was found in image docker.io/victoriametrics/vmselect:v1.126.0-cluster at: /vmselect-prod"
"qubership-monitoring-operator","grype","docker.io/victoriametrics/vmselect:v1.126.0-cluster","CVE-2025-58188","HIGH","stdlib","go1.25.0","1.24.8,1.25.2","A high vulnerability in go-module package: stdlib, version go1.25.0 was found in image docker.io/victoriametrics/vmselect:v1.126.0-cluster at: /vmselect-prod"
"qubership-monitoring-operator","grype","docker.io/victoriametrics/vmselect:v1.126.0-cluster","CVE-2025-58187","HIGH","stdlib","go1.25.0","1.24.9,1.25.3","A high vulnerability in go-module package: stdlib, version go1.25.0 was found in image docker.io/victoriametrics/vmselect:v1.126.0-cluster at: /vmselect-prod"
"qubership-monitoring-operator","grype","docker.io/victoriametrics/vmselect:v1.126.0-cluster","CVE-2025-61729","HIGH","stdlib","go1.25.0","1.24.11,1.25.5","A high vulnerability in go-module package: stdlib, version go1.25.0 was found in image docker.io/victoriametrics/vmselect:v1.126.0-cluster at: /vmselect-prod"
"qubership-monitoring-operator","grype","docker.io/victoriametrics/vmselect:v1.126.0-cluster","CVE-2025-68119","HIGH","stdlib","go1.25.0","1.25.6","A high vulnerability in go-module package: stdlib, version go1.25.0 was found in image docker.io/victoriametrics/vmselect:v1.126.0-cluster at: /vmselect-prod"
"qubership-monitoring-operator","grype","docker.io/victoriametrics/vmselect:v1.126.0-cluster","CVE-2025-61731","HIGH","stdlib","go1.25.0","1.24.12,1.25.6","A high vulnerability in go-module package: stdlib, version go1.25.0 was found in image docker.io/victoriametrics/vmselect:v1.126.0-cluster at: /vmselect-prod"
"qubership-monitoring-operator","grype","docker.io/victoriametrics/vmselect:v1.126.0-cluster","CVE-2025-61732","HIGH","stdlib","go1.25.0","1.24.13,1.25.7","A high vulnerability in go-module package: stdlib, version go1.25.0 was found in image docker.io/victoriametrics/vmselect:v1.126.0-cluster at: /vmselect-prod"
"qubership-monitoring-operator","grype","docker.io/victoriametrics/vmstorage:v1.126.0-cluster","CVE-2025-15467","CRITICAL","libcrypto3","3.5.1-r0","3.5.5-r0","A critical vulnerability in apk package: libcrypto3, version 3.5.1-r0 was found in image docker.io/victoriametrics/vmstorage:v1.126.0-cluster at: /lib/apk/db/installed"
"qubership-monitoring-operator","grype","docker.io/victoriametrics/vmstorage:v1.126.0-cluster","CVE-2025-15467","CRITICAL","libssl3","3.5.1-r0","3.5.5-r0","A critical vulnerability in apk package: libssl3, version 3.5.1-r0 was found in image docker.io/victoriametrics/vmstorage:v1.126.0-cluster at: /lib/apk/db/installed"
"qubership-monitoring-operator","grype","docker.io/victoriametrics/vmstorage:v1.126.0-cluster","CVE-2025-69420","HIGH","libcrypto3","3.5.1-r0","3.5.5-r0","A high vulnerability in apk package: libcrypto3, version 3.5.1-r0 was found in image docker.io/victoriametrics/vmstorage:v1.126.0-cluster at: /lib/apk/db/installed"
"qubership-monitoring-operator","grype","docker.io/victoriametrics/vmstorage:v1.126.0-cluster","CVE-2025-69420","HIGH","libssl3","3.5.1-r0","3.5.5-r0","A high vulnerability in apk package: libssl3, version 3.5.1-r0 was found in image docker.io/victoriametrics/vmstorage:v1.126.0-cluster at: /lib/apk/db/installed"
"qubership-monitoring-operator","grype","docker.io/victoriametrics/vmstorage:v1.126.0-cluster","CVE-2025-69421","HIGH","libcrypto3","3.5.1-r0","3.5.5-r0","A high vulnerability in apk package: libcrypto3, version 3.5.1-r0 was found in image docker.io/victoriametrics/vmstorage:v1.126.0-cluster at: /lib/apk/db/installed"
"qubership-monitoring-operator","grype","docker.io/victoriametrics/vmstorage:v1.126.0-cluster","CVE-2025-69421","HIGH","libssl3","3.5.1-r0","3.5.5-r0","A high vulnerability in apk package: libssl3, version 3.5.1-r0 was found in image docker.io/victoriametrics/vmstorage:v1.126.0-cluster at: /lib/apk/db/installed"
"qubership-monitoring-operator","grype","docker.io/victoriametrics/vmstorage:v1.126.0-cluster","CVE-2025-69419","HIGH","libcrypto3","3.5.1-r0","3.5.5-r0","A high vulnerability in apk package: libcrypto3, version 3.5.1-r0 was found in image docker.io/victoriametrics/vmstorage:v1.126.0-cluster at: /lib/apk/db/installed"
"qubership-monitoring-operator","grype","docker.io/victoriametrics/vmstorage:v1.126.0-cluster","CVE-2025-69419","HIGH","libssl3","3.5.1-r0","3.5.5-r0","A high vulnerability in apk package: libssl3, version 3.5.1-r0 was found in image docker.io/victoriametrics/vmstorage:v1.126.0-cluster at: /lib/apk/db/installed"
"qubership-monitoring-operator","grype","docker.io/victoriametrics/vmstorage:v1.126.0-cluster","CVE-2025-61723","HIGH","stdlib","go1.25.0","1.24.8,1.25.2","A high vulnerability in go-module package: stdlib, version go1.25.0 was found in image docker.io/victoriametrics/vmstorage:v1.126.0-cluster at: /vmstorage-prod"
"qubership-monitoring-operator","grype","docker.io/victoriametrics/vmstorage:v1.126.0-cluster","CVE-2025-61725","HIGH","stdlib","go1.25.0","1.24.8,1.25.2","A high vulnerability in go-module package: stdlib, version go1.25.0 was found in image docker.io/victoriametrics/vmstorage:v1.126.0-cluster at: /vmstorage-prod"
"qubership-monitoring-operator","grype","docker.io/victoriametrics/vmstorage:v1.126.0-cluster","CVE-2025-61726","HIGH","stdlib","go1.25.0","1.24.12,1.25.6","A high vulnerability in go-module package: stdlib, version go1.25.0 was found in image docker.io/victoriametrics/vmstorage:v1.126.0-cluster at: /vmstorage-prod"
"qubership-monitoring-operator","grype","docker.io/victoriametrics/vmstorage:v1.126.0-cluster","CVE-2025-9230","HIGH","libcrypto3","3.5.1-r0","3.5.4-r0","A high vulnerability in apk package: libcrypto3, version 3.5.1-r0 was found in image docker.io/victoriametrics/vmstorage:v1.126.0-cluster at: /lib/apk/db/installed"
"qubership-monitoring-operator","grype","docker.io/victoriametrics/vmstorage:v1.126.0-cluster","CVE-2025-9230","HIGH","libssl3","3.5.1-r0","3.5.4-r0","A high vulnerability in apk package: libssl3, version 3.5.1-r0 was found in image docker.io/victoriametrics/vmstorage:v1.126.0-cluster at: /lib/apk/db/installed"
"qubership-monitoring-operator","grype","docker.io/victoriametrics/vmstorage:v1.126.0-cluster","CVE-2025-68121","CRITICAL","stdlib","go1.25.0","1.24.13,1.25.7,1.26.0-rc.3","A critical vulnerability in go-module package: stdlib, version go1.25.0 was found in image docker.io/victoriametrics/vmstorage:v1.126.0-cluster at: /vmstorage-prod"
"qubership-monitoring-operator","grype","docker.io/victoriametrics/vmstorage:v1.126.0-cluster","CVE-2025-58188","HIGH","stdlib","go1.25.0","1.24.8,1.25.2","A high vulnerability in go-module package: stdlib, version go1.25.0 was found in image docker.io/victoriametrics/vmstorage:v1.126.0-cluster at: /vmstorage-prod"
"qubership-monitoring-operator","grype","docker.io/victoriametrics/vmstorage:v1.126.0-cluster","CVE-2025-58187","HIGH","stdlib","go1.25.0","1.24.9,1.25.3","A high vulnerability in go-module package: stdlib, version go1.25.0 was found in image docker.io/victoriametrics/vmstorage:v1.126.0-cluster at: /vmstorage-prod"
"qubership-monitoring-operator","grype","docker.io/victoriametrics/vmstorage:v1.126.0-cluster","CVE-2025-61729","HIGH","stdlib","go1.25.0","1.24.11,1.25.5","A high vulnerability in go-module package: stdlib, version go1.25.0 was found in image docker.io/victoriametrics/vmstorage:v1.126.0-cluster at: /vmstorage-prod"
"qubership-monitoring-operator","grype","docker.io/victoriametrics/vmstorage:v1.126.0-cluster","CVE-2025-68119","HIGH","stdlib","go1.25.0","1.25.6","A high vulnerability in go-module package: stdlib, version go1.25.0 was found in image docker.io/victoriametrics/vmstorage:v1.126.0-cluster at: /vmstorage-prod"
"qubership-monitoring-operator","grype","docker.io/victoriametrics/vmstorage:v1.126.0-cluster","CVE-2025-61731","HIGH","stdlib","go1.25.0","1.24.12,1.25.6","A high vulnerability in go-module package: stdlib, version go1.25.0 was found in image docker.io/victoriametrics/vmstorage:v1.126.0-cluster at: /vmstorage-prod"
"qubership-monitoring-operator","grype","docker.io/victoriametrics/vmstorage:v1.126.0-cluster","CVE-2025-61732","HIGH","stdlib","go1.25.0","1.24.13,1.25.7","A high vulnerability in go-module package: stdlib, version go1.25.0 was found in image docker.io/victoriametrics/vmstorage:v1.126.0-cluster at: /vmstorage-prod"
